Marital status,Application mode,Application order,Course,Daytime/evening attendance,Previous qualification,Nacionality,Mother's qualification,Father's qualification,Mother's occupation,Father's occupation,Displaced,Educational special needs,Debtor,Tuition fees up to date,Gender,Scholarship holder,Age at enrollment,International,Curricular units 1st sem (credited),Curricular units 1st sem (enrolled),Curricular units 1st sem (evaluations),Curricular units 1st sem (approved),Curricular units 1st sem (grade),Curricular units 1st sem (without evaluations),Curricular units 2nd sem (credited),Curricular units 2nd sem (enrolled),Curricular units 2nd sem (evaluations),Curricular units 2nd sem (approved),Curricular units 2nd sem (grade),Curricular units 2nd sem (without evaluations),Unemployment rate,Inflation rate,GDP,Target,Target_encoded,Risk_binary,Approval_rate_sem1,Failure_rate_sem1,Approval_rate_sem2,Failure_rate_sem2,Grade_change,Approved_change,Stress_indicator
1,8,5,2,1,1,1,13,10,6,10,1,0,0,1,1,0,20,0,0,0,0,0,0.0,0,0,0,0,0,0.0,0,10.8,1.4,1.74,Dropout,0,1,0.0,1.0,0.0,1.0,0.0,0,5.5
1,6,1,11,1,1,1,1,3,4,4,1,0,0,0,1,0,19,0,0,6,6,6,14.0,0,0,6,6,6,13.666666666666666,0,13.9,-0.3,0.79,Graduate,2,0,1.0,0.0,1.0,0.0,-0.3333333333333339,0,1.25
1,1,5,5,1,1,1,22,27,10,10,1,0,0,0,1,0,19,0,0,6,0,0,0.0,0,0,6,0,0,0.0,0,10.8,1.4,1.74,Dropout,0,1,0.0,1.0,0.0,1.0,0.0,0,6.75
1,8,2,15,1,1,1,23,27,6,4,1,0,0,1,0,0,20,0,0,6,8,6,13.428571428571429,0,0,6,10,5,12.4,0,9.4,-0.8,-3.12,Graduate,2,0,1.0,0.0,0.8333333333333334,0.16666666666666663,-1.0285714285714285,-1,0.88
2,12,1,3,0,1,1,22,28,10,10,0,0,0,1,0,0,45,0,0,6,9,5,12.333333333333334,0,0,6,6,6,13.0,0,13.9,-0.3,0.79,Graduate,2,0,0.8333333333333334,0.16666666666666663,1.0,0.0,0.6666666666666661,1,1.56
2,12,1,17,0,12,1,22,27,10,8,0,0,1,1,1,0,50,0,0,5,10,5,11.857142857142858,0,0,5,17,5,11.5,5,16.2,0.3,-0.92,Graduate,2,0,1.0,0.0,1.0,0.0,-0.35714285714285765,0,3.0
1,1,1,12,1,1,1,13,28,8,11,1,0,0,1,0,1,18,0,0,7,9,7,13.3,0,0,8,8,8,14.345,0,15.5,2.8,-4.06,Graduate,2,0,1.0,0.0,1.0,0.0,1.045,1,0.78
1,9,4,11,1,1,1,22,27,10,10,1,0,0,0,1,0,22,0,0,5,5,0,0.0,0,0,5,5,0,0.0,0,15.5,2.8,-4.06,Dropout,0,1,0.0,1.0,0.0,1.0,0.0,0,6.75
1,1,3,10,1,1,15,1,1,10,10,0,0,0,1,0,1,21,1,0,6,8,6,13.875,0,0,6,7,6,14.142857142857142,0,16.2,0.3,-0.92,Graduate,2,0,1.0,0.0,1.0,0.0,0.26785714285714235,0,0.88
1,1,1,10,1,1,1,1,14,5,8,1,0,1,0,0,0,18,0,0,6,9,5,11.4,0,0,6,14,2,13.5,0,8.9,1.4,3.51,Dropout,0,1,0.8333333333333334,0.16666666666666663,0.3333333333333333,0.6666666666666667,2.0999999999999996,-3,4.06
1,1,1,14,1,1,1,23,14,6,8,1,0,0,1,0,0,18,0,0,6,6,6,12.333333333333334,0,0,6,7,5,14.2,0,13.9,-0.3,0.79,Graduate,2,0,1.0,0.0,0.8333333333333334,0.16666666666666663,1.8666666666666654,-1,0.0
1,1,1,12,1,1,1,13,28,10,10,1,0,0,1,0,1,18,0,0,8,8,7,13.214285714285714,0,0,8,8,7,13.214285714285714,0,12.7,3.7,-1.7,Graduate,2,0,0.875,0.125,0.875,0.125,0.0,0,0.44
1,1,2,16,1,1,1,13,27,5,10,1,0,0,1,0,0,19,0,0,6,6,0,0.0,0,0,6,0,0,0.0,0,12.7,3.7,-1.7,Dropout,0,1,0.0,1.0,0.0,1.0,0.0,0,5.5
1,17,1,11,1,16,1,1,1,5,8,1,0,0,1,0,1,21,0,0,6,7,6,10.571428571428571,0,0,6,8,5,11.0,0,8.9,1.4,3.51,Graduate,2,0,1.0,0.0,0.8333333333333334,0.16666666666666663,0.4285714285714288,-1,0.5
1,1,1,6,1,1,1,23,27,6,6,1,0,0,1,0,1,18,0,0,5,7,4,13.25,0,0,5,5,5,12.0,0,10.8,1.4,1.74,Graduate,2,0,0.8,0.19999999999999996,1.0,0.0,-1.25,1,1.5
1,1,1,15,1,1,1,13,27,10,4,1,0,0,1,0,0,20,0,0,6,6,5,13.2,0,0,6,7,0,0.0,0,15.5,2.8,-4.06,Dropout,0,1,0.8333333333333334,0.16666666666666663,0.0,1.0,-13.2,-5,0.58
1,9,1,10,1,1,1,13,28,6,9,1,0,0,1,0,0,18,0,0,6,10,1,12.0,0,0,6,14,2,11.0,0,10.8,1.4,1.74,Enrolled,1,0,0.16666666666666666,0.8333333333333334,0.3333333333333333,0.6666666666666667,-1.0,1,3.15
1,8,2,12,1,1,1,13,1,6,5,1,0,0,1,0,0,18,0,0,7,8,7,13.30625,0,0,8,8,8,14.545,0,15.5,2.8,-4.06,Graduate,2,0,1.0,0.0,1.0,0.0,1.2387499999999996,1,0.44
1,1,1,8,1,1,1,3,14,4,6,1,0,0,1,0,0,20,0,0,5,8,4,12.5,1,0,5,8,4,12.25,2,10.8,1.4,1.74,Graduate,2,0,0.8,0.19999999999999996,0.8,0.19999999999999996,-0.25,0,2.15
1,1,1,16,1,1,1,13,14,8,8,1,0,0,1,0,0,18,0,0,7,7,6,11.666666666666666,0,0,7,8,6,13.5,0,16.2,0.3,-0.92,Enrolled,1,0,0.8571428571428571,0.1428571428571429,0.8571428571428571,0.1428571428571429,1.833333333333334,0,0.5
1,1,3,2,1,1,1,1,1,10,9,0,0,0,1,0,1,21,0,0,0,0,0,0.0,0,0,0,0,0,0.0,0,11.1,0.6,2.02,Graduate,2,0,0.0,1.0,0.0,1.0,0.0,0,5.5
1,9,4,13,1,1,1,1,28,5,8,1,0,0,1,0,0,20,0,0,7,14,7,11.4375,0,0,8,9,8,11.425,0,12.7,3.7,-1.7,Enrolled,1,0,1.0,0.0,1.0,0.0,-0.01249999999999929,1,1.75
1,1,4,12,1,1,1,13,14,2,2,1,0,0,1,0,0,18,0,0,8,12,7,12.857142857142858,0,0,8,12,7,12.857142857142858,0,12.7,3.7,-1.7,Graduate,2,0,0.875,0.125,0.875,0.125,0.0,0,1.46
1,1,4,14,1,1,1,1,28,5,8,1,0,0,1,0,1,19,0,0,6,8,6,13.375,0,0,6,7,6,12.285714285714286,0,11.1,0.6,2.02,Graduate,2,0,1.0,0.0,1.0,0.0,-1.0892857142857135,0,0.88
1,1,1,12,1,1,1,13,14,4,8,0,0,0,1,0,0,19,0,0,7,8,6,13.296666666666669,0,0,8,9,7,14.114285714285714,0,11.1,0.6,2.02,Graduate,2,0,0.8571428571428571,0.1428571428571429,0.875,0.125,0.8176190476190452,1,0.88
1,1,1,10,1,1,1,13,28,10,10,1,0,1,1,0,1,18,0,0,6,8,5,11.6,0,0,6,12,4,11.0,0,7.6,2.6,0.32,Enrolled,1,0,0.8333333333333334,0.16666666666666663,0.6666666666666666,0.33333333333333337,-0.5999999999999996,-1,2.56
1,8,2,10,1,1,1,13,28,8,9,1,0,0,1,0,0,21,0,0,6,9,6,11.375,0,0,6,9,6,13.285714285714286,0,16.2,0.3,-0.92,Graduate,2,0,1.0,0.0,1.0,0.0,1.9107142857142865,0,1.17
1,1,1,6,1,1,1,13,14,4,4,1,0,0,1,0,0,18,0,0,5,9,5,12.666666666666666,2,0,5,7,4,13.0,0,9.4,-0.8,-3.12,Enrolled,1,0,1.0,0.0,0.8,0.19999999999999996,0.3333333333333339,-1,2.36
1,1,1,9,1,1,1,13,1,10,10,1,0,0,1,0,0,20,0,0,5,6,5,12.0,0,0,5,6,5,12.333333333333334,0,16.2,0.3,-0.92,Graduate,2,0,1.0,0.0,1.0,0.0,0.3333333333333339,0,0.58
1,8,2,12,1,1,1,3,3,2,11,1,0,0,1,1,0,19,0,0,7,9,6,12.933333333333332,0,0,7,7,6,13.716666666666669,0,16.2,0.3,-0.92,Enrolled,1,0,0.8571428571428571,0.1428571428571429,0.8571428571428571,0.1428571428571429,0.7833333333333368,0,1.17
1,15,1,4,1,14,1,4,5,5,3,0,0,0,1,1,0,21,0,0,6,15,5,11.857142857142858,0,0,6,17,5,10.571428571428571,0,16.2,0.3,-0.92,Enrolled,1,0,0.8333333333333334,0.16666666666666663,0.8333333333333334,0.16666666666666663,-1.2857142857142865,0,2.33
1,16,1,5,1,1,1,27,3,16,22,1,0,0,1,1,0,20,0,2,6,7,6,12.833333333333334,0,0,6,9,4,13.4,0,8.9,1.4,3.51,Graduate,2,0,1.0,0.0,0.6666666666666666,0.33333333333333337,0.5666666666666664,-2,0.5
1,1,1,9,1,1,1,1,1,5,7,0,0,0,0,1,0,18,0,0,5,9,3,11.333333333333334,0,0,5,8,2,13.5,0,8.9,1.4,3.51,Enrolled,1,0,0.6,0.4,0.4,0.6,2.166666666666666,-1,3.58
1,9,1,3,0,1,1,13,1,10,6,1,0,0,1,0,0,19,0,0,6,6,6,12.666666666666666,0,0,6,8,6,14.375,0,12.4,0.5,1.79,Graduate,2,0,1.0,0.0,1.0,0.0,1.708333333333334,0,0.0
1,1,1,17,0,1,1,2,27,4,10,0,0,0,1,1,0,34,0,0,5,6,5,12.4,0,0,5,9,5,13.428571428571429,0,13.9,-0.3,0.79,Graduate,2,0,1.0,0.0,1.0,0.0,1.0285714285714285,0,0.58
1,12,1,1,1,1,1,23,27,10,7,0,0,1,0,1,0,37,0,0,7,7,0,0.0,0,0,7,7,1,10.0,0,8.9,1.4,3.51,Dropout,0,1,0.0,1.0,0.14285714285714285,0.8571428571428572,10.0,1,8.0
1,12,1,7,1,8,1,19,27,1,1,1,0,0,1,1,0,43,0,0,5,0,0,0.0,0,0,5,0,0,0.0,0,7.6,2.6,0.32,Dropout,0,1,0.0,1.0,0.0,1.0,0.0,0,5.5
1,14,1,9,1,1,1,22,27,7,7,0,0,0,1,0,0,55,0,0,5,10,1,10.0,0,0,5,8,2,12.0,2,16.2,0.3,-0.92,Dropout,0,1,0.2,0.8,0.4,0.6,2.0,1,3.15
4,12,1,17,0,1,1,13,14,10,4,1,0,0,1,0,0,39,0,0,5,8,5,11.0,0,0,5,5,5,11.6,0,7.6,2.6,0.32,Graduate,2,0,1.0,0.0,1.0,0.0,0.5999999999999996,0,1.31
1,15,1,8,1,14,3,4,4,4,7,0,0,1,0,0,0,20,1,2,6,13,3,11.666666666666666,0,1,6,11,3,12.0,0,12.4,0.5,1.79,Dropout,0,1,0.5,0.5,0.5,0.5,0.3333333333333339,0,5.19
1,1,5,15,1,1,1,3,3,3,3,0,0,1,1,0,0,18,0,0,6,6,4,12.75,0,0,5,5,0,0.0,0,12.7,3.7,-1.7,Dropout,0,1,0.6666666666666666,0.33333333333333337,0.0,1.0,-12.75,-4,2.42
1,1,2,9,1,1,1,3,14,3,8,1,0,0,1,0,0,22,0,0,5,5,5,14.8,0,0,5,5,5,15.8,0,8.9,1.4,3.51,Graduate,2,0,1.0,0.0,1.0,0.0,1.0,0,0.0
1,1,6,12,1,1,1,1,3,3,3,1,1,0,1,0,0,22,0,0,7,9,5,13.928,0,0,8,9,7,14.342857142857142,0,11.1,0.6,2.02,Graduate,2,0,0.7142857142857143,0.2857142857142857,0.875,0.125,0.4148571428571408,2,1.56
1,8,1,15,1,1,1,1,28,6,6,0,0,0,0,0,0,20,0,0,6,7,4,13.0,0,0,6,7,5,13.8,0,12.4,0.5,1.79,Dropout,0,1,0.6666666666666666,0.33333333333333337,0.8333333333333334,0.16666666666666663,0.8000000000000007,1,2.75
1,12,1,17,0,1,1,22,27,10,10,0,0,0,1,0,0,29,0,0,5,0,0,0.0,0,0,5,0,0,0.0,0,16.2,0.3,-0.92,Dropout,0,1,0.0,1.0,0.0,1.0,0.0,0,5.5
1,8,1,17,0,1,1,23,28,5,6,0,0,0,1,0,0,24,0,0,5,9,2,11.5,0,0,5,11,3,14.333333333333334,1,7.6,2.6,0.32,Enrolled,1,0,0.4,0.6,0.6,0.4,2.833333333333334,1,2.72
1,8,2,10,1,1,1,13,14,10,10,1,0,0,1,0,0,18,0,0,6,6,6,11.666666666666666,0,0,6,8,5,13.2,0,11.1,0.6,2.02,Graduate,2,0,1.0,0.0,0.8333333333333334,0.16666666666666663,1.5333333333333332,-1,0.0
1,8,6,12,1,1,1,22,14,8,8,1,0,0,1,0,1,22,0,0,7,8,6,13.516666666666666,0,0,8,9,7,13.771428571428572,0,11.1,0.6,2.02,Graduate,2,0,0.8571428571428571,0.1428571428571429,0.875,0.125,0.2547619047619065,1,0.88
1,15,1,3,0,14,1,1,14,10,10,0,0,0,1,0,1,21,0,3,6,6,6,11.5,0,2,6,7,6,13.285714285714286,0,12.4,0.5,1.79,Graduate,2,0,1.0,0.0,1.0,0.0,1.7857142857142865,0,0.0
1,1,1,10,1,1,1,22,28,10,10,0,0,0,1,0,1,19,0,0,6,7,5,12.333333333333334,0,0,6,7,6,12.833333333333334,0,12.7,3.7,-1.7,Graduate,2,0,0.8333333333333334,0.16666666666666663,1.0,0.0,0.5,1,1.0
1,12,1,11,1,1,1,13,28,10,8,0,0,0,1,0,1,24,0,0,6,6,6,13.666666666666666,0,0,6,6,6,14.166666666666666,0,12.4,0.5,1.79,Graduate,2,0,1.0,0.0,1.0,0.0,0.5,0,0.0
1,1,1,12,1,1,1,22,28,7,7,1,0,0,1,0,1,19,0,0,8,10,6,11.833333333333334,0,0,8,10,6,11.833333333333334,0,9.4,-0.8,-3.12,Enrolled,1,0,0.75,0.25,0.75,0.25,0.0,0,1.4
1,1,1,15,1,1,1,1,14,8,8,1,0,0,1,0,1,20,0,0,6,11,4,14.0,0,0,6,12,3,11.0,0,9.4,-0.8,-3.12,Enrolled,1,0,0.6666666666666666,0.33333333333333337,0.5,0.5,-3.0,-1,2.23
1,1,3,8,1,1,1,22,27,12,12,0,0,0,1,0,0,19,0,0,5,7,5,14.714285714285714,0,0,5,5,5,15.8,0,7.6,2.6,0.32,Graduate,2,0,1.0,0.0,1.0,0.0,1.0857142857142872,0,1.0
1,12,1,17,0,1,1,23,28,10,10,0,0,0,1,0,0,27,0,0,5,12,5,10.6,0,0,5,10,5,11.0,0,9.4,-0.8,-3.12,Dropout,0,1,1.0,0.0,1.0,0.0,0.40000000000000036,0,2.04
1,1,1,12,1,1,1,1,14,6,6,1,0,0,1,0,0,18,0,0,7,9,7,13.044444444444444,0,0,8,10,8,13.595,0,15.5,2.8,-4.06,Graduate,2,0,1.0,0.0,1.0,0.0,0.5505555555555564,1,0.78
2,4,1,11,1,3,1,1,3,5,4,0,0,0,1,0,0,39,0,0,6,10,0,0.0,0,0,6,6,0,0.0,0,12.4,0.5,1.79,Dropout,0,1,0.0,1.0,0.0,1.0,0.0,0,5.5
1,12,1,8,1,15,1,3,3,3,3,1,0,0,1,0,0,27,0,0,6,9,5,13.0,0,5,11,13,10,12.9,0,12.4,0.5,1.79,Dropout,0,1,0.8333333333333334,0.16666666666666663,0.9090909090909091,0.09090909090909094,-0.09999999999999964,5,1.56
1,8,1,12,1,1,1,23,28,8,11,1,0,0,1,0,0,18,0,0,8,8,8,14.935,0,0,8,8,8,14.935,0,9.4,-0.8,-3.12,Graduate,2,0,1.0,0.0,1.0,0.0,0.0,0,0.0
1,1,3,2,1,1,1,23,27,5,10,1,0,0,1,0,0,18,0,0,0,0,0,0.0,0,0,0,0,0,0.0,0,7.6,2.6,0.32,Enrolled,1,0,0.0,1.0,0.0,1.0,0.0,0,5.5
1,1,2,12,1,1,1,13,14,10,10,0,0,0,1,0,0,18,0,0,7,8,6,13.133333333333333,0,0,8,12,7,12.221428571428572,0,16.2,0.3,-0.92,Graduate,2,0,0.8571428571428571,0.1428571428571429,0.875,0.125,-0.9119047619047613,1,0.88
1,15,1,10,1,14,1,13,1,10,10,0,0,0,1,0,1,21,0,3,6,7,6,12.0,0,2,6,7,6,12.0,0,13.9,-0.3,0.79,Graduate,2,0,1.0,0.0,1.0,0.0,0.0,0,0.5
1,8,3,2,1,1,1,1,27,5,8,1,0,0,1,1,1,19,0,0,0,0,0,0.0,0,0,0,0,0,0.0,0,10.8,1.4,1.74,Enrolled,1,0,0.0,1.0,0.0,1.0,0.0,0,5.5
1,8,1,5,1,1,1,1,1,4,5,1,0,0,1,1,0,19,0,0,6,6,5,11.4,0,0,6,8,1,10.0,0,10.8,1.4,1.74,Enrolled,1,0,0.8333333333333334,0.16666666666666663,0.16666666666666666,0.8333333333333334,-1.4000000000000004,-4,0.58
1,14,1,5,1,1,1,1,1,4,4,0,0,0,1,1,0,24,0,0,6,6,0,0.0,0,0,6,6,0,0.0,0,12.7,3.7,-1.7,Enrolled,1,0,0.0,1.0,0.0,1.0,0.0,0,5.5
4,13,1,12,1,12,1,1,1,6,6,1,0,0,1,1,0,29,0,2,7,10,5,11.9,0,1,8,10,5,11.0,0,13.9,-0.3,0.79,Dropout,0,1,0.7142857142857143,0.2857142857142857,0.625,0.375,-0.9000000000000004,0,1.75
1,1,3,2,1,1,1,13,14,6,4,1,0,0,1,1,1,19,0,0,0,0,0,0.0,0,0,0,0,0,0.0,0,10.8,1.4,1.74,Graduate,2,0,0.0,1.0,0.0,1.0,0.0,0,5.5
1,15,1,4,1,14,1,13,27,10,10,1,0,0,1,1,0,23,0,0,6,8,6,12.571428571428571,0,0,6,7,6,12.428571428571429,0,8.9,1.4,3.51,Graduate,2,0,1.0,0.0,1.0,0.0,-0.14285714285714235,0,0.88
1,1,3,9,1,1,1,1,28,8,8,0,0,1,1,1,0,19,0,0,5,8,5,11.2,0,0,5,10,4,10.75,3,16.2,0.3,-0.92,Dropout,0,1,1.0,0.0,0.8,0.19999999999999996,-0.4499999999999993,-1,2.56
1,12,1,11,1,1,1,13,27,8,11,0,0,0,1,1,0,26,0,0,6,7,6,12.0,0,0,6,8,5,10.8,0,12.7,3.7,-1.7,Enrolled,1,0,1.0,0.0,0.8333333333333334,0.16666666666666663,-1.1999999999999993,-1,0.5
1,8,1,9,1,1,1,23,27,6,6,0,0,0,1,1,0,18,0,0,5,9,0,0.0,0,0,5,5,0,0.0,0,7.6,2.6,0.32,Enrolled,1,0,0.0,1.0,0.0,1.0,0.0,0,5.5
1,8,1,12,1,1,1,22,14,9,5,0,0,0,1,1,0,24,0,0,7,8,7,11.975,0,0,8,8,8,13.75,0,13.9,-0.3,0.79,Graduate,2,0,1.0,0.0,1.0,0.0,1.7750000000000004,1,0.44
1,1,1,2,1,1,1,13,14,6,11,1,0,0,1,1,0,19,0,0,0,0,0,0.0,0,0,0,0,0,0.0,0,15.5,2.8,-4.06,Dropout,0,1,0.0,1.0,0.0,1.0,0.0,0,5.5
1,8,4,11,1,1,1,23,27,6,8,1,0,0,1,1,0,18,0,0,6,12,3,11.666666666666666,0,0,6,12,1,12.0,0,12.4,0.5,1.79,Dropout,0,1,0.5,0.5,0.16666666666666666,0.8333333333333334,0.3333333333333339,-2,2.62
1,1,2,15,1,1,1,23,28,10,10,1,0,0,1,1,0,18,0,0,6,8,6,12.333333333333334,0,0,6,11,3,12.333333333333334,0,10.8,1.4,1.74,Graduate,2,0,1.0,0.0,0.5,0.5,0.0,-3,0.88
1,8,3,9,1,1,1,13,14,5,8,1,0,1,1,1,0,18,0,0,5,8,3,10.333333333333334,0,0,5,11,3,10.857142857142858,0,10.8,1.4,1.74,Dropout,0,1,0.6,0.4,0.6,0.4,0.5238095238095237,0,3.44
1,9,4,11,1,1,1,13,27,8,8,1,0,0,1,1,1,21,0,0,6,8,4,10.5,0,0,6,11,1,11.0,0,9.4,-0.8,-3.12,Dropout,0,1,0.6666666666666666,0.33333333333333337,0.16666666666666666,0.8333333333333334,0.5,-3,1.75
1,8,4,15,1,1,1,1,14,10,9,1,0,1,1,1,1,19,0,0,6,6,6,13.666666666666666,0,0,6,6,6,13.333333333333334,0,8.9,1.4,3.51,Graduate,2,0,1.0,0.0,1.0,0.0,-0.33333333333333215,0,1.25
1,8,4,12,1,1,1,23,27,10,10,0,0,0,1,1,1,22,0,0,7,7,7,14.842857142857142,0,0,8,9,8,15.055555555555555,0,16.2,0.3,-0.92,Graduate,2,0,1.0,0.0,1.0,0.0,0.21269841269841372,1,0.0
2,12,1,3,0,1,1,22,27,10,7,0,0,0,1,1,0,33,0,0,6,8,6,12.0,0,0,6,6,6,11.666666666666666,0,10.8,1.4,1.74,Graduate,2,0,1.0,0.0,1.0,0.0,-0.3333333333333339,0,0.88
1,1,6,16,1,1,1,13,14,10,10,1,0,0,1,1,0,20,0,0,6,8,5,12.2,0,0,6,7,5,12.2,0,10.8,1.4,1.74,Dropout,0,1,0.8333333333333334,0.16666666666666663,0.8333333333333334,0.16666666666666663,0.0,0,1.31
1,12,1,17,0,2,1,3,3,3,3,1,0,0,1,1,0,35,0,0,1,1,0,0.0,1,0,5,0,0,0.0,0,10.8,1.4,1.74,Dropout,0,1,0.0,1.0,0.0,1.0,0.0,0,7.5
1,12,1,4,1,4,1,3,3,5,3,0,0,1,1,1,0,24,0,6,12,17,6,12.166666666666666,0,7,12,14,10,13.3,0,12.4,0.5,1.79,Dropout,0,1,0.5,0.5,0.8333333333333334,0.16666666666666663,1.1333333333333346,4,3.51
1,8,1,11,1,1,1,13,14,5,5,0,0,0,1,1,0,18,0,0,5,6,5,12.0,0,0,5,8,3,11.333333333333334,0,12.7,3.7,-1.7,Enrolled,1,0,1.0,0.0,0.6,0.4,-0.6666666666666661,-2,0.58
2,12,1,3,0,1,1,22,27,10,7,1,0,0,1,0,0,33,0,0,6,7,6,11.0,0,0,6,11,5,11.0,0,9.4,-0.8,-3.12,Graduate,2,0,1.0,0.0,0.8333333333333334,0.16666666666666663,0.0,-1,0.5
1,13,1,12,1,1,1,22,28,10,8,1,0,0,1,0,1,22,0,0,8,8,7,13.08,0,0,8,8,7,13.08,0,10.8,1.4,1.74,Graduate,2,0,0.875,0.125,0.875,0.125,0.0,0,0.44
1,12,1,14,1,1,1,1,14,5,6,0,0,0,1,0,1,25,0,0,5,7,4,10.5,0,0,5,7,5,11.6,0,9.4,-0.8,-3.12,Graduate,2,0,0.8,0.19999999999999996,1.0,0.0,1.0999999999999996,1,1.5
1,8,1,5,1,1,1,13,28,5,1,1,0,0,1,1,0,20,0,0,6,9,6,10.666666666666666,1,0,6,6,5,11.2,0,7.6,2.6,0.32,Graduate,2,0,1.0,0.0,0.8333333333333334,0.16666666666666663,0.5333333333333332,-1,1.5
1,1,6,9,1,1,1,23,27,10,10,1,0,0,1,1,0,23,0,0,5,6,4,14.0,0,0,5,5,5,13.8,0,11.1,0.6,2.02,Enrolled,1,0,0.8,0.19999999999999996,1.0,0.0,-0.1999999999999993,1,1.17
1,14,2,7,1,1,1,23,14,10,7,1,0,1,1,1,0,18,0,0,5,9,2,10.0,0,0,5,9,0,0.0,0,15.5,2.8,-4.06,Enrolled,1,0,0.4,0.6,0.0,1.0,-10.0,-2,3.97
1,12,1,12,1,1,1,1,1,5,11,0,0,0,1,1,0,24,0,0,7,18,0,0.0,0,0,7,7,0,0.0,0,13.9,-0.3,0.79,Dropout,0,1,0.0,1.0,0.0,1.0,0.0,0,5.5
1,8,2,15,1,1,14,13,1,10,10,1,0,0,0,0,0,21,1,0,6,6,6,14.0,0,0,6,6,6,13.5,0,8.9,1.4,3.51,Graduate,2,0,1.0,0.0,1.0,0.0,-0.5,0,1.25
1,6,1,8,1,1,14,1,1,5,5,0,0,0,1,0,0,26,1,0,6,7,2,12.0,1,0,6,6,0,0.0,0,8.9,1.4,3.51,Dropout,0,1,0.3333333333333333,0.6666666666666667,0.0,1.0,-12.0,-2,2.83
2,12,1,16,1,8,1,22,24,1,1,0,0,0,1,0,0,39,0,0,6,12,3,12.666666666666666,0,0,6,14,0,0.0,1,7.6,2.6,0.32,Dropout,0,1,0.5,0.5,0.0,1.0,-12.666666666666666,-3,2.62
2,12,1,3,0,1,1,22,14,10,10,0,0,0,1,0,0,44,0,2,8,11,8,11.875,0,0,6,7,6,12.333333333333334,0,12.7,3.7,-1.7,Graduate,2,0,1.0,0.0,1.0,0.0,0.4583333333333339,-2,0.95
1,6,1,7,1,1,12,23,3,10,3,1,0,0,1,1,0,19,1,0,5,9,5,14.0,0,0,5,11,3,13.25,0,13.9,-0.3,0.79,Enrolled,1,0,1.0,0.0,0.6,0.4,-0.75,-2,1.56
1,1,5,15,1,1,1,22,1,6,6,1,0,0,1,0,0,18,0,0,6,6,6,13.666666666666666,0,0,6,6,6,13.333333333333334,0,8.9,1.4,3.51,Graduate,2,0,1.0,0.0,1.0,0.0,-0.33333333333333215,0,0.0
1,1,5,12,1,1,1,22,27,8,8,1,0,0,1,0,1,18,0,0,7,7,7,13.75,0,0,8,9,8,14.47777777777778,0,12.4,0.5,1.79,Graduate,2,0,1.0,0.0,1.0,0.0,0.7277777777777796,1,0.0
1,1,1,6,1,1,1,1,2,10,2,1,0,0,1,0,0,19,0,0,5,7,5,14.2,2,0,5,7,5,13.8,0,12.7,3.7,-1.7,Enrolled,1,0,1.0,0.0,1.0,0.0,-0.3999999999999986,0,1.8
1,1,4,12,1,1,1,3,3,3,3,1,0,1,0,0,0,19,0,0,7,10,4,11.96,0,0,7,7,0,0.0,0,13.9,-0.3,0.79,Dropout,0,1,0.5714285714285714,0.4285714285714286,0.0,1.0,-11.96,-4,4.6
1,17,1,6,1,16,1,23,28,10,10,0,0,0,1,0,0,21,0,7,10,12,8,12.875,0,4,9,14,5,13.4,0,8.9,1.4,3.51,Dropout,0,1,0.8,0.19999999999999996,0.5555555555555556,0.4444444444444444,0.5250000000000004,-3,1.17
1,1,4,2,1,1,1,1,1,10,11,1,0,0,1,0,0,20,0,0,0,0,0,0.0,0,0,0,0,0,0.0,0,16.2,0.3,-0.92,Graduate,2,0,0.0,1.0,0.0,1.0,0.0,0,5.5
2,12,1,3,0,1,1,22,27,7,6,1,0,0,1,0,0,36,0,0,6,0,0,0.0,0,0,6,0,0,0.0,0,9.4,-0.8,-3.12,Dropout,0,1,0.0,1.0,0.0,1.0,0.0,0,5.5
4,12,1,4,1,9,1,22,27,10,7,0,0,0,1,0,0,43,0,13,18,19,18,14.63157894736842,0,10,13,14,13,14.23076923076923,1,15.5,2.8,-4.06,Graduate,2,0,1.0,0.0,1.0,0.0,-0.4008097165991895,-5,0.18
1,9,1,16,1,1,1,13,14,10,8,1,0,0,1,0,0,19,0,0,6,0,0,0.0,0,0,6,0,0,0.0,0,11.1,0.6,2.02,Dropout,0,1,0.0,1.0,0.0,1.0,0.0,0,5.5
1,16,1,5,1,1,1,3,1,3,9,0,0,1,1,0,0,20,0,4,10,12,10,13.0,0,5,11,11,11,12.272727272727272,0,11.1,0.6,2.02,Graduate,2,0,1.0,0.0,1.0,0.0,-0.7272727272727284,1,1.83
1,1,2,10,1,1,1,22,28,5,8,1,0,0,1,0,0,19,0,0,6,0,0,0.0,0,0,6,0,0,0.0,0,16.2,0.3,-0.92,Dropout,0,1,0.0,1.0,0.0,1.0,0.0,0,5.5
1,1,1,6,1,1,1,1,1,5,5,1,0,0,1,0,0,20,0,0,6,15,4,14.2,0,0,6,17,4,13.25,0,15.5,2.8,-4.06,Dropout,0,1,0.6666666666666666,0.33333333333333337,0.6666666666666666,0.33333333333333337,-0.9499999999999993,0,2.57
1,1,5,12,1,1,1,3,4,5,4,1,0,0,1,0,0,20,0,2,7,9,6,13.266666666666666,0,0,7,10,5,12.3,0,12.4,0.5,1.79,Dropout,0,1,0.8571428571428571,0.1428571428571429,0.7142857142857143,0.2857142857142857,-0.966666666666665,-1,1.17
1,8,2,16,1,1,1,13,1,10,4,1,0,0,1,0,0,20,0,0,7,12,6,11.666666666666666,0,0,7,10,3,13.0,0,16.2,0.3,-0.92,Enrolled,1,0,0.8571428571428571,0.1428571428571429,0.42857142857142855,0.5714285714285714,1.333333333333334,-3,1.75
1,1,1,10,1,1,1,22,27,7,8,1,0,0,1,0,0,18,0,0,6,8,6,13.857142857142858,0,0,6,6,6,15.0,0,13.9,-0.3,0.79,Graduate,2,0,1.0,0.0,1.0,0.0,1.1428571428571423,0,0.88
1,8,2,9,1,1,1,1,28,5,8,1,0,0,1,0,1,18,0,0,5,9,3,13.0,0,0,5,11,3,11.0,0,8.9,1.4,3.51,Enrolled,1,0,0.6,0.4,0.6,0.4,-2.0,0,2.33
1,1,1,6,1,1,1,13,14,10,10,1,0,0,1,0,0,19,0,0,5,6,5,13.4,0,0,5,5,5,12.8,0,10.8,1.4,1.74,Graduate,2,0,1.0,0.0,1.0,0.0,-0.5999999999999996,0,0.58
1,1,3,15,1,1,1,1,28,5,8,1,0,0,1,0,0,18,0,0,6,6,6,12.666666666666666,0,0,6,7,6,12.571428571428571,0,10.8,1.4,1.74,Graduate,2,0,1.0,0.0,1.0,0.0,-0.0952380952380949,0,0.0
1,8,2,12,1,1,1,22,27,10,10,1,0,0,1,0,0,18,0,0,7,7,6,12.516666666666666,1,0,7,7,6,12.516666666666666,1,7.6,2.6,0.32,Dropout,0,1,0.8571428571428571,0.1428571428571429,0.8571428571428571,0.1428571428571429,0.0,0,0.79
1,14,1,12,1,1,1,23,28,10,6,0,0,0,1,0,0,20,0,0,7,11,6,11.616666666666667,0,0,7,7,7,13.0,0,13.9,-0.3,0.79,Enrolled,1,0,0.8571428571428571,0.1428571428571429,1.0,0.0,1.3833333333333329,1,1.59
1,8,1,10,1,1,1,13,27,10,8,1,0,0,1,0,1,20,0,0,6,13,2,10.0,0,0,6,12,4,10.75,0,7.6,2.6,0.32,Enrolled,1,0,0.3333333333333333,0.6666666666666667,0.6666666666666666,0.33333333333333337,0.75,2,2.96
1,8,1,9,1,1,1,13,14,4,4,0,0,0,1,0,0,20,0,0,5,11,3,10.333333333333334,0,0,5,10,3,10.666666666666666,0,12.4,0.5,1.79,Enrolled,1,0,0.6,0.4,0.6,0.4,0.33333333333333215,0,2.55
1,1,2,6,1,1,1,22,28,10,8,0,0,0,1,0,0,18,0,0,5,12,5,13.142857142857142,2,0,5,6,5,11.4,0,9.4,-0.8,-3.12,Graduate,2,0,1.0,0.0,1.0,0.0,-1.742857142857142,0,2.84
1,1,1,9,1,1,1,2,14,5,6,0,0,0,1,0,0,18,0,0,5,5,5,12.6,0,0,5,5,5,14.0,0,11.1,0.6,2.02,Graduate,2,0,1.0,0.0,1.0,0.0,1.4000000000000004,0,0.0
1,8,1,11,1,1,1,1,1,5,6,1,0,0,1,0,0,21,0,0,6,12,3,11.0,0,0,6,12,2,11.0,0,9.4,-0.8,-3.12,Dropout,0,1,0.5,0.5,0.3333333333333333,0.6666666666666667,0.0,-1,2.62
1,1,2,9,1,1,1,13,14,10,8,1,0,0,1,0,0,19,0,0,5,8,5,10.8,0,0,5,9,4,11.25,2,16.2,0.3,-0.92,Graduate,2,0,1.0,0.0,0.8,0.19999999999999996,0.4499999999999993,-1,1.31
1,1,1,2,1,1,1,3,14,3,10,0,0,0,1,0,0,19,0,0,0,0,0,0.0,0,0,0,0,0,0.0,0,10.8,1.4,1.74,Dropout,0,1,0.0,1.0,0.0,1.0,0.0,0,5.5
1,1,1,14,1,1,1,23,28,10,10,0,0,0,1,0,1,19,0,0,5,5,5,12.8,0,0,5,5,5,14.2,0,9.4,-0.8,-3.12,Graduate,2,0,1.0,0.0,1.0,0.0,1.3999999999999986,0,0.0
1,1,1,6,1,1,1,13,28,5,8,1,0,0,1,0,0,19,0,0,6,15,6,14.166666666666666,0,0,6,13,6,12.2,0,15.5,2.8,-4.06,Graduate,2,0,1.0,0.0,1.0,0.0,-1.9666666666666668,0,2.1
1,8,6,13,1,1,1,1,1,5,6,1,0,0,1,0,0,19,0,0,7,12,5,12.1,0,0,7,0,0,0.0,0,13.9,-0.3,0.79,Dropout,0,1,0.7142857142857143,0.2857142857142857,0.0,1.0,-12.1,-5,2.04
1,15,1,6,1,14,1,22,27,10,10,1,0,0,1,0,0,20,0,1,6,7,6,14.166666666666666,0,1,6,17,5,13.77777777777778,0,12.4,0.5,1.79,Graduate,2,0,1.0,0.0,0.8333333333333334,0.16666666666666663,-0.38888888888888573,-1,0.5
1,1,1,16,1,1,1,13,28,10,4,1,0,0,1,0,1,18,0,0,6,8,5,12.8,0,0,6,7,5,13.4,0,9.4,-0.8,-3.12,Enrolled,1,0,0.8333333333333334,0.16666666666666663,0.8333333333333334,0.16666666666666663,0.5999999999999996,0,1.31
1,8,3,10,1,1,1,1,29,6,4,1,0,0,1,0,0,18,0,0,6,7,6,13.0,0,0,6,6,6,13.666666666666666,0,12.4,0.5,1.79,Graduate,2,0,1.0,0.0,1.0,0.0,0.6666666666666661,0,0.5
1,8,6,12,1,1,1,1,27,9,10,1,0,0,1,0,0,19,0,0,7,7,7,13.467142857142855,0,0,8,9,8,15.011111111111113,0,12.4,0.5,1.79,Graduate,2,0,1.0,0.0,1.0,0.0,1.5439682539682575,1,0.0
1,1,3,12,1,1,1,13,14,6,9,1,0,0,1,0,1,18,0,0,7,9,7,13.2375,0,0,8,9,7,13.742857142857144,0,13.9,-0.3,0.79,Dropout,0,1,1.0,0.0,0.875,0.125,0.5053571428571431,0,0.78
1,8,2,5,1,1,1,22,27,10,10,1,0,0,1,0,0,18,0,0,6,6,6,12.333333333333334,0,0,6,6,6,13.0,0,7.6,2.6,0.32,Graduate,2,0,1.0,0.0,1.0,0.0,0.6666666666666661,0,0.0
1,1,4,9,1,1,1,1,14,5,9,1,0,0,1,0,0,19,0,0,5,7,5,12.4,0,0,5,5,5,14.6,0,8.9,1.4,3.51,Graduate,2,0,1.0,0.0,1.0,0.0,2.1999999999999993,0,1.0
1,8,6,12,1,1,1,1,14,4,4,1,0,0,1,0,0,19,0,0,7,8,5,14.0,0,0,7,7,0,0.0,0,13.9,-0.3,0.79,Dropout,0,1,0.7142857142857143,0.2857142857142857,0.0,1.0,-14.0,-5,1.31
1,14,1,10,1,1,1,23,27,10,8,0,0,0,1,0,0,20,0,5,9,15,9,11.666666666666666,0,2,7,8,7,11.714285714285714,0,7.6,2.6,0.32,Graduate,2,0,1.0,0.0,1.0,0.0,0.04761904761904745,-2,1.4
1,1,1,14,1,1,1,1,28,4,10,0,0,1,0,0,1,19,0,0,6,7,5,12.0,0,0,6,9,4,12.5,0,12.4,0.5,1.79,Dropout,0,1,0.8333333333333334,0.16666666666666663,0.6666666666666666,0.33333333333333337,0.5,-1,3.5
1,8,1,14,1,1,1,13,14,6,6,1,0,0,1,0,0,20,0,0,5,7,4,12.2,0,0,5,5,4,11.5,0,7.6,2.6,0.32,Graduate,2,0,0.8,0.19999999999999996,0.8,0.19999999999999996,-0.6999999999999993,0,1.5
1,1,1,15,1,1,1,1,1,20,39,0,0,1,1,0,1,18,0,0,6,6,6,14.833333333333334,0,0,6,6,6,14.833333333333334,0,8.9,1.4,3.51,Graduate,2,0,1.0,0.0,1.0,0.0,0.0,0,1.25
1,1,2,12,1,1,1,13,1,5,8,0,0,0,1,0,1,20,0,0,7,9,5,13.188,0,0,8,9,7,12.892857142857142,0,11.1,0.6,2.02,Enrolled,1,0,0.7142857142857143,0.2857142857142857,0.875,0.125,-0.29514285714285826,2,1.56
1,9,1,12,1,1,1,13,1,5,9,0,0,0,1,0,0,18,0,0,7,8,7,17.125,0,0,8,8,8,17.5875,0,13.9,-0.3,0.79,Graduate,2,0,1.0,0.0,1.0,0.0,0.4624999999999986,1,0.44
1,1,5,12,1,1,1,22,27,10,10,1,0,0,1,0,0,19,0,0,7,7,6,12.666666666666666,0,0,7,7,6,12.666666666666666,0,7.6,2.6,0.32,Graduate,2,0,0.8571428571428571,0.1428571428571429,0.8571428571428571,0.1428571428571429,0.0,0,0.5
1,1,6,15,1,1,1,13,1,5,5,1,0,0,1,0,1,19,0,0,6,8,6,12.666666666666666,0,0,6,10,5,12.0,0,12.4,0.5,1.79,Graduate,2,0,1.0,0.0,0.8333333333333334,0.16666666666666663,-0.6666666666666661,-1,0.88
1,16,1,9,1,1,1,3,1,4,4,1,0,1,0,0,0,22,0,0,5,8,0,0.0,0,0,5,7,0,0.0,0,8.9,1.4,3.51,Enrolled,1,0,0.0,1.0,0.0,1.0,0.0,0,8.0
1,1,3,10,1,1,1,1,10,10,11,1,0,0,1,0,1,19,0,0,6,7,6,11.333333333333334,0,0,6,6,6,11.5,0,12.4,0.5,1.79,Graduate,2,0,1.0,0.0,1.0,0.0,0.16666666666666607,0,0.5
1,1,3,12,1,1,1,13,14,10,8,1,0,0,1,0,1,19,0,0,7,10,7,13.605,0,0,8,11,8,12.33125,0,15.5,2.8,-4.06,Graduate,2,0,1.0,0.0,1.0,0.0,-1.2737499999999997,1,1.05
1,8,5,16,1,1,1,22,28,6,7,1,0,0,1,0,1,19,0,0,6,10,5,12.0,0,0,6,9,5,10.8,0,9.4,-0.8,-3.12,Graduate,2,0,0.8333333333333334,0.16666666666666663,0.8333333333333334,0.16666666666666663,-1.1999999999999993,0,1.75
1,1,4,11,1,1,1,10,14,10,10,1,0,0,1,0,0,19,0,0,5,10,0,0.0,0,0,5,10,0,0.0,0,7.6,2.6,0.32,Dropout,0,1,0.0,1.0,0.0,1.0,0.0,0,5.5
1,8,1,11,1,1,1,1,27,10,11,1,0,0,1,0,0,20,0,0,6,8,5,11.2,0,0,6,12,3,11.666666666666666,0,7.6,2.6,0.32,Dropout,0,1,0.8333333333333334,0.16666666666666663,0.5,0.5,0.4666666666666668,-2,1.31
1,1,1,9,1,1,1,3,14,3,11,0,0,0,1,0,0,18,0,0,5,10,5,13.375,0,0,5,9,5,14.166666666666666,0,13.9,-0.3,0.79,Graduate,2,0,1.0,0.0,1.0,0.0,0.7916666666666661,0,1.75
1,1,1,12,1,1,1,1,14,10,10,0,0,0,1,0,1,20,0,0,7,8,6,13.863333333333337,0,0,8,9,7,14.178571428571429,0,11.1,0.6,2.02,Graduate,2,0,0.8571428571428571,0.1428571428571429,0.875,0.125,0.315238095238092,1,0.88
1,1,1,2,1,1,1,3,27,3,9,1,0,0,1,0,0,18,0,0,0,0,0,0.0,0,0,0,0,0,0.0,0,9.4,-0.8,-3.12,Enrolled,1,0,0.0,1.0,0.0,1.0,0.0,0,5.5
1,1,1,6,1,1,1,1,28,5,8,0,0,0,1,0,0,19,0,0,5,6,5,12.4,0,0,5,6,5,13.4,0,7.6,2.6,0.32,Graduate,2,0,1.0,0.0,1.0,0.0,1.0,0,0.58
1,8,1,16,1,1,1,23,28,8,7,1,0,0,1,0,0,18,0,0,6,11,3,12.333333333333334,0,0,6,10,5,10.833333333333334,0,9.4,-0.8,-3.12,Enrolled,1,0,0.5,0.5,0.8333333333333334,0.16666666666666663,-1.5,2,2.55
1,1,1,16,1,1,1,22,27,10,10,1,0,0,1,0,0,18,0,0,6,7,6,13.333333333333334,0,0,6,8,5,11.8,0,7.6,2.6,0.32,Graduate,2,0,1.0,0.0,0.8333333333333334,0.16666666666666663,-1.5333333333333332,-1,0.5
1,14,1,16,1,1,1,3,27,3,6,1,0,0,1,0,0,21,0,0,6,10,3,12.666666666666666,0,0,6,12,3,10.0,0,9.4,-0.8,-3.12,Dropout,0,1,0.5,0.5,0.5,0.5,-2.666666666666666,0,2.45
1,1,1,16,1,1,1,23,27,7,7,0,0,0,1,0,0,19,0,0,6,8,6,12.0,0,0,6,10,4,11.5,0,7.6,2.6,0.32,Dropout,0,1,1.0,0.0,0.6666666666666666,0.33333333333333337,-0.5,-2,0.88
1,1,1,9,1,1,1,23,28,10,10,0,0,0,1,0,1,18,0,0,5,5,5,10.6,0,0,5,5,5,11.8,0,12.4,0.5,1.79,Graduate,2,0,1.0,0.0,1.0,0.0,1.200000000000001,0,0.0
1,8,2,10,1,1,1,1,27,8,10,1,0,0,1,0,1,18,0,0,6,8,6,12.25,0,0,6,7,6,11.857142857142858,0,12.7,3.7,-1.7,Graduate,2,0,1.0,0.0,1.0,0.0,-0.39285714285714235,0,0.88
1,1,3,10,1,1,1,13,1,10,11,1,0,0,1,0,0,20,0,0,6,10,4,11.0,0,0,6,9,6,11.833333333333334,0,9.4,-0.8,-3.12,Graduate,2,0,0.6666666666666666,0.33333333333333337,1.0,0.0,0.8333333333333339,2,2.1
1,12,1,3,0,1,1,1,14,7,9,0,0,0,1,0,1,24,0,0,6,11,5,11.0,0,0,6,9,5,12.6,0,11.1,0.6,2.02,Graduate,2,0,0.8333333333333334,0.16666666666666663,0.8333333333333334,0.16666666666666663,1.5999999999999996,0,1.91
1,1,1,14,1,1,1,13,1,5,2,0,0,0,1,0,0,19,0,0,6,6,6,13.166666666666666,0,0,6,9,6,13.0,0,10.8,1.4,1.74,Dropout,0,1,1.0,0.0,1.0,0.0,-0.16666666666666607,0,0.0
1,1,1,12,1,1,1,13,27,10,8,1,0,0,1,0,1,18,0,0,7,9,7,12.855555555555554,0,0,8,12,7,12.761111111111113,0,15.5,2.8,-4.06,Graduate,2,0,1.0,0.0,0.875,0.125,-0.09444444444444144,0,0.78
1,1,2,12,1,1,1,13,14,10,10,1,0,0,1,0,0,18,0,0,7,8,7,14.91875,0,0,8,8,8,15.355,0,15.5,2.8,-4.06,Graduate,2,0,1.0,0.0,1.0,0.0,0.43625000000000114,1,0.44
1,8,5,16,1,1,1,10,10,5,5,1,0,0,1,0,0,21,0,0,6,13,4,11.5,0,0,6,10,3,11.0,0,10.8,1.4,1.74,Dropout,0,1,0.6666666666666666,0.33333333333333337,0.5,0.5,-0.5,-1,2.42
1,8,2,14,1,1,1,1,14,6,5,0,0,0,1,0,0,19,0,0,5,5,5,14.2,0,0,5,5,5,14.2,0,7.6,2.6,0.32,Graduate,2,0,1.0,0.0,1.0,0.0,0.0,0,0.0
1,8,1,15,1,1,1,13,27,8,8,0,0,0,1,0,1,19,0,0,6,6,6,12.5,0,0,6,7,6,13.0,0,15.5,2.8,-4.06,Graduate,2,0,1.0,0.0,1.0,0.0,0.5,0,0.0
3,12,1,4,1,1,1,1,27,7,7,0,0,1,1,0,0,47,0,0,1,1,0,0.0,0,0,6,0,0,0.0,0,8.9,1.4,3.51,Enrolled,1,0,0.0,1.0,0.0,1.0,0.0,0,6.75
1,8,3,10,1,1,1,13,14,8,9,0,0,0,1,0,0,19,0,0,6,10,5,11.666666666666666,0,0,6,12,4,11.0,0,13.9,-0.3,0.79,Graduate,2,0,0.8333333333333334,0.16666666666666663,0.6666666666666666,0.33333333333333337,-0.6666666666666661,-1,1.75
1,12,1,12,1,3,1,2,2,2,2,0,0,0,1,0,0,29,0,1,8,8,7,14.257142857142856,0,1,8,8,7,14.257142857142856,0,12.7,3.7,-1.7,Graduate,2,0,0.875,0.125,0.875,0.125,0.0,0,0.44
1,14,1,10,1,1,1,13,14,5,9,1,0,0,1,0,0,21,0,0,6,13,3,12.0,0,0,6,12,2,11.333333333333334,0,16.2,0.3,-0.92,Dropout,0,1,0.5,0.5,0.3333333333333333,0.6666666666666667,-0.6666666666666661,-1,2.69
1,12,1,6,1,1,1,22,14,10,8,1,0,0,1,0,0,28,0,0,5,13,4,11.25,1,0,5,11,4,10.5,0,12.7,3.7,-1.7,Enrolled,1,0,0.8,0.19999999999999996,0.8,0.19999999999999996,-0.75,0,2.82
1,8,2,13,1,1,1,22,27,4,11,0,0,0,1,0,0,20,0,0,7,8,7,12.457142857142856,0,0,8,8,8,13.5625,0,15.5,2.8,-4.06,Graduate,2,0,1.0,0.0,1.0,0.0,1.1053571428571445,1,0.44
1,8,1,12,1,1,1,2,28,5,6,1,0,0,1,0,0,19,0,0,7,7,6,11.683333333333332,0,0,7,7,6,11.683333333333332,0,7.6,2.6,0.32,Graduate,2,0,0.8571428571428571,0.1428571428571429,0.8571428571428571,0.1428571428571429,0.0,0,0.5
1,13,1,3,0,1,1,13,2,5,7,0,0,0,1,0,0,26,0,0,6,10,3,11.666666666666666,0,0,6,8,5,12.0,0,9.4,-0.8,-3.12,Graduate,2,0,0.5,0.5,0.8333333333333334,0.16666666666666663,0.3333333333333339,2,2.45
1,8,2,11,1,1,1,22,27,10,9,1,0,1,0,0,0,20,0,0,6,8,4,11.75,0,0,6,6,6,13.166666666666666,0,11.1,0.6,2.02,Dropout,0,1,0.6666666666666666,0.33333333333333337,1.0,0.0,1.416666666666666,2,4.25
1,1,1,14,1,1,1,22,27,10,10,1,0,0,1,0,1,18,0,0,5,6,3,11.666666666666666,0,0,5,6,4,13.5,0,7.6,2.6,0.32,Enrolled,1,0,0.6,0.4,0.8,0.19999999999999996,1.833333333333334,1,1.75
1,12,1,16,1,1,1,22,14,10,6,0,0,0,1,0,0,27,0,0,6,9,5,13.2,0,0,6,10,5,12.0,0,7.6,2.6,0.32,Graduate,2,0,0.8333333333333334,0.16666666666666663,0.8333333333333334,0.16666666666666663,-1.1999999999999993,0,1.56
1,1,2,12,1,1,1,19,24,12,12,1,0,0,1,0,0,20,0,0,7,8,4,11.95,0,0,7,8,4,11.95,0,7.6,2.6,0.32,Dropout,0,1,0.5714285714285714,0.4285714285714286,0.5714285714285714,0.4285714285714286,0.0,0,1.75
1,1,5,16,1,1,1,22,14,10,6,1,0,0,1,0,0,18,0,0,6,8,5,12.4,0,0,6,12,5,10.4,0,9.4,-0.8,-3.12,Dropout,0,1,0.8333333333333334,0.16666666666666663,0.8333333333333334,0.16666666666666663,-2.0,0,1.31
1,4,1,12,1,3,1,1,1,10,6,0,0,0,1,0,0,33,0,2,7,8,6,14.35,0,3,8,10,6,14.583333333333334,0,16.2,0.3,-0.92,Dropout,0,1,0.8571428571428571,0.1428571428571429,0.75,0.25,0.23333333333333428,0,0.88
1,14,1,16,1,1,1,3,1,4,4,1,0,0,1,0,0,35,0,19,21,21,21,12.61904761904762,0,13,19,19,19,12.789473684210526,0,12.4,0.5,1.79,Graduate,2,0,1.0,0.0,1.0,0.0,0.17042606516290526,-2,0.0
1,15,1,17,0,14,1,22,14,10,9,0,0,0,1,0,1,26,0,2,6,7,6,12.666666666666666,0,2,6,7,6,13.166666666666666,1,9.4,-0.8,-3.12,Enrolled,1,0,1.0,0.0,1.0,0.0,0.5,0,0.5
1,12,1,15,1,12,1,13,14,4,5,0,0,1,0,0,0,27,0,0,6,6,5,12.0,0,0,6,6,0,0.0,0,11.1,0.6,2.02,Dropout,0,1,0.8333333333333334,0.16666666666666663,0.0,1.0,-12.0,-5,3.08
1,9,3,5,1,1,1,1,27,6,6,1,0,0,0,0,0,19,0,0,6,6,6,12.166666666666666,0,0,6,6,0,0.0,0,15.5,2.8,-4.06,Dropout,0,1,1.0,0.0,0.0,1.0,-12.166666666666666,-6,1.25
1,8,2,11,1,1,1,1,14,5,7,0,0,0,1,0,0,20,0,0,6,0,0,0.0,0,0,6,0,0,0.0,0,11.1,0.6,2.02,Dropout,0,1,0.0,1.0,0.0,1.0,0.0,0,5.5
1,9,2,9,1,1,1,3,3,6,8,1,0,1,0,0,0,20,0,0,5,9,3,10.0,0,0,5,9,3,10.571428571428571,0,10.8,1.4,1.74,Dropout,0,1,0.6,0.4,0.6,0.4,0.5714285714285712,0,4.83
1,14,1,10,1,1,1,1,27,6,10,0,0,1,0,0,0,21,0,5,10,18,8,11.5,0,0,6,12,4,10.0,0,9.4,-0.8,-3.12,Enrolled,1,0,0.8,0.19999999999999996,0.6666666666666666,0.33333333333333337,-1.5,-4,4.44
1,8,3,12,1,1,1,23,1,10,5,1,0,0,1,0,1,18,0,0,7,7,6,13.05,0,0,7,7,6,13.05,0,7.6,2.6,0.32,Graduate,2,0,0.8571428571428571,0.1428571428571429,0.8571428571428571,0.1428571428571429,0.0,0,0.5
1,12,1,6,1,1,1,1,14,10,10,1,0,0,1,0,0,24,0,0,6,10,2,11.0,0,0,6,6,0,0.0,0,8.9,1.4,3.51,Dropout,0,1,0.3333333333333333,0.6666666666666667,0.0,1.0,-11.0,-2,2.8
1,8,4,5,1,1,1,1,3,5,2,1,0,0,1,0,0,20,0,0,6,7,6,11.5,0,0,6,6,6,12.0,0,16.2,0.3,-0.92,Graduate,2,0,1.0,0.0,1.0,0.0,0.5,0,0.5
1,1,1,11,1,1,1,13,28,10,9,0,0,0,1,0,1,21,0,0,6,7,6,12.0,0,0,6,6,6,12.5,0,13.9,-0.3,0.79,Graduate,2,0,1.0,0.0,1.0,0.0,0.5,0,0.5
1,1,1,3,0,1,1,1,27,8,4,0,0,0,1,0,0,23,0,0,6,13,2,10.0,0,0,5,12,1,10.0,0,9.4,-0.8,-3.12,Enrolled,1,0,0.3333333333333333,0.6666666666666667,0.2,0.8,0.0,-1,2.96
1,12,1,9,1,1,1,10,3,5,4,1,0,0,1,0,0,24,0,0,5,5,0,0.0,0,0,5,5,0,0.0,0,7.6,2.6,0.32,Dropout,0,1,0.0,1.0,0.0,1.0,0.0,0,5.5
1,16,1,16,1,1,1,1,1,5,11,0,0,0,1,0,0,21,0,0,6,0,0,0.0,0,0,6,0,0,0.0,0,12.4,0.5,1.79,Dropout,0,1,0.0,1.0,0.0,1.0,0.0,0,5.5
1,1,4,12,1,1,1,23,28,10,9,1,0,0,1,0,0,18,0,0,8,8,7,12.242857142857144,0,0,8,8,7,12.242857142857144,0,12.7,3.7,-1.7,Graduate,2,0,0.875,0.125,0.875,0.125,0.0,0,0.44
1,12,1,17,0,15,1,13,1,4,5,1,0,0,1,0,0,27,0,0,5,0,0,0.0,0,0,5,0,0,0.0,0,8.9,1.4,3.51,Dropout,0,1,0.0,1.0,0.0,1.0,0.0,0,5.5
1,9,6,12,1,1,1,22,27,6,6,1,0,0,1,0,0,18,0,0,8,8,8,12.93375,0,0,8,8,8,12.93375,0,9.4,-0.8,-3.12,Graduate,2,0,1.0,0.0,1.0,0.0,0.0,0,0.0
1,4,1,7,1,3,1,3,2,3,3,0,0,0,1,0,0,35,0,0,5,0,0,0.0,0,0,5,0,0,0.0,0,13.9,-0.3,0.79,Dropout,0,1,0.0,1.0,0.0,1.0,0.0,0,5.5
1,1,1,16,1,1,1,13,14,4,9,0,0,0,1,0,0,18,0,0,7,9,7,12.571428571428571,0,0,7,8,7,14.428571428571429,0,11.1,0.6,2.02,Graduate,2,0,1.0,0.0,1.0,0.0,1.8571428571428577,0,0.78
1,12,1,12,1,1,1,1,3,28,19,0,0,0,1,0,0,35,0,0,3,4,3,11.816666666666668,0,0,3,3,3,11.333333333333334,0,11.1,0.6,2.02,Enrolled,1,0,1.0,0.0,1.0,0.0,-0.4833333333333343,0,0.88
1,1,1,6,1,1,1,1,1,5,8,1,0,0,1,0,0,19,0,0,5,9,4,13.75,0,0,5,13,4,14.333333333333334,2,10.8,1.4,1.74,Graduate,2,0,0.8,0.19999999999999996,0.8,0.19999999999999996,0.5833333333333339,0,1.94
1,1,4,10,1,1,1,13,14,5,1,1,0,0,1,0,0,20,0,0,6,8,6,11.166666666666666,0,0,6,6,6,11.333333333333334,0,7.6,2.6,0.32,Graduate,2,0,1.0,0.0,1.0,0.0,0.16666666666666785,0,0.88
1,1,4,12,1,1,1,13,14,8,8,1,0,0,1,0,0,18,0,0,8,8,7,12.324285714285711,0,0,8,8,7,12.324285714285711,0,10.8,1.4,1.74,Graduate,2,0,0.875,0.125,0.875,0.125,0.0,0,0.44
1,15,1,10,1,14,1,23,28,6,11,0,0,1,1,0,0,21,0,3,6,6,6,12.166666666666666,0,2,6,7,6,11.714285714285714,0,13.9,-0.3,0.79,Graduate,2,0,1.0,0.0,1.0,0.0,-0.45238095238095255,0,1.25
1,8,2,10,1,1,1,13,27,10,9,0,0,0,1,0,1,18,0,0,6,11,5,11.142857142857142,0,0,6,11,4,11.25,0,16.2,0.3,-0.92,Graduate,2,0,0.8333333333333334,0.16666666666666663,0.6666666666666666,0.33333333333333337,0.10714285714285765,-1,1.91
1,1,1,10,1,1,1,19,24,1,1,1,0,0,1,0,0,18,0,0,6,9,4,11.0,0,0,6,9,4,10.75,0,7.6,2.6,0.32,Graduate,2,0,0.6666666666666666,0.33333333333333337,0.6666666666666666,0.33333333333333337,-0.25,0,1.94
1,1,2,12,1,1,1,13,28,10,10,1,0,0,1,0,0,18,0,0,8,8,7,12.914285714285713,0,0,8,8,7,12.914285714285713,0,12.7,3.7,-1.7,Graduate,2,0,0.875,0.125,0.875,0.125,0.0,0,0.44
1,1,4,15,1,1,1,3,14,2,5,1,0,0,1,0,1,18,0,0,6,6,6,13.833333333333334,0,0,6,6,6,14.166666666666666,0,16.2,0.3,-0.92,Graduate,2,0,1.0,0.0,1.0,0.0,0.33333333333333215,0,0.0
1,1,1,6,1,1,1,13,1,9,8,1,0,0,1,0,0,19,0,0,6,8,6,13.857142857142858,0,0,6,9,5,13.4,0,13.9,-0.3,0.79,Graduate,2,0,1.0,0.0,0.8333333333333334,0.16666666666666663,-0.4571428571428573,-1,0.88
1,12,1,11,1,12,1,3,14,3,4,0,0,0,1,0,1,36,0,0,6,7,6,13.714285714285714,0,0,6,6,5,12.8,0,16.2,0.3,-0.92,Dropout,0,1,1.0,0.0,0.8333333333333334,0.16666666666666663,-0.9142857142857128,-1,0.5
1,1,2,12,1,1,1,23,1,8,5,1,0,0,1,0,1,18,0,0,8,8,7,12.642857142857142,0,0,8,8,7,12.642857142857142,0,12.7,3.7,-1.7,Graduate,2,0,0.875,0.125,0.875,0.125,0.0,0,0.44
1,1,1,12,1,1,1,22,27,10,10,0,0,0,1,0,1,18,0,0,7,7,6,12.916666666666666,0,0,7,7,6,12.916666666666666,0,7.6,2.6,0.32,Graduate,2,0,0.8571428571428571,0.1428571428571429,0.8571428571428571,0.1428571428571429,0.0,0,0.5
1,14,1,8,1,1,1,1,3,10,3,1,0,0,1,0,1,20,0,0,6,8,6,15.625,0,0,6,8,6,15.857142857142858,0,13.9,-0.3,0.79,Graduate,2,0,1.0,0.0,1.0,0.0,0.23214285714285765,0,0.88
1,12,1,17,0,1,1,22,27,10,10,0,0,0,1,0,1,26,0,0,5,7,0,0.0,0,0,5,8,0,0.0,0,16.2,0.3,-0.92,Dropout,0,1,0.0,1.0,0.0,1.0,0.0,0,5.5
1,14,1,15,1,1,1,1,1,5,6,0,0,0,1,0,0,21,0,0,6,8,6,11.714285714285714,0,0,6,7,6,12.0,0,7.6,2.6,0.32,Graduate,2,0,1.0,0.0,1.0,0.0,0.2857142857142865,0,0.88
1,12,1,13,1,15,1,1,1,5,6,0,0,0,1,0,0,25,0,0,7,10,6,12.125,0,0,8,9,8,13.3125,0,15.5,2.8,-4.06,Enrolled,1,0,0.8571428571428571,0.1428571428571429,1.0,0.0,1.1875,2,1.4
1,9,1,9,1,1,1,13,3,6,6,1,0,0,1,0,1,19,0,0,5,7,5,11.6,0,0,5,5,5,11.6,0,12.4,0.5,1.79,Graduate,2,0,1.0,0.0,1.0,0.0,0.0,0,1.0
1,12,1,3,0,1,1,13,27,9,8,1,0,0,1,0,0,24,0,0,6,11,1,10.0,0,0,6,6,0,0.0,6,9.4,-0.8,-3.12,Dropout,0,1,0.16666666666666666,0.8333333333333334,0.0,1.0,-10.0,-1,3.18
1,12,1,3,0,1,1,1,14,6,5,0,0,0,1,0,1,27,0,0,6,16,1,10.0,0,0,6,13,0,0.0,0,8.9,1.4,3.51,Dropout,0,1,0.16666666666666666,0.8333333333333334,0.0,1.0,-10.0,-1,3.28
1,8,1,6,1,1,1,13,27,2,4,0,0,0,1,0,0,21,0,0,5,10,0,0.0,1,0,5,9,2,13.5,0,7.6,2.6,0.32,Dropout,0,1,0.0,1.0,0.4,0.6,13.5,2,5.9
1,1,1,9,1,1,1,23,28,8,8,0,0,0,1,0,1,18,0,0,5,7,4,13.0,0,0,5,8,3,12.333333333333334,0,9.4,-0.8,-3.12,Graduate,2,0,0.8,0.19999999999999996,0.6,0.4,-0.6666666666666661,-1,1.5
2,1,4,16,1,1,1,22,27,6,8,0,1,0,1,0,1,19,0,0,6,6,6,13.333333333333334,0,0,6,6,6,14.5,0,10.8,1.4,1.74,Graduate,2,0,1.0,0.0,1.0,0.0,1.166666666666666,0,0.0
1,1,3,11,1,1,1,1,1,4,4,1,0,0,1,0,0,18,0,0,6,9,4,11.25,0,0,6,13,2,12.5,0,9.4,-0.8,-3.12,Dropout,0,1,0.6666666666666666,0.33333333333333337,0.3333333333333333,0.6666666666666667,1.25,-2,1.94
1,16,1,12,1,1,1,13,1,6,10,0,0,0,1,0,1,19,0,0,7,9,5,13.85,0,0,8,9,7,12.19285714285714,0,11.1,0.6,2.02,Graduate,2,0,0.7142857142857143,0.2857142857142857,0.875,0.125,-1.6571428571428601,2,1.56
1,9,1,12,1,1,1,1,28,5,6,1,0,0,1,0,1,19,0,0,7,8,6,13.741666666666667,0,0,8,9,7,14.9125,0,16.2,0.3,-0.92,Graduate,2,0,0.8571428571428571,0.1428571428571429,0.875,0.125,1.1708333333333325,1,0.88
2,4,1,17,0,17,1,25,5,4,4,0,0,0,1,0,0,33,0,2,6,7,6,15.333333333333334,0,0,5,5,5,15.8,0,11.1,0.6,2.02,Graduate,2,0,1.0,0.0,1.0,0.0,0.4666666666666668,-1,0.5
2,4,1,9,1,3,1,1,4,4,11,0,0,0,1,0,0,45,0,0,5,6,5,11.0,0,0,5,5,5,13.8,0,12.4,0.5,1.79,Graduate,2,0,1.0,0.0,1.0,0.0,2.8000000000000007,0,0.58
1,1,1,10,1,1,1,1,1,10,10,0,0,0,1,0,1,20,0,0,6,6,6,12.0,0,0,6,7,6,12.857142857142858,0,11.1,0.6,2.02,Graduate,2,0,1.0,0.0,1.0,0.0,0.8571428571428577,0,0.0
1,12,2,14,1,1,1,19,24,1,1,1,0,0,1,0,0,28,0,0,5,5,0,0.0,0,0,5,5,0,0.0,0,7.6,2.6,0.32,Dropout,0,1,0.0,1.0,0.0,1.0,0.0,0,5.5
1,14,1,12,1,1,1,1,1,6,9,1,0,0,1,0,1,19,0,0,8,15,7,11.571428571428571,0,0,8,15,7,11.571428571428571,0,12.7,3.7,-1.7,Graduate,2,0,0.875,0.125,0.875,0.125,0.0,0,1.87
1,1,2,11,1,1,1,1,27,5,6,1,0,0,1,0,0,18,0,0,6,10,6,12.857142857142858,0,0,6,6,3,12.666666666666666,0,12.7,3.7,-1.7,Graduate,2,0,1.0,0.0,0.5,0.5,-0.19047619047619158,-3,1.4
1,12,1,11,1,3,1,13,14,5,7,0,0,0,1,0,0,38,0,0,6,0,0,0.0,0,0,6,0,0,0.0,0,15.5,2.8,-4.06,Dropout,0,1,0.0,1.0,0.0,1.0,0.0,0,5.5
1,1,2,14,1,1,1,1,3,5,4,0,0,0,1,0,0,19,0,0,5,5,5,13.0,0,0,5,5,5,13.2,0,9.4,-0.8,-3.12,Graduate,2,0,1.0,0.0,1.0,0.0,0.1999999999999993,0,0.0
1,1,1,11,1,1,1,1,27,10,10,0,0,0,1,0,1,21,0,0,6,9,5,11.0,0,0,6,8,5,12.0,0,15.5,2.8,-4.06,Graduate,2,0,0.8333333333333334,0.16666666666666663,0.8333333333333334,0.16666666666666663,1.0,0,1.56
1,1,1,9,1,1,1,22,1,10,11,0,0,0,1,0,0,21,0,0,5,12,3,12.0,0,0,5,12,1,15.0,3,16.2,0.3,-0.92,Dropout,0,1,0.6,0.4,0.2,0.8,3.0,-2,2.62
1,1,1,10,1,1,1,23,27,10,10,0,0,0,1,0,1,22,0,0,6,6,5,12.6,0,0,6,6,6,13.0,0,10.8,1.4,1.74,Graduate,2,0,0.8333333333333334,0.16666666666666663,1.0,0.0,0.40000000000000036,1,0.58
1,1,1,16,1,1,1,13,14,6,8,0,0,0,1,0,1,18,0,0,6,8,5,13.4,0,0,6,7,6,13.166666666666666,0,9.4,-0.8,-3.12,Graduate,2,0,0.8333333333333334,0.16666666666666663,1.0,0.0,-0.23333333333333428,1,1.31
1,8,2,10,1,1,1,22,27,4,10,0,1,0,1,0,1,18,0,0,6,9,6,11.333333333333334,0,0,6,9,6,11.571428571428571,0,15.5,2.8,-4.06,Graduate,2,0,1.0,0.0,1.0,0.0,0.23809523809523725,0,1.17
1,1,1,8,1,1,1,13,1,10,10,1,0,0,0,0,0,25,0,0,5,14,4,13.5,2,0,5,10,4,14.25,0,9.4,-0.8,-3.12,Dropout,0,1,0.8,0.19999999999999996,0.8,0.19999999999999996,0.75,0,4.55
1,12,1,6,1,12,1,13,14,10,8,0,0,1,0,0,0,24,0,2,6,11,3,11.75,0,1,6,14,3,10.333333333333334,0,16.2,0.3,-0.92,Dropout,0,1,0.5,0.5,0.5,0.5,-1.416666666666666,0,5.05
1,1,3,12,1,1,1,3,1,5,5,1,0,0,1,0,0,19,0,0,7,10,6,12.471428571428572,0,0,7,8,7,11.4625,0,12.4,0.5,1.79,Enrolled,1,0,0.8571428571428571,0.1428571428571429,1.0,0.0,-1.0089285714285712,1,1.4
1,7,1,2,1,1,1,3,3,4,4,1,0,0,1,0,0,24,0,11,17,19,11,12.909090909090908,0,9,13,15,9,13.555555555555555,0,12.4,0.5,1.79,Enrolled,1,0,0.6470588235294118,0.3529411764705882,0.6923076923076923,0.3076923076923077,0.6464646464646471,-2,1.47
1,1,2,9,1,1,1,22,14,6,6,1,0,0,1,0,1,20,0,0,5,5,5,11.6,0,0,5,5,5,13.6,0,12.4,0.5,1.79,Graduate,2,0,1.0,0.0,1.0,0.0,2.0,0,0.0
1,12,1,9,1,1,1,22,1,10,2,0,0,0,0,0,0,25,0,0,5,5,0,0.0,0,0,5,9,0,0.0,0,10.8,1.4,1.74,Dropout,0,1,0.0,1.0,0.0,1.0,0.0,0,6.75
1,1,1,9,1,1,1,23,14,10,11,0,0,0,1,0,1,20,0,5,10,13,9,12.9,0,4,10,12,10,12.363636363636363,0,8.9,1.4,3.51,Graduate,2,0,0.9,0.09999999999999998,1.0,0.0,-0.536363636363637,1,1.08
1,4,1,12,1,3,1,13,28,6,4,0,0,0,1,0,0,23,0,0,8,8,8,13.22,0,0,8,8,8,13.22,0,9.4,-0.8,-3.12,Graduate,2,0,1.0,0.0,1.0,0.0,0.0,0,0.0
1,8,3,12,1,1,1,13,27,8,7,1,0,0,1,0,1,19,0,0,8,8,7,13.151428571428571,0,0,8,8,7,13.151428571428571,0,10.8,1.4,1.74,Graduate,2,0,0.875,0.125,0.875,0.125,0.0,0,0.44
1,15,1,4,1,14,1,22,27,10,11,0,0,1,0,0,0,29,0,0,6,13,3,12.75,0,0,6,8,3,11.333333333333334,0,13.9,-0.3,0.79,Dropout,0,1,0.5,0.5,0.5,0.5,-1.416666666666666,0,5.19
1,1,3,11,1,1,1,13,27,5,8,1,0,0,1,0,0,21,0,0,6,8,6,11.333333333333334,0,0,6,8,4,12.25,0,11.1,0.6,2.02,Graduate,2,0,1.0,0.0,0.6666666666666666,0.33333333333333337,0.9166666666666661,-2,0.88
1,1,1,14,1,1,1,13,1,10,9,1,0,0,1,0,1,18,0,0,6,10,6,13.25,0,0,6,13,5,14.142857142857142,0,11.1,0.6,2.02,Graduate,2,0,1.0,0.0,0.8333333333333334,0.16666666666666663,0.8928571428571423,-1,1.4
1,1,3,5,1,1,1,13,28,10,10,1,0,0,1,0,0,19,0,0,6,7,5,12.4,0,0,6,6,5,12.4,0,9.4,-0.8,-3.12,Enrolled,1,0,0.8333333333333334,0.16666666666666663,0.8333333333333334,0.16666666666666663,0.0,0,1.0
1,1,3,15,1,1,1,23,27,8,8,1,0,0,1,0,1,18,0,0,6,6,6,15.0,0,0,6,6,6,12.833333333333334,0,8.9,1.4,3.51,Dropout,0,1,1.0,0.0,1.0,0.0,-2.166666666666666,0,0.0
1,1,1,6,1,1,1,7,14,12,7,0,0,0,1,0,0,19,0,0,5,6,5,14.4,0,0,5,6,5,13.0,0,7.6,2.6,0.32,Graduate,2,0,1.0,0.0,1.0,0.0,-1.4000000000000004,0,0.58
1,1,1,15,1,1,1,22,27,10,9,1,0,0,1,0,0,18,0,0,6,12,1,11.0,0,0,6,12,0,0.0,0,9.4,-0.8,-3.12,Enrolled,1,0,0.16666666666666666,0.8333333333333334,0.0,1.0,-11.0,-1,3.21
1,8,1,9,1,1,1,1,1,5,5,0,0,0,1,0,0,18,0,0,5,8,5,12.4,0,0,5,6,5,10.8,0,8.9,1.4,3.51,Graduate,2,0,1.0,0.0,1.0,0.0,-1.5999999999999996,0,1.31
2,12,1,13,1,12,1,23,27,8,8,1,0,1,0,0,1,37,0,0,7,13,1,16.0,0,0,7,12,0,0.0,0,8.9,1.4,3.51,Dropout,0,1,0.14285714285714285,0.8571428571428572,0.0,1.0,-16.0,-1,5.73
1,8,1,17,0,15,1,22,27,7,7,0,0,0,1,0,0,29,0,0,5,10,5,13.571428571428571,0,0,5,14,5,12.333333333333334,3,16.2,0.3,-0.92,Graduate,2,0,1.0,0.0,1.0,0.0,-1.2380952380952372,0,1.75
1,8,3,5,1,1,1,22,27,10,10,0,0,0,1,0,0,18,0,0,6,6,6,11.833333333333334,0,0,6,6,6,12.5,0,7.6,2.6,0.32,Enrolled,1,0,1.0,0.0,1.0,0.0,0.6666666666666661,0,0.0
1,1,1,10,1,1,1,1,1,10,9,1,0,0,1,0,1,19,0,0,6,8,5,11.666666666666666,0,0,6,9,5,12.666666666666666,0,12.4,0.5,1.79,Graduate,2,0,0.8333333333333334,0.16666666666666663,0.8333333333333334,0.16666666666666663,1.0,0,1.31
1,14,1,10,1,1,1,1,1,4,2,1,0,1,0,0,0,22,0,6,10,16,6,11.833333333333334,0,2,7,8,2,13.0,0,16.2,0.3,-0.92,Dropout,0,1,0.6,0.4,0.2857142857142857,0.7142857142857143,1.166666666666666,-4,4.69
1,1,1,11,1,1,1,22,28,10,8,0,0,0,1,0,1,20,0,0,6,8,6,11.166666666666666,0,0,6,10,5,10.6,0,15.5,2.8,-4.06,Graduate,2,0,1.0,0.0,0.8333333333333334,0.16666666666666663,-0.5666666666666664,-1,0.88
1,12,1,3,0,1,1,22,27,13,13,0,0,0,1,0,0,34,0,0,6,0,0,0.0,0,0,6,0,0,0.0,0,12.7,3.7,-1.7,Dropout,0,1,0.0,1.0,0.0,1.0,0.0,0,5.5
1,14,1,7,1,1,1,22,28,10,10,0,0,1,0,0,0,30,0,8,12,17,8,11.75,0,6,12,19,6,12.166666666666666,2,7.6,2.6,0.32,Dropout,0,1,0.6666666666666666,0.33333333333333337,0.5,0.5,0.4166666666666661,-2,4.35
1,1,1,10,1,1,1,1,1,5,5,0,0,0,1,0,0,18,0,0,6,7,6,14.0,0,0,6,7,6,14.0,0,10.8,1.4,1.74,Graduate,2,0,1.0,0.0,1.0,0.0,0.0,0,0.5
1,1,1,10,1,1,1,23,14,10,6,0,0,0,1,0,0,18,0,0,6,6,6,12.833333333333334,0,0,6,6,6,12.0,0,12.4,0.5,1.79,Graduate,2,0,1.0,0.0,1.0,0.0,-0.8333333333333339,0,0.0
1,1,2,15,1,1,1,3,1,2,4,1,0,0,1,0,0,18,0,0,6,11,4,12.25,0,0,6,10,3,11.666666666666666,0,9.4,-0.8,-3.12,Graduate,2,0,0.6666666666666666,0.33333333333333337,0.5,0.5,-0.5833333333333339,-1,2.23
1,8,4,12,1,1,1,4,1,3,4,1,0,0,1,0,0,18,0,0,8,8,7,14.828571428571427,0,0,8,8,7,14.828571428571427,0,12.7,3.7,-1.7,Graduate,2,0,0.875,0.125,0.875,0.125,0.0,0,0.44
1,1,2,15,1,1,1,23,28,10,10,1,0,0,1,0,1,19,0,0,6,7,5,11.4,0,0,6,8,5,12.8,0,12.7,3.7,-1.7,Graduate,2,0,0.8333333333333334,0.16666666666666663,0.8333333333333334,0.16666666666666663,1.4000000000000004,0,1.0
1,1,1,5,1,1,1,22,27,10,10,1,0,0,1,0,1,19,0,0,6,6,6,13.0,0,0,6,8,6,12.5,0,10.8,1.4,1.74,Graduate,2,0,1.0,0.0,1.0,0.0,-0.5,0,0.0
1,1,5,12,1,1,1,1,1,10,10,0,0,0,1,0,1,18,0,0,8,8,7,13.671428571428573,0,0,8,8,7,13.671428571428573,0,12.7,3.7,-1.7,Graduate,2,0,0.875,0.125,0.875,0.125,0.0,0,0.44
1,15,1,4,1,14,1,22,28,5,9,0,0,0,1,0,1,21,0,0,6,9,6,12.666666666666666,0,0,6,8,5,12.8,0,13.9,-0.3,0.79,Graduate,2,0,1.0,0.0,0.8333333333333334,0.16666666666666663,0.13333333333333464,-1,1.17
1,1,2,9,1,1,1,1,14,10,10,1,0,0,0,0,0,20,0,0,5,10,2,10.0,0,0,5,12,1,13.0,0,7.6,2.6,0.32,Dropout,0,1,0.4,0.6,0.2,0.8,3.0,-1,4.05
1,8,1,9,1,1,1,10,14,5,9,1,0,0,1,0,0,20,0,0,5,10,5,13.5,0,0,5,8,5,12.333333333333334,0,13.9,-0.3,0.79,Graduate,2,0,1.0,0.0,1.0,0.0,-1.166666666666666,0,1.75
1,1,1,12,1,1,1,5,1,3,6,0,0,0,1,0,0,19,0,2,7,8,7,12.67,0,1,8,8,8,13.55,0,11.1,0.6,2.02,Graduate,2,0,1.0,0.0,1.0,0.0,0.8800000000000008,1,0.44
1,1,1,10,1,1,1,1,28,5,6,0,0,0,1,0,0,20,0,0,6,8,6,14.5,0,0,6,7,6,15.428571428571429,0,16.2,0.3,-0.92,Graduate,2,0,1.0,0.0,1.0,0.0,0.9285714285714288,0,0.88
1,8,3,12,1,1,1,10,1,5,11,1,0,0,1,0,0,18,0,0,7,7,7,13.685714285714283,0,0,8,8,8,15.3875,0,13.9,-0.3,0.79,Graduate,2,0,1.0,0.0,1.0,0.0,1.701785714285716,1,0.0
1,13,1,16,1,1,1,22,28,4,4,0,0,0,1,0,0,20,0,0,6,8,5,11.0,0,0,6,10,3,10.666666666666666,0,12.7,3.7,-1.7,Dropout,0,1,0.8333333333333334,0.16666666666666663,0.5,0.5,-0.3333333333333339,-2,1.31
2,4,1,8,1,3,1,5,4,3,1,0,0,1,0,0,0,29,0,7,9,16,7,11.555555555555555,4,5,7,12,5,13.2,2,7.6,2.6,0.32,Dropout,0,1,0.7777777777777778,0.2222222222222222,0.7142857142857143,0.2857142857142857,1.644444444444444,-2,5.36
1,1,1,12,1,1,1,13,14,6,7,0,0,0,1,0,1,18,0,0,7,7,7,13.79714285714286,0,0,8,8,8,13.775,0,12.4,0.5,1.79,Enrolled,1,0,1.0,0.0,1.0,0.0,-0.02214285714286035,1,0.0
1,1,1,12,1,1,1,13,14,6,6,1,0,0,1,0,1,20,0,0,7,8,7,14.00375,0,0,8,11,7,13.812857142857142,0,15.5,2.8,-4.06,Graduate,2,0,1.0,0.0,0.875,0.125,-0.19089285714285786,0,0.44
1,7,2,9,1,1,1,23,27,10,10,1,0,0,1,0,1,22,0,0,5,8,4,12.0,0,0,5,8,4,11.4,2,16.2,0.3,-0.92,Graduate,2,0,0.8,0.19999999999999996,0.8,0.19999999999999996,-0.5999999999999996,0,1.75
4,1,1,3,0,1,1,24,14,5,11,1,0,0,1,0,1,47,0,0,6,9,5,14.166666666666666,0,0,6,7,6,14.166666666666666,0,16.2,0.3,-0.92,Graduate,2,0,0.8333333333333334,0.16666666666666663,1.0,0.0,0.0,1,1.56
2,16,1,17,0,1,1,22,27,9,5,0,0,0,1,0,0,31,0,1,5,5,5,14.0,0,0,5,5,5,13.8,0,8.9,1.4,3.51,Graduate,2,0,1.0,0.0,1.0,0.0,-0.1999999999999993,0,0.0
1,1,1,5,1,1,1,13,27,8,6,0,0,0,1,0,1,21,0,0,6,7,5,13.8,0,0,6,6,6,12.833333333333334,0,16.2,0.3,-0.92,Graduate,2,0,0.8333333333333334,0.16666666666666663,1.0,0.0,-0.9666666666666668,1,1.0
1,1,1,3,0,1,1,23,28,1,1,0,0,0,1,0,0,21,0,0,6,8,5,12.8,0,0,6,10,6,11.857142857142858,0,7.6,2.6,0.32,Graduate,2,0,0.8333333333333334,0.16666666666666663,1.0,0.0,-0.9428571428571431,1,1.31
2,12,1,15,1,9,1,1,1,5,5,0,0,0,1,0,0,24,0,0,6,6,6,12.166666666666666,0,0,6,6,6,13.833333333333334,0,7.6,2.6,0.32,Graduate,2,0,1.0,0.0,1.0,0.0,1.6666666666666679,0,0.0
1,8,1,5,1,1,1,4,27,3,10,0,0,0,1,0,0,18,0,0,6,8,6,12.5,0,0,6,6,6,12.333333333333334,0,15.5,2.8,-4.06,Enrolled,1,0,1.0,0.0,1.0,0.0,-0.16666666666666607,0,0.88
1,12,1,3,0,11,1,19,1,12,3,0,0,0,1,0,0,32,0,0,6,9,4,12.0,0,0,6,12,4,11.5,0,7.6,2.6,0.32,Graduate,2,0,0.6666666666666666,0.33333333333333337,0.6666666666666666,0.33333333333333337,-0.5,0,1.94
1,9,2,3,0,1,1,3,1,4,5,1,0,0,1,0,1,19,0,0,6,8,6,10.833333333333334,0,0,6,9,6,11.5,0,10.8,1.4,1.74,Graduate,2,0,1.0,0.0,1.0,0.0,0.6666666666666661,0,0.88
1,12,1,12,1,1,1,3,3,2,2,1,0,0,1,0,0,24,0,0,8,8,8,13.385,0,0,8,8,8,13.385,0,9.4,-0.8,-3.12,Graduate,2,0,1.0,0.0,1.0,0.0,0.0,0,0.0
1,8,4,6,1,1,1,13,14,5,11,1,0,0,1,0,0,19,0,0,6,14,6,15.666666666666666,0,0,6,9,6,14.5,0,15.5,2.8,-4.06,Graduate,2,0,1.0,0.0,1.0,0.0,-1.166666666666666,0,2.0
1,15,1,4,1,14,1,13,27,7,7,0,0,1,1,0,1,19,0,0,6,9,6,14.333333333333334,0,0,6,7,6,13.833333333333334,0,13.9,-0.3,0.79,Graduate,2,0,1.0,0.0,1.0,0.0,-0.5,0,2.42
1,15,1,4,1,14,1,22,27,10,5,0,0,0,1,0,0,24,0,0,6,10,6,11.428571428571429,0,0,6,12,5,13.0,0,12.4,0.5,1.79,Enrolled,1,0,1.0,0.0,0.8333333333333334,0.16666666666666663,1.5714285714285712,-1,1.4
1,8,4,10,1,1,1,13,14,29,29,1,0,0,1,0,1,18,0,0,6,9,6,11.666666666666666,0,0,6,8,6,11.666666666666666,0,8.9,1.4,3.51,Graduate,2,0,1.0,0.0,1.0,0.0,0.0,0,1.17
1,1,1,5,1,1,1,23,27,4,7,1,0,0,1,0,1,19,0,0,6,9,5,12.0,0,0,6,10,2,11.333333333333334,0,8.9,1.4,3.51,Dropout,0,1,0.8333333333333334,0.16666666666666663,0.3333333333333333,0.6666666666666667,-0.6666666666666661,-3,1.56
2,1,1,12,1,1,1,3,28,3,5,0,0,0,1,0,1,19,0,0,8,8,7,14.725714285714288,0,0,8,8,7,14.725714285714288,0,10.8,1.4,1.74,Graduate,2,0,0.875,0.125,0.875,0.125,0.0,0,0.44
1,8,2,15,1,1,1,13,28,10,9,1,0,0,1,0,1,18,0,0,6,6,6,14.166666666666666,0,0,6,6,6,13.666666666666666,0,12.4,0.5,1.79,Graduate,2,0,1.0,0.0,1.0,0.0,-0.5,0,0.0
1,1,1,10,1,1,1,1,1,4,4,1,0,0,1,0,0,18,0,0,6,10,6,11.571428571428571,0,0,6,8,6,12.333333333333334,0,12.4,0.5,1.79,Graduate,2,0,1.0,0.0,1.0,0.0,0.7619047619047628,0,1.4
1,8,4,13,1,1,1,1,1,5,11,1,0,0,1,0,0,20,0,0,7,7,7,12.5,0,0,8,8,8,13.1375,0,12.4,0.5,1.79,Graduate,2,0,1.0,0.0,1.0,0.0,0.6374999999999993,1,0.0
1,1,1,12,1,1,1,13,28,6,8,0,0,0,1,0,0,18,0,0,8,10,8,12.86,2,0,8,10,8,12.86,2,9.4,-0.8,-3.12,Graduate,2,0,1.0,0.0,1.0,0.0,0.0,0,1.2
1,8,4,14,1,1,1,23,28,10,8,1,0,0,1,0,0,18,0,0,6,10,6,12.25,0,0,6,9,6,13.714285714285714,0,11.1,0.6,2.02,Graduate,2,0,1.0,0.0,1.0,0.0,1.4642857142857135,0,1.4
1,1,2,6,1,1,1,23,27,10,10,1,0,0,1,0,1,21,0,0,5,7,4,12.0,0,0,5,5,5,12.2,0,10.8,1.4,1.74,Graduate,2,0,0.8,0.19999999999999996,1.0,0.0,0.1999999999999993,1,1.5
1,1,1,12,1,1,1,13,14,5,10,0,0,0,1,0,1,18,0,0,7,9,7,15.116666666666667,0,0,8,9,8,16.168888888888887,0,15.5,2.8,-4.06,Graduate,2,0,1.0,0.0,1.0,0.0,1.0522222222222197,1,0.78
1,16,1,14,1,1,1,13,14,6,6,0,0,1,0,0,0,18,0,0,5,6,2,12.5,0,0,5,6,4,10.25,0,9.4,-0.8,-3.12,Dropout,0,1,0.4,0.6,0.8,0.19999999999999996,-2.25,2,4.83
1,8,2,10,1,1,1,1,9,5,4,1,0,0,1,0,0,19,0,0,6,11,0,0.0,0,0,6,0,0,0.0,0,9.4,-0.8,-3.12,Dropout,0,1,0.0,1.0,0.0,1.0,0.0,0,5.5
1,1,1,14,1,1,1,1,14,5,11,1,0,0,1,0,0,19,0,0,6,8,4,11.0,0,0,6,9,4,11.0,0,10.8,1.4,1.74,Enrolled,1,0,0.6666666666666666,0.33333333333333337,0.6666666666666666,0.33333333333333337,0.0,0,1.75
1,8,4,14,1,1,1,1,14,6,6,1,0,0,1,0,0,18,0,0,6,8,6,11.875,0,0,6,11,4,14.6,0,11.1,0.6,2.02,Graduate,2,0,1.0,0.0,0.6666666666666666,0.33333333333333337,2.7249999999999996,-2,0.88
1,12,1,8,1,3,1,3,1,12,12,1,0,0,1,0,0,34,0,1,5,6,1,11.0,0,0,5,5,0,0.0,0,12.7,3.7,-1.7,Dropout,0,1,0.2,0.8,0.0,1.0,-11.0,-1,2.92
1,1,3,6,1,1,1,9,9,12,12,0,0,0,1,0,0,19,0,0,5,5,5,15.2,0,0,5,6,5,13.2,0,7.6,2.6,0.32,Graduate,2,0,1.0,0.0,1.0,0.0,-2.0,0,0.0
1,15,1,8,1,14,1,22,27,8,9,1,0,1,0,0,0,19,0,2,6,7,5,11.6,0,1,6,12,2,11.0,0,12.4,0.5,1.79,Dropout,0,1,0.8333333333333334,0.16666666666666663,0.3333333333333333,0.6666666666666667,-0.5999999999999996,-3,3.5
1,16,1,10,1,1,1,3,14,3,2,0,0,1,1,0,0,26,0,0,6,6,6,14.833333333333334,0,0,6,7,6,15.142857142857142,0,11.1,0.6,2.02,Graduate,2,0,1.0,0.0,1.0,0.0,0.3095238095238084,0,1.25
1,8,1,16,1,1,1,19,24,1,1,1,0,0,1,0,0,21,0,0,6,12,3,11.333333333333334,0,0,6,10,3,11.333333333333334,0,7.6,2.6,0.32,Dropout,0,1,0.5,0.5,0.5,0.5,0.0,0,2.62
1,8,2,9,1,1,1,13,14,5,9,0,0,0,1,0,1,18,0,0,5,5,5,11.2,0,0,5,5,5,11.8,0,11.1,0.6,2.02,Graduate,2,0,1.0,0.0,1.0,0.0,0.6000000000000014,0,0.0
1,8,4,16,1,1,1,23,28,6,8,1,0,0,1,0,1,20,0,0,6,8,5,13.4,0,0,6,9,5,13.666666666666666,0,9.4,-0.8,-3.12,Graduate,2,0,0.8333333333333334,0.16666666666666663,0.8333333333333334,0.16666666666666663,0.2666666666666657,0,1.31
1,16,1,9,1,1,1,1,1,5,5,0,0,0,1,0,0,25,0,0,5,12,2,10.5,0,0,5,5,0,0.0,0,11.1,0.6,2.02,Dropout,0,1,0.4,0.6,0.0,1.0,-10.5,-2,2.92
1,1,1,9,1,1,1,1,28,5,4,0,0,0,1,0,0,18,0,0,5,5,5,16.2,0,0,5,5,5,16.4,0,11.1,0.6,2.02,Graduate,2,0,1.0,0.0,1.0,0.0,0.1999999999999993,0,0.0
1,1,1,12,1,1,1,13,14,4,7,1,0,0,1,0,1,18,0,0,7,7,7,14.542857142857144,0,0,8,11,8,14.88181818181818,0,16.2,0.3,-0.92,Graduate,2,0,1.0,0.0,1.0,0.0,0.3389610389610347,1,0.0
1,1,1,12,1,1,1,26,14,4,6,0,0,0,1,0,0,19,0,0,7,7,7,13.694285714285714,0,0,8,9,8,14.355555555555554,0,11.1,0.6,2.02,Graduate,2,0,1.0,0.0,1.0,0.0,0.6612698412698403,1,0.0
1,1,1,10,1,1,1,13,28,6,10,0,0,0,1,0,1,18,0,0,6,8,6,11.285714285714286,0,0,6,10,6,11.857142857142858,0,12.4,0.5,1.79,Graduate,2,0,1.0,0.0,1.0,0.0,0.5714285714285712,0,0.88
1,8,1,12,1,1,1,23,28,8,8,0,0,0,1,0,0,20,0,0,7,11,6,11.757142857142856,0,0,8,12,6,13.083333333333334,0,15.5,2.8,-4.06,Enrolled,1,0,0.8571428571428571,0.1428571428571429,0.75,0.25,1.3261904761904777,0,1.59
1,4,1,6,1,15,1,13,14,10,6,0,0,1,0,0,0,26,0,0,3,3,0,0.0,0,0,6,0,0,0.0,0,8.9,1.4,3.51,Dropout,0,1,0.0,1.0,0.0,1.0,0.0,0,8.0
1,13,1,12,1,1,1,22,27,8,10,1,0,0,1,0,1,19,0,0,8,8,7,13.058571428571428,0,0,8,8,7,13.058571428571428,0,10.8,1.4,1.74,Graduate,2,0,0.875,0.125,0.875,0.125,0.0,0,0.44
1,1,1,12,1,1,1,1,1,6,2,0,0,0,1,0,0,19,0,0,7,7,7,14.3,0,0,8,9,8,14.055555555555555,0,16.2,0.3,-0.92,Graduate,2,0,1.0,0.0,1.0,0.0,-0.24444444444444535,1,0.0
1,14,4,9,1,1,1,22,27,10,10,0,0,0,1,0,0,19,0,3,10,15,5,11.8,0,4,10,14,8,12.0,0,7.6,2.6,0.32,Graduate,2,0,0.5,0.5,0.8,0.19999999999999996,0.1999999999999993,3,2.33
1,3,3,6,1,1,1,1,14,8,6,1,0,0,1,0,0,19,0,0,5,9,3,10.333333333333334,1,0,5,8,3,13.0,0,7.6,2.6,0.32,Enrolled,1,0,0.6,0.4,0.6,0.4,2.666666666666666,0,2.73
1,1,1,11,1,1,1,13,14,6,9,1,0,0,1,0,0,18,0,0,6,7,6,10.571428571428571,0,0,6,11,3,11.666666666666666,0,16.2,0.3,-0.92,Graduate,2,0,1.0,0.0,0.5,0.5,1.095238095238095,-3,0.5
1,14,1,12,1,6,1,1,27,10,10,1,0,0,1,0,0,19,0,0,7,7,6,13.333333333333334,0,0,7,7,6,13.333333333333334,0,7.6,2.6,0.32,Graduate,2,0,0.8571428571428571,0.1428571428571429,0.8571428571428571,0.1428571428571429,0.0,0,0.5
1,1,1,10,1,1,1,1,1,10,7,0,0,1,1,0,0,18,0,0,6,10,6,11.857142857142858,0,0,6,9,5,11.0,0,13.9,-0.3,0.79,Graduate,2,0,1.0,0.0,0.8333333333333334,0.16666666666666663,-0.8571428571428577,-1,2.65
1,1,1,16,1,1,1,2,14,5,5,1,0,0,1,0,0,18,0,0,6,9,5,12.6,0,0,6,8,5,11.4,0,9.4,-0.8,-3.12,Enrolled,1,0,0.8333333333333334,0.16666666666666663,0.8333333333333334,0.16666666666666663,-1.1999999999999993,0,1.56
1,1,1,6,1,1,1,13,28,10,6,1,0,0,1,0,0,18,0,0,5,11,5,14.0,3,0,5,7,5,11.6,0,9.4,-0.8,-3.12,Enrolled,1,0,1.0,0.0,1.0,0.0,-2.4000000000000004,0,3.11
1,1,1,16,1,1,1,1,28,10,7,1,0,0,1,0,0,18,0,0,7,12,5,12.0,0,0,7,9,6,12.666666666666666,0,11.1,0.6,2.02,Enrolled,1,0,0.7142857142857143,0.2857142857142857,0.8571428571428571,0.1428571428571429,0.6666666666666661,1,2.04
1,15,1,7,1,14,1,13,27,5,8,0,0,1,1,0,0,26,0,0,5,6,0,0.0,0,0,5,5,0,0.0,0,16.2,0.3,-0.92,Dropout,0,1,0.0,1.0,0.0,1.0,0.0,0,6.75
1,1,1,10,1,1,1,23,28,8,8,1,0,0,1,0,0,20,0,0,6,7,6,12.0,0,0,6,7,6,13.0,0,12.4,0.5,1.79,Graduate,2,0,1.0,0.0,1.0,0.0,1.0,0,0.5
1,1,1,3,0,1,1,22,28,10,11,0,0,0,1,0,0,19,0,0,6,6,6,12.666666666666666,0,0,6,6,6,11.666666666666666,0,12.7,3.7,-1.7,Graduate,2,0,1.0,0.0,1.0,0.0,-1.0,0,0.0
1,1,1,10,1,1,1,19,27,5,10,1,0,0,1,0,1,18,0,0,6,6,6,12.166666666666666,0,0,6,9,6,13.666666666666666,0,9.4,-0.8,-3.12,Graduate,2,0,1.0,0.0,1.0,0.0,1.5,0,0.0
1,15,1,10,1,14,1,23,27,8,8,0,0,0,1,0,0,19,0,3,6,6,6,13.333333333333334,0,2,6,6,6,14.666666666666666,0,13.9,-0.3,0.79,Graduate,2,0,1.0,0.0,1.0,0.0,1.3333333333333321,0,0.0
1,4,1,16,1,15,1,26,3,3,2,0,0,1,1,0,0,40,0,0,7,8,7,15.0,0,0,7,7,7,14.571428571428571,0,12.4,0.5,1.79,Graduate,2,0,1.0,0.0,1.0,0.0,-0.4285714285714288,0,1.69
1,1,4,12,1,1,1,23,28,8,8,1,0,0,1,0,1,18,0,0,8,8,8,13.39125,0,0,8,8,8,13.39125,0,9.4,-0.8,-3.12,Graduate,2,0,1.0,0.0,1.0,0.0,0.0,0,0.0
1,8,1,10,1,1,1,3,1,10,11,0,0,0,1,0,0,19,0,0,6,9,5,12.166666666666666,0,0,6,8,6,12.428571428571429,0,13.9,-0.3,0.79,Graduate,2,0,0.8333333333333334,0.16666666666666663,1.0,0.0,0.26190476190476275,1,1.56
1,8,1,8,1,1,1,2,7,4,6,0,0,0,1,0,0,18,0,0,5,9,4,11.25,0,0,5,6,4,12.5,0,7.6,2.6,0.32,Graduate,2,0,0.8,0.19999999999999996,0.8,0.19999999999999996,1.25,0,1.94
1,1,1,6,1,1,1,1,2,4,2,1,0,0,1,0,0,19,0,0,5,13,4,12.0,2,0,5,8,3,12.0,0,9.4,-0.8,-3.12,Enrolled,1,0,0.8,0.19999999999999996,0.6,0.4,0.0,-1,3.22
1,1,1,2,1,1,1,3,3,3,3,1,0,0,1,0,0,18,0,0,0,0,0,0.0,0,0,0,0,0,0.0,0,15.5,2.8,-4.06,Dropout,0,1,0.0,1.0,0.0,1.0,0.0,0,5.5
2,12,1,3,0,1,1,22,27,10,10,1,0,0,1,0,0,33,0,0,6,7,6,12.833333333333334,0,0,6,8,6,12.857142857142858,0,12.4,0.5,1.79,Graduate,2,0,1.0,0.0,1.0,0.0,0.023809523809523725,0,0.5
1,12,1,4,1,3,1,3,3,2,3,0,0,0,1,0,0,35,0,0,6,10,6,14.0,0,0,6,11,6,13.1,0,16.2,0.3,-0.92,Graduate,2,0,1.0,0.0,1.0,0.0,-0.9000000000000004,0,1.4
1,13,1,9,1,1,1,22,28,10,2,1,0,0,1,0,0,26,0,3,5,5,4,13.0,0,1,5,7,2,12.0,0,9.4,-0.8,-3.12,Enrolled,1,0,0.8,0.19999999999999996,0.4,0.6,-1.0,-2,0.7
1,1,1,15,1,1,1,13,14,8,6,1,0,0,1,0,0,18,0,0,6,7,6,13.5,0,0,6,8,6,12.5,0,9.4,-0.8,-3.12,Graduate,2,0,1.0,0.0,1.0,0.0,-1.0,0,0.5
1,14,1,10,1,1,1,22,27,10,10,0,0,0,1,0,0,36,0,10,16,24,13,10.692307692307692,1,9,13,19,9,12.307692307692308,0,15.5,2.8,-4.06,Enrolled,1,0,0.8125,0.1875,0.6923076923076923,0.3076923076923077,1.6153846153846168,-4,1.73
4,12,1,17,0,1,1,22,27,7,7,0,0,0,1,0,0,39,0,0,5,6,5,11.0,0,0,5,9,5,11.666666666666666,0,10.8,1.4,1.74,Graduate,2,0,1.0,0.0,1.0,0.0,0.6666666666666661,0,0.58
2,12,1,10,1,1,1,22,27,10,10,0,0,0,1,0,0,44,0,0,6,8,6,13.0,0,0,6,6,6,13.833333333333334,0,12.7,3.7,-1.7,Graduate,2,0,1.0,0.0,1.0,0.0,0.8333333333333339,0,0.88
1,1,2,3,0,1,1,3,1,4,10,0,0,0,1,0,0,20,0,0,6,10,5,12.0,0,0,6,9,4,11.25,0,9.4,-0.8,-3.12,Enrolled,1,0,0.8333333333333334,0.16666666666666663,0.6666666666666666,0.33333333333333337,-0.75,-1,1.75
1,1,1,11,1,1,1,13,14,10,10,1,0,0,1,0,0,24,0,0,6,9,4,12.6,0,0,6,6,4,11.5,0,12.7,3.7,-1.7,Dropout,0,1,0.6666666666666666,0.33333333333333337,0.6666666666666666,0.33333333333333337,-1.0999999999999996,0,1.94
1,14,1,15,1,1,1,13,14,10,9,0,0,0,1,0,1,20,0,0,6,6,6,13.666666666666666,0,0,6,6,6,13.333333333333334,0,12.4,0.5,1.79,Graduate,2,0,1.0,0.0,1.0,0.0,-0.33333333333333215,0,0.0
1,1,4,2,1,1,1,1,1,10,6,1,0,0,0,0,0,19,0,0,0,0,0,0.0,0,0,0,0,0,0.0,0,9.4,-0.8,-3.12,Dropout,0,1,0.0,1.0,0.0,1.0,0.0,0,6.75
2,1,1,12,1,1,1,22,28,10,8,0,0,1,1,0,1,18,0,0,7,7,6,14.2,0,0,7,7,6,14.2,0,7.6,2.6,0.32,Graduate,2,0,0.8571428571428571,0.1428571428571429,0.8571428571428571,0.1428571428571429,0.0,0,1.75
1,1,1,11,1,1,1,13,14,5,7,0,0,1,0,0,0,22,0,0,6,10,5,11.0,0,0,6,12,0,0.0,0,10.8,1.4,1.74,Dropout,0,1,0.8333333333333334,0.16666666666666663,0.0,1.0,-11.0,-5,4.25
1,8,1,6,1,1,1,13,1,5,6,1,0,0,1,0,0,18,0,0,6,7,6,15.0,0,0,6,7,6,16.428571428571427,0,11.1,0.6,2.02,Graduate,2,0,1.0,0.0,1.0,0.0,1.428571428571427,0,0.5
1,12,1,12,1,12,1,23,27,10,10,0,0,0,1,0,0,24,0,0,7,9,6,12.585714285714284,0,0,8,9,7,13.44285714285714,0,13.9,-0.3,0.79,Graduate,2,0,0.8571428571428571,0.1428571428571429,0.875,0.125,0.8571428571428559,1,1.17
1,12,1,17,0,1,1,22,27,12,9,0,0,0,1,0,0,33,0,0,5,0,0,0.0,0,0,5,0,0,0.0,0,12.7,3.7,-1.7,Dropout,0,1,0.0,1.0,0.0,1.0,0.0,0,5.5
1,12,1,4,1,1,1,22,27,4,9,0,0,1,1,0,1,30,0,0,6,6,0,0.0,0,0,6,6,0,0.0,0,11.1,0.6,2.02,Enrolled,1,0,0.0,1.0,0.0,1.0,0.0,0,6.75
1,12,1,6,1,17,1,3,29,3,4,0,0,0,1,0,0,26,0,0,6,0,0,0.0,0,0,6,0,0,0.0,0,8.9,1.4,3.51,Dropout,0,1,0.0,1.0,0.0,1.0,0.0,0,5.5
1,8,4,16,1,1,1,13,28,5,2,1,0,0,1,0,0,18,0,0,6,7,6,11.666666666666666,0,0,6,10,6,11.833333333333334,0,10.8,1.4,1.74,Graduate,2,0,1.0,0.0,1.0,0.0,0.16666666666666785,0,0.5
1,1,1,15,1,1,1,22,28,10,8,0,0,1,1,0,0,19,0,0,6,13,3,12.666666666666666,0,0,6,12,2,10.0,0,10.8,1.4,1.74,Dropout,0,1,0.5,0.5,0.3333333333333333,0.6666666666666667,-2.666666666666666,-1,3.94
1,8,4,9,1,1,1,13,28,10,11,1,0,0,1,0,0,20,0,0,5,10,3,10.333333333333334,0,0,5,9,4,11.0,2,16.2,0.3,-0.92,Enrolled,1,0,0.6,0.4,0.8,0.19999999999999996,0.6666666666666661,1,2.45
1,17,1,6,1,16,1,13,27,10,9,1,0,0,1,0,1,22,0,7,11,18,8,13.5,0,4,9,16,7,13.714285714285714,0,8.9,1.4,3.51,Graduate,2,0,0.7272727272727273,0.2727272727272727,0.7777777777777778,0.2222222222222222,0.21428571428571352,-1,1.94
1,1,4,12,1,1,1,1,1,10,2,1,0,0,1,0,0,19,0,0,7,8,5,13.98,0,0,7,8,5,13.98,0,7.6,2.6,0.32,Enrolled,1,0,0.7142857142857143,0.2857142857142857,0.7142857142857143,0.2857142857142857,0.0,0,1.31
1,1,1,6,1,1,1,22,28,8,6,1,0,0,1,0,1,21,0,0,6,13,6,16.153846153846153,0,0,6,10,6,15.75,0,15.5,2.8,-4.06,Graduate,2,0,1.0,0.0,1.0,0.0,-0.4038461538461533,0,1.88
1,1,4,12,1,1,1,13,28,5,9,1,0,0,1,0,1,21,0,0,7,7,6,14.033333333333331,0,0,7,7,6,14.033333333333331,0,7.6,2.6,0.32,Graduate,2,0,0.8571428571428571,0.1428571428571429,0.8571428571428571,0.1428571428571429,0.0,0,0.5
1,8,1,6,1,1,1,13,27,3,8,0,0,0,1,0,0,19,0,0,5,8,1,11.0,0,0,5,6,5,11.2,0,7.6,2.6,0.32,Enrolled,1,0,0.2,0.8,1.0,0.0,0.1999999999999993,4,3.06
1,1,1,16,1,1,1,23,27,29,46,1,0,0,1,0,1,19,0,0,7,8,7,13.857142857142858,0,0,7,8,6,13.666666666666666,0,8.9,1.4,3.51,Graduate,2,0,1.0,0.0,0.8571428571428571,0.1428571428571429,-0.19047619047619158,-1,0.44
1,1,6,12,1,1,1,13,14,10,6,1,0,0,1,0,0,18,0,0,8,8,7,13.414285714285716,0,0,8,8,7,13.414285714285716,0,12.7,3.7,-1.7,Dropout,0,1,0.875,0.125,0.875,0.125,0.0,0,0.44
2,14,1,3,0,1,1,22,29,10,5,0,0,0,1,0,0,50,0,7,11,11,11,13.545454545454543,0,3,7,7,7,13.571428571428571,0,16.2,0.3,-0.92,Graduate,2,0,1.0,0.0,1.0,0.0,0.02597402597402798,-4,0.0
4,12,1,17,0,1,1,23,14,10,8,0,0,0,1,0,1,31,0,0,5,11,4,11.25,0,0,5,10,4,10.833333333333334,0,13.9,-0.3,0.79,Enrolled,1,0,0.8,0.19999999999999996,0.8,0.19999999999999996,-0.4166666666666661,0,2.23
1,8,1,15,1,1,1,1,14,5,8,0,0,0,1,0,1,19,0,0,6,6,6,13.833333333333334,0,0,6,7,6,14.428571428571429,0,15.5,2.8,-4.06,Graduate,2,0,1.0,0.0,1.0,0.0,0.5952380952380949,0,0.0
4,12,1,17,0,1,1,1,27,20,43,0,0,0,1,0,0,35,0,0,5,8,5,12.0,0,0,5,9,5,12.857142857142858,0,13.9,-0.3,0.79,Graduate,2,0,1.0,0.0,1.0,0.0,0.8571428571428577,0,1.31
2,12,1,6,1,12,1,23,28,5,8,0,0,0,1,0,0,31,0,0,6,0,0,0.0,0,0,6,0,0,0.0,0,12.7,3.7,-1.7,Dropout,0,1,0.0,1.0,0.0,1.0,0.0,0,5.5
2,16,1,3,0,12,1,22,27,10,10,0,0,1,1,0,0,42,0,5,11,14,10,11.9,0,5,11,14,10,12.8,0,11.1,0.6,2.02,Enrolled,1,0,0.9090909090909091,0.09090909090909094,0.9090909090909091,0.09090909090909094,0.9000000000000004,0,2.25
1,9,4,9,1,1,1,22,27,10,10,1,0,0,0,0,0,34,0,0,5,5,0,0.0,0,0,5,0,0,0.0,0,9.4,-0.8,-3.12,Dropout,0,1,0.0,1.0,0.0,1.0,0.0,0,6.75
1,1,1,12,1,1,1,1,1,5,5,1,0,0,1,0,1,18,0,0,7,7,7,15.135714285714286,0,0,8,8,8,15.287499999999998,0,12.4,0.5,1.79,Graduate,2,0,1.0,0.0,1.0,0.0,0.15178571428571175,1,0.0
1,8,1,16,1,1,1,3,3,4,4,1,0,0,0,0,1,18,0,0,7,7,7,12.285714285714286,0,0,7,8,6,13.333333333333334,0,8.9,1.4,3.51,Enrolled,1,0,1.0,0.0,0.8571428571428571,0.1428571428571429,1.0476190476190474,-1,1.25
1,15,1,6,1,14,1,22,28,6,7,1,0,0,1,0,0,21,0,2,6,16,5,12.666666666666666,0,1,6,15,2,13.5,0,16.2,0.3,-0.92,Enrolled,1,0,0.8333333333333334,0.16666666666666663,0.3333333333333333,0.6666666666666667,0.8333333333333339,-3,2.41
4,12,1,12,1,12,1,23,14,6,8,0,0,0,1,0,1,26,0,0,7,13,5,12.74,0,0,8,12,6,10.978571428571428,0,16.2,0.3,-0.92,Dropout,0,1,0.7142857142857143,0.2857142857142857,0.75,0.25,-1.7614285714285725,1,2.15
1,14,1,12,1,1,1,13,27,9,9,0,0,0,1,0,0,20,0,0,7,8,6,13.25,0,0,8,8,8,13.75,0,13.9,-0.3,0.79,Enrolled,1,0,0.8571428571428571,0.1428571428571429,1.0,0.0,0.5,2,0.88
1,1,1,10,1,1,1,23,28,6,8,0,0,0,1,0,0,19,0,0,6,13,3,10.333333333333334,0,0,6,12,3,10.333333333333334,0,7.6,2.6,0.32,Enrolled,1,0,0.5,0.5,0.5,0.5,0.0,0,2.69
1,1,1,16,1,1,1,13,14,6,6,0,0,0,1,0,1,19,0,0,6,7,6,13.428571428571429,0,0,6,6,6,13.166666666666666,0,15.5,2.8,-4.06,Graduate,2,0,1.0,0.0,1.0,0.0,-0.26190476190476275,0,0.5
1,17,1,9,1,16,1,3,4,3,2,0,0,0,1,0,0,20,0,6,11,19,9,12.555555555555555,0,3,9,14,8,11.11111111111111,0,8.9,1.4,3.51,Graduate,2,0,0.8181818181818182,0.18181818181818177,0.8888888888888888,0.11111111111111116,-1.4444444444444446,-1,1.84
1,1,1,10,1,1,1,19,24,1,1,0,0,0,1,0,0,19,0,0,6,8,6,11.5,0,0,6,7,6,11.166666666666666,0,7.6,2.6,0.32,Graduate,2,0,1.0,0.0,1.0,0.0,-0.3333333333333339,0,0.88
1,1,1,16,1,1,1,22,27,10,10,0,0,0,1,0,0,18,0,0,6,6,6,13.666666666666666,0,0,6,9,6,12.333333333333334,0,7.6,2.6,0.32,Graduate,2,0,1.0,0.0,1.0,0.0,-1.3333333333333321,0,0.0
1,12,1,17,0,3,1,22,27,10,10,0,0,0,1,0,0,28,0,10,14,16,11,11.272727272727272,0,6,11,16,10,12.0,0,10.8,1.4,1.74,Graduate,2,0,0.7857142857142857,0.2142857142857143,0.9090909090909091,0.09090909090909094,0.7272727272727284,-1,1.09
1,8,1,16,1,1,1,1,14,5,6,1,0,0,1,0,0,22,0,0,6,10,5,13.166666666666666,0,0,6,8,5,12.4,0,15.5,2.8,-4.06,Enrolled,1,0,0.8333333333333334,0.16666666666666663,0.8333333333333334,0.16666666666666663,-0.7666666666666657,0,1.75
1,15,1,3,0,14,1,22,27,8,8,0,0,0,1,0,1,21,0,3,6,6,6,14.666666666666666,0,2,6,6,6,14.166666666666666,0,13.9,-0.3,0.79,Graduate,2,0,1.0,0.0,1.0,0.0,-0.5,0,0.0
1,15,1,6,1,14,1,4,28,5,6,1,0,0,1,0,0,21,0,0,6,11,4,12.75,0,0,6,19,1,11.0,0,12.4,0.5,1.79,Enrolled,1,0,0.6666666666666666,0.33333333333333337,0.16666666666666666,0.8333333333333334,-1.75,-3,2.23
1,12,1,12,1,1,1,1,14,6,4,0,1,0,1,0,0,26,0,0,7,11,5,11.2,0,0,8,13,5,12.14,0,16.2,0.3,-0.92,Enrolled,1,0,0.7142857142857143,0.2857142857142857,0.625,0.375,0.9400000000000013,0,1.91
1,1,6,15,1,1,1,18,27,8,8,1,0,1,0,0,0,18,0,0,6,8,5,13.0,0,0,6,8,5,11.4,0,7.6,2.6,0.32,Dropout,0,1,0.8333333333333334,0.16666666666666663,0.8333333333333334,0.16666666666666663,-1.5999999999999996,0,3.81
1,8,2,6,1,1,1,1,1,10,11,0,0,0,0,0,0,20,0,0,5,8,2,10.5,0,0,5,8,2,12.333333333333334,0,7.6,2.6,0.32,Dropout,0,1,0.4,0.6,0.4,0.6,1.833333333333334,0,3.87
1,8,2,6,1,1,1,1,14,5,4,0,0,0,1,0,0,18,0,0,6,7,6,14.857142857142858,0,0,6,7,6,14.0,0,11.1,0.6,2.02,Graduate,2,0,1.0,0.0,1.0,0.0,-0.8571428571428577,0,0.5
1,1,4,12,1,1,1,1,1,5,10,1,0,0,1,0,1,19,0,0,8,11,7,12.86,0,0,8,11,7,12.86,0,10.8,1.4,1.74,Graduate,2,0,0.875,0.125,0.875,0.125,0.0,0,1.27
1,16,1,10,1,1,1,3,14,4,11,1,0,0,1,0,0,20,0,5,11,12,11,11.727272727272728,0,5,11,14,11,12.0,0,12.4,0.5,1.79,Graduate,2,0,1.0,0.0,1.0,0.0,0.2727272727272716,0,0.29
1,15,1,6,1,14,1,23,27,5,7,1,0,0,1,0,1,22,0,3,6,11,6,13.142857142857142,0,2,6,10,3,12.0,0,13.9,-0.3,0.79,Graduate,2,0,1.0,0.0,0.5,0.5,-1.1428571428571423,-3,1.59
1,8,1,14,1,1,1,22,14,6,9,1,0,1,1,0,0,18,0,0,6,6,5,11.8,0,0,6,9,4,13.714285714285714,0,10.8,1.4,1.74,Dropout,0,1,0.8333333333333334,0.16666666666666663,0.6666666666666666,0.33333333333333337,1.9142857142857128,-1,1.83
1,8,1,9,1,1,1,23,27,7,5,1,0,0,1,0,0,19,0,0,5,10,3,10.666666666666666,0,0,5,9,0,0.0,3,16.2,0.3,-0.92,Dropout,0,1,0.6,0.4,0.0,1.0,-10.666666666666666,-3,2.45
1,8,4,5,1,1,1,1,3,4,4,0,0,0,1,0,1,18,0,0,6,9,5,11.6,0,0,6,8,4,11.2,0,8.9,1.4,3.51,Enrolled,1,0,0.8333333333333334,0.16666666666666663,0.6666666666666666,0.33333333333333337,-0.40000000000000036,-1,1.56
1,8,1,11,1,1,1,22,27,8,8,1,0,0,1,0,0,20,0,0,6,13,3,10.333333333333334,0,0,6,12,3,10.333333333333334,0,10.8,1.4,1.74,Enrolled,1,0,0.5,0.5,0.5,0.5,0.0,0,2.69
1,1,1,15,1,1,1,23,27,10,10,1,1,0,1,0,0,19,0,0,6,11,4,12.25,0,0,6,11,3,11.0,0,7.6,2.6,0.32,Enrolled,1,0,0.6666666666666666,0.33333333333333337,0.5,0.5,-1.25,-1,2.23
1,1,1,11,1,1,1,13,28,10,10,0,0,0,1,0,0,19,0,0,6,6,6,12.0,0,0,6,7,4,12.75,0,12.4,0.5,1.79,Enrolled,1,0,1.0,0.0,0.6666666666666666,0.33333333333333337,0.75,-2,0.0
1,8,1,12,1,1,1,22,27,6,6,1,0,0,1,0,0,19,0,0,8,8,7,14.731428571428571,0,0,8,8,7,14.731428571428571,0,10.8,1.4,1.74,Graduate,2,0,0.875,0.125,0.875,0.125,0.0,0,0.44
1,1,1,2,1,1,1,1,14,4,10,1,0,0,1,0,0,18,0,0,0,0,0,0.0,0,0,0,0,0,0.0,0,12.7,3.7,-1.7,Graduate,2,0,0.0,1.0,0.0,1.0,0.0,0,5.5
1,4,1,5,1,15,1,1,14,4,10,1,0,0,1,0,0,21,0,9,13,14,13,13.615384615384617,1,6,12,12,12,14.25,0,13.9,-0.3,0.79,Graduate,2,0,1.0,0.0,1.0,0.0,0.6346153846153832,-1,0.4
1,12,1,17,0,15,1,1,14,10,10,0,0,0,1,0,0,27,0,0,5,5,5,15.8,0,0,5,5,5,14.8,0,8.9,1.4,3.51,Graduate,2,0,1.0,0.0,1.0,0.0,-1.0,0,0.0
1,8,1,10,1,1,1,1,14,5,5,0,0,0,1,0,0,19,0,0,6,6,6,14.666666666666666,0,0,6,7,6,14.571428571428571,0,15.5,2.8,-4.06,Graduate,2,0,1.0,0.0,1.0,0.0,-0.0952380952380949,0,0.0
4,12,1,6,1,1,1,19,24,1,1,0,0,0,1,0,0,25,0,0,5,5,0,0.0,0,0,5,5,0,0.0,0,7.6,2.6,0.32,Dropout,0,1,0.0,1.0,0.0,1.0,0.0,0,5.5
1,1,2,12,1,1,1,13,14,8,8,1,0,0,1,0,1,18,0,0,8,8,7,14.654285714285717,0,0,8,8,7,14.654285714285717,0,10.8,1.4,1.74,Graduate,2,0,0.875,0.125,0.875,0.125,0.0,0,0.44
1,12,1,12,1,3,1,13,1,5,9,0,0,0,1,0,0,24,0,0,8,8,7,12.401428571428571,0,0,8,8,7,12.401428571428571,0,10.8,1.4,1.74,Graduate,2,0,0.875,0.125,0.875,0.125,0.0,0,0.44
1,1,3,12,1,1,1,1,1,5,11,1,0,0,1,0,0,20,0,0,7,8,7,11.5875,0,0,8,9,7,14.071428571428571,0,13.9,-0.3,0.79,Graduate,2,0,1.0,0.0,0.875,0.125,2.483928571428571,0,0.44
1,4,1,17,0,15,1,22,27,7,7,0,0,0,1,0,0,26,0,3,5,5,5,14.0,0,1,5,5,5,15.6,0,12.4,0.5,1.79,Graduate,2,0,1.0,0.0,1.0,0.0,1.5999999999999996,0,0.0
1,1,1,10,1,1,1,1,28,10,8,1,0,0,1,0,1,20,0,0,6,9,6,12.333333333333334,0,0,6,6,6,11.833333333333334,0,8.9,1.4,3.51,Graduate,2,0,1.0,0.0,1.0,0.0,-0.5,0,1.17
1,1,1,6,1,1,1,22,27,12,12,0,0,0,1,0,0,18,0,0,5,5,5,14.0,0,0,5,6,5,15.4,0,7.6,2.6,0.32,Graduate,2,0,1.0,0.0,1.0,0.0,1.4000000000000004,0,0.0
1,1,1,6,1,1,1,1,1,10,10,1,0,0,1,0,0,19,0,0,6,13,6,15.23076923076923,0,0,6,10,6,12.375,0,15.5,2.8,-4.06,Graduate,2,0,1.0,0.0,1.0,0.0,-2.85576923076923,0,1.88
1,1,1,16,1,1,1,13,14,10,10,1,0,0,1,0,0,23,0,0,6,9,5,11.6,0,0,6,9,3,11.0,0,12.7,3.7,-1.7,Dropout,0,1,0.8333333333333334,0.16666666666666663,0.5,0.5,-0.5999999999999996,-2,1.56
1,1,4,12,1,1,1,22,27,10,10,1,0,0,1,0,1,18,0,0,7,7,6,11.6,0,0,7,7,6,11.6,0,7.6,2.6,0.32,Graduate,2,0,0.8571428571428571,0.1428571428571429,0.8571428571428571,0.1428571428571429,0.0,0,0.5
1,1,4,12,1,1,1,1,14,5,6,0,0,0,1,0,0,18,0,0,7,0,0,0.0,0,0,8,0,0,0.0,0,12.7,3.7,-1.7,Dropout,0,1,0.0,1.0,0.0,1.0,0.0,0,5.5
1,1,1,12,1,1,1,2,1,3,9,0,0,0,1,0,1,19,0,0,7,7,7,12.901428571428571,0,0,8,9,8,13.094444444444443,0,11.1,0.6,2.02,Graduate,2,0,1.0,0.0,1.0,0.0,0.19301587301587197,1,0.0
1,13,1,17,0,1,1,1,2,5,4,0,0,0,1,0,0,30,0,4,7,9,7,14.142857142857142,0,1,5,5,5,14.8,0,7.6,2.6,0.32,Graduate,2,0,1.0,0.0,1.0,0.0,0.6571428571428584,-2,0.78
1,15,1,6,1,14,1,1,2,5,7,1,0,0,1,0,0,29,0,0,6,0,0,0.0,0,0,6,0,0,0.0,0,15.5,2.8,-4.06,Dropout,0,1,0.0,1.0,0.0,1.0,0.0,0,5.5
1,1,6,12,1,1,1,3,1,4,4,1,0,0,1,0,0,19,0,0,8,8,8,13.25375,0,0,8,8,8,13.25375,0,9.4,-0.8,-3.12,Graduate,2,0,1.0,0.0,1.0,0.0,0.0,0,0.0
1,8,6,13,1,1,1,13,2,6,4,1,0,0,1,0,0,20,0,0,7,7,7,13.785714285714286,0,0,8,8,8,14.1,0,12.4,0.5,1.79,Graduate,2,0,1.0,0.0,1.0,0.0,0.31428571428571317,1,0.0
1,1,1,12,1,1,1,22,27,10,4,0,0,0,1,0,0,20,0,0,7,7,6,13.916666666666666,0,0,7,7,6,13.916666666666666,0,7.6,2.6,0.32,Graduate,2,0,0.8571428571428571,0.1428571428571429,0.8571428571428571,0.1428571428571429,0.0,0,0.5
1,1,4,14,1,1,1,23,28,4,8,1,0,0,1,0,0,19,0,0,6,8,6,13.5,0,0,6,9,6,13.571428571428571,0,11.1,0.6,2.02,Graduate,2,0,1.0,0.0,1.0,0.0,0.07142857142857117,0,0.88
1,8,1,9,1,1,1,23,2,10,3,1,0,0,1,0,0,20,0,0,5,8,3,11.333333333333334,0,0,5,12,2,10.666666666666666,0,10.8,1.4,1.74,Enrolled,1,0,0.6,0.4,0.4,0.6,-0.6666666666666679,-1,2.19
3,1,2,6,1,1,1,13,1,5,5,1,0,0,1,0,0,21,0,0,5,8,0,0.0,4,0,5,12,0,0.0,4,10.8,1.4,1.74,Dropout,0,1,0.0,1.0,0.0,1.0,0.0,0,7.1
1,8,1,14,1,1,1,13,28,5,11,0,0,0,1,0,0,19,0,0,6,10,5,11.5,0,0,6,9,4,14.6,0,11.1,0.6,2.02,Graduate,2,0,0.8333333333333334,0.16666666666666663,0.6666666666666666,0.33333333333333337,3.0999999999999996,-1,1.75
1,1,3,12,1,1,1,22,28,10,10,1,0,0,1,0,1,18,0,0,8,8,7,12.082857142857142,0,0,8,8,7,12.082857142857142,0,10.8,1.4,1.74,Graduate,2,0,0.875,0.125,0.875,0.125,0.0,0,0.44
1,12,1,3,0,1,1,22,27,8,9,0,0,0,1,0,1,27,0,0,6,8,6,11.833333333333334,0,0,6,10,5,12.8,0,15.5,2.8,-4.06,Graduate,2,0,1.0,0.0,0.8333333333333334,0.16666666666666663,0.9666666666666668,-1,0.88
1,8,2,9,1,1,1,23,28,7,9,1,0,0,1,0,1,19,0,0,5,6,5,13.4,0,0,5,5,5,12.4,0,12.4,0.5,1.79,Graduate,2,0,1.0,0.0,1.0,0.0,-1.0,0,0.58
1,1,1,12,1,1,1,1,1,12,4,0,0,0,1,0,1,19,0,0,7,7,0,0.0,2,0,7,7,0,0.0,2,7.6,2.6,0.32,Dropout,0,1,0.0,1.0,0.0,1.0,0.0,0,6.07
1,1,1,15,1,1,1,1,14,5,9,1,0,0,1,0,0,19,0,0,6,7,5,14.2,0,0,6,7,6,14.571428571428571,0,15.5,2.8,-4.06,Graduate,2,0,0.8333333333333334,0.16666666666666663,1.0,0.0,0.3714285714285719,1,1.0
1,1,6,12,1,1,1,13,14,6,6,1,0,0,1,0,1,18,0,0,8,8,7,13.814285714285717,0,0,8,8,7,13.814285714285717,0,12.7,3.7,-1.7,Graduate,2,0,0.875,0.125,0.875,0.125,0.0,0,0.44
1,8,1,11,1,1,1,13,14,6,6,0,0,0,1,0,1,20,0,0,6,10,4,11.25,0,0,6,6,6,10.5,0,12.4,0.5,1.79,Enrolled,1,0,0.6666666666666666,0.33333333333333337,1.0,0.0,-0.75,2,2.1
1,1,1,14,1,1,1,13,27,5,6,0,0,0,1,0,1,18,0,0,6,6,6,14.5,0,0,6,8,6,13.666666666666666,0,12.7,3.7,-1.7,Graduate,2,0,1.0,0.0,1.0,0.0,-0.8333333333333339,0,0.0
1,1,5,14,1,1,1,7,1,3,5,1,0,0,1,0,0,19,0,0,6,0,0,0.0,0,0,6,0,0,0.0,0,7.6,2.6,0.32,Dropout,0,1,0.0,1.0,0.0,1.0,0.0,0,5.5
2,12,1,12,1,12,1,22,27,10,10,1,0,0,1,0,0,36,0,0,7,7,6,11.3,0,0,7,7,6,11.3,0,7.6,2.6,0.32,Graduate,2,0,0.8571428571428571,0.1428571428571429,0.8571428571428571,0.1428571428571429,0.0,0,0.5
1,14,1,13,1,1,1,3,4,4,3,0,0,0,1,0,0,18,0,0,2,2,0,0.0,0,0,4,4,1,16.0,0,10.8,1.4,1.74,Enrolled,1,0,0.0,1.0,0.25,0.75,16.0,1,5.5
1,14,1,8,1,1,1,13,28,5,6,1,0,1,1,0,0,18,0,0,5,11,1,12.0,0,0,5,9,3,12.0,0,12.7,3.7,-1.7,Enrolled,1,0,0.2,0.8,0.6,0.4,0.0,2,4.43
1,8,6,12,1,1,1,13,28,10,4,1,0,0,1,0,0,19,0,0,8,9,7,12.3,0,0,8,9,7,12.3,0,12.7,3.7,-1.7,Graduate,2,0,0.875,0.125,0.875,0.125,0.0,0,0.78
1,1,5,12,1,1,1,13,14,8,9,1,0,0,1,0,1,18,0,0,8,8,7,12.694285714285714,0,0,8,8,7,12.694285714285714,0,10.8,1.4,1.74,Graduate,2,0,0.875,0.125,0.875,0.125,0.0,0,0.44
1,8,1,14,1,1,1,13,14,2,2,0,0,0,1,0,0,18,0,0,5,5,4,11.0,0,0,5,5,4,11.0,0,9.4,-0.8,-3.12,Graduate,2,0,0.8,0.19999999999999996,0.8,0.19999999999999996,0.0,0,0.7
1,1,1,10,1,1,1,22,14,10,4,1,0,0,1,0,1,19,0,0,6,6,6,13.0,0,0,6,6,6,14.166666666666666,0,12.4,0.5,1.79,Graduate,2,0,1.0,0.0,1.0,0.0,1.166666666666666,0,0.0
1,1,1,12,1,1,1,3,1,3,2,0,0,0,1,0,1,19,0,0,7,8,7,14.4125,0,0,8,8,8,16.05,0,13.9,-0.3,0.79,Graduate,2,0,1.0,0.0,1.0,0.0,1.637500000000001,1,0.44
1,1,2,12,1,1,1,1,14,8,8,1,0,0,1,0,0,18,0,0,7,8,7,12.92875,0,0,8,8,8,14.0625,0,15.5,2.8,-4.06,Dropout,0,1,1.0,0.0,1.0,0.0,1.1337499999999991,1,0.44
1,1,2,15,1,1,1,1,14,10,8,1,0,0,1,0,0,20,0,0,6,6,6,13.333333333333334,0,0,6,10,5,12.8,0,11.1,0.6,2.02,Graduate,2,0,1.0,0.0,0.8333333333333334,0.16666666666666663,-0.5333333333333332,-1,0.0
1,1,3,11,1,1,1,13,28,4,11,1,0,0,1,0,1,20,0,0,6,8,5,12.8,0,0,6,9,5,12.8,0,12.4,0.5,1.79,Enrolled,1,0,0.8333333333333334,0.16666666666666663,0.8333333333333334,0.16666666666666663,0.0,0,1.31
1,9,1,12,1,1,1,23,27,6,6,1,0,0,1,0,0,20,0,0,8,8,7,14.402857142857142,0,0,8,8,7,14.402857142857142,0,10.8,1.4,1.74,Graduate,2,0,0.875,0.125,0.875,0.125,0.0,0,0.44
1,1,4,12,1,1,1,22,27,10,9,1,0,0,1,0,1,18,0,0,8,8,7,13.381428571428572,0,0,8,8,7,13.381428571428572,0,10.8,1.4,1.74,Graduate,2,0,0.875,0.125,0.875,0.125,0.0,0,0.44
1,1,2,12,1,1,1,13,14,8,6,1,0,0,1,0,0,18,0,0,7,8,7,14.13125,0,0,8,8,8,13.98375,0,15.5,2.8,-4.06,Graduate,2,0,1.0,0.0,1.0,0.0,-0.14749999999999908,1,0.44
1,8,4,6,1,1,1,13,27,5,8,0,0,0,1,0,0,19,0,0,5,11,5,11.714285714285714,2,0,5,6,5,12.6,0,9.4,-0.8,-3.12,Graduate,2,0,1.0,0.0,1.0,0.0,0.8857142857142861,0,2.71
1,1,3,9,1,1,1,13,28,10,8,1,0,0,1,0,0,19,0,0,5,5,5,11.8,0,0,5,8,4,11.25,0,9.4,-0.8,-3.12,Enrolled,1,0,1.0,0.0,0.8,0.19999999999999996,-0.5500000000000007,-1,0.0
2,12,1,3,0,1,1,19,24,13,13,0,0,0,1,0,0,44,0,0,6,9,6,11.166666666666666,0,1,6,15,2,11.0,1,7.6,2.6,0.32,Graduate,2,0,1.0,0.0,0.3333333333333333,0.6666666666666667,-0.16666666666666607,-4,1.17
1,4,1,4,1,3,1,23,27,6,7,0,0,0,1,0,0,32,0,0,6,7,0,0.0,0,0,6,6,0,0.0,0,12.4,0.5,1.79,Dropout,0,1,0.0,1.0,0.0,1.0,0.0,0,5.5
1,14,1,16,1,1,1,22,14,10,9,0,0,0,1,0,0,22,0,0,6,9,5,13.6,0,0,6,8,5,12.0,0,12.7,3.7,-1.7,Dropout,0,1,0.8333333333333334,0.16666666666666663,0.8333333333333334,0.16666666666666663,-1.5999999999999996,0,1.56
2,12,1,4,1,1,1,1,14,5,10,1,0,0,1,0,0,36,0,4,12,14,12,13.846153846153848,0,5,12,18,11,14.090909090909092,0,8.9,1.4,3.51,Graduate,2,0,1.0,0.0,0.9166666666666666,0.08333333333333337,0.24475524475524324,-1,0.5
1,8,1,15,1,1,1,22,27,6,8,0,0,0,1,0,1,18,0,0,6,7,6,12.5,0,0,6,8,6,13.333333333333334,0,16.2,0.3,-0.92,Graduate,2,0,1.0,0.0,1.0,0.0,0.8333333333333339,0,0.5
1,1,1,8,1,1,1,3,3,4,3,1,0,0,1,0,0,20,0,0,5,5,5,16.4,0,0,5,5,5,14.6,0,12.7,3.7,-1.7,Graduate,2,0,1.0,0.0,1.0,0.0,-1.799999999999999,0,0.0
1,16,1,5,1,1,1,13,14,6,8,0,0,0,1,0,1,20,0,5,11,11,11,13.818181818181818,0,5,11,11,11,13.454545454545457,0,11.1,0.6,2.02,Graduate,2,0,1.0,0.0,1.0,0.0,-0.36363636363636154,0,0.0
1,8,1,10,1,1,1,3,1,3,4,0,0,0,1,0,0,19,0,0,6,8,5,10.6,0,0,6,11,4,10.5,0,15.5,2.8,-4.06,Graduate,2,0,0.8333333333333334,0.16666666666666663,0.6666666666666666,0.33333333333333337,-0.09999999999999964,-1,1.31
1,12,1,9,1,12,1,3,1,4,6,1,0,1,1,0,0,24,0,0,5,8,5,10.2,0,0,5,6,5,12.2,0,12.4,0.5,1.79,Graduate,2,0,1.0,0.0,1.0,0.0,2.0,0,2.56
1,8,1,10,1,1,1,1,1,5,10,0,0,0,1,0,0,20,0,0,6,11,5,10.6,0,0,6,11,4,10.4,0,15.5,2.8,-4.06,Enrolled,1,0,0.8333333333333334,0.16666666666666663,0.6666666666666666,0.33333333333333337,-0.1999999999999993,-1,1.91
1,14,1,3,0,1,1,3,3,3,4,0,0,0,1,0,0,27,0,7,10,10,9,11.444444444444445,0,4,11,11,5,10.8,0,10.8,1.4,1.74,Dropout,0,1,0.9,0.09999999999999998,0.45454545454545453,0.5454545454545454,-0.6444444444444439,-4,0.35
1,1,1,16,1,1,1,1,28,6,11,1,0,0,1,0,0,20,0,0,6,9,5,14.333333333333334,0,4,8,8,8,12.625,0,15.5,2.8,-4.06,Enrolled,1,0,0.8333333333333334,0.16666666666666663,1.0,0.0,-1.708333333333334,3,1.56
1,14,6,10,1,1,1,19,24,1,1,0,0,0,1,0,1,23,0,15,16,18,16,13.0,0,11,13,15,13,13.266666666666667,0,9.4,-0.8,-3.12,Graduate,2,0,1.0,0.0,1.0,0.0,0.2666666666666675,-3,0.39
1,1,5,12,1,1,1,13,28,5,9,1,0,0,1,0,1,18,0,0,8,9,8,13.31,1,0,8,9,8,13.31,1,9.4,-0.8,-3.12,Graduate,2,0,1.0,0.0,1.0,0.0,0.0,0,0.64
1,8,1,10,1,1,1,22,27,5,10,1,0,0,1,0,1,18,0,0,6,10,5,10.571428571428571,1,0,6,9,5,12.2,0,12.7,3.7,-1.7,Graduate,2,0,0.8333333333333334,0.16666666666666663,0.8333333333333334,0.16666666666666663,1.6285714285714281,0,2.08
1,8,3,12,1,1,1,1,27,10,10,1,0,0,1,0,1,20,0,0,8,8,7,13.487142857142857,0,0,8,8,7,13.487142857142857,0,10.8,1.4,1.74,Graduate,2,0,0.875,0.125,0.875,0.125,0.0,0,0.44
1,1,1,11,1,1,1,13,28,10,8,0,0,0,1,0,1,20,0,0,6,6,6,12.333333333333334,0,0,6,7,6,11.833333333333334,0,13.9,-0.3,0.79,Graduate,2,0,1.0,0.0,1.0,0.0,-0.5,0,0.0
1,1,1,14,1,1,1,23,14,8,11,0,0,0,1,0,0,23,0,0,6,11,6,11.875,0,0,6,9,5,12.833333333333334,0,11.1,0.6,2.02,Dropout,0,1,1.0,0.0,0.8333333333333334,0.16666666666666663,0.9583333333333339,-1,1.59
1,1,2,12,1,1,1,13,14,10,10,1,0,0,1,0,0,20,0,0,7,7,6,13.966666666666669,0,0,7,7,6,13.966666666666669,0,7.6,2.6,0.32,Graduate,2,0,0.8571428571428571,0.1428571428571429,0.8571428571428571,0.1428571428571429,0.0,0,0.5
1,12,1,11,1,7,1,19,24,1,1,1,0,0,0,0,0,28,0,0,5,10,0,0.0,0,0,5,10,0,0.0,0,7.6,2.6,0.32,Dropout,0,1,0.0,1.0,0.0,1.0,0.0,0,6.75
1,1,1,14,1,1,1,1,14,4,6,1,0,0,1,0,0,21,0,0,5,8,4,11.5,0,0,5,5,5,12.8,0,7.6,2.6,0.32,Graduate,2,0,0.8,0.19999999999999996,1.0,0.0,1.3000000000000007,1,1.75
1,1,2,13,1,1,1,13,14,10,10,1,0,0,1,0,0,21,0,0,2,2,2,12.5,0,0,7,0,0,0.0,0,12.4,0.5,1.79,Dropout,0,1,1.0,0.0,0.0,1.0,-12.5,-2,0.0
1,4,1,12,1,3,1,19,24,1,1,0,0,0,1,0,0,28,0,0,7,0,0,0.0,0,0,8,0,0,0.0,0,7.6,2.6,0.32,Dropout,0,1,0.0,1.0,0.0,1.0,0.0,0,5.5
1,1,1,12,1,1,1,3,1,4,4,0,1,0,1,0,0,18,0,0,7,10,6,11.98,0,0,8,11,7,13.225,0,16.2,0.3,-0.92,Graduate,2,0,0.8571428571428571,0.1428571428571429,0.875,0.125,1.2449999999999992,1,1.4
1,8,1,10,1,1,1,23,14,29,39,1,0,0,1,0,1,21,0,0,6,8,5,13.2,0,0,6,7,5,11.8,0,8.9,1.4,3.51,Enrolled,1,0,0.8333333333333334,0.16666666666666663,0.8333333333333334,0.16666666666666663,-1.3999999999999986,0,1.31
1,1,1,12,1,1,1,1,1,5,5,0,0,0,1,0,0,19,0,0,7,10,6,11.614285714285714,0,0,8,8,8,14.0375,0,13.9,-0.3,0.79,Graduate,2,0,0.8571428571428571,0.1428571428571429,1.0,0.0,2.4232142857142858,2,1.4
1,9,6,12,1,1,1,1,14,2,2,1,0,0,1,0,1,18,0,0,8,8,7,14.314285714285717,0,0,8,8,7,14.314285714285717,0,12.7,3.7,-1.7,Graduate,2,0,0.875,0.125,0.875,0.125,0.0,0,0.44
1,1,3,12,1,1,1,3,1,3,6,0,0,0,1,0,0,19,0,0,7,0,0,0.0,0,0,8,0,0,0.0,0,7.6,2.6,0.32,Dropout,0,1,0.0,1.0,0.0,1.0,0.0,0,5.5
1,15,1,6,1,14,1,23,28,10,8,0,0,0,1,0,0,20,0,2,6,9,6,12.666666666666666,0,1,6,12,2,13.0,0,13.9,-0.3,0.79,Enrolled,1,0,1.0,0.0,0.3333333333333333,0.6666666666666667,0.3333333333333339,-4,1.17
1,1,3,12,1,1,1,1,14,10,6,1,0,0,1,0,1,20,0,0,7,9,6,12.766666666666666,0,0,8,10,7,12.128571428571428,0,12.4,0.5,1.79,Graduate,2,0,0.8571428571428571,0.1428571428571429,0.875,0.125,-0.6380952380952376,1,1.17
1,8,1,16,1,1,1,1,27,8,10,0,0,0,1,0,1,18,0,0,6,7,6,12.666666666666666,0,0,6,7,5,12.2,0,10.8,1.4,1.74,Graduate,2,0,1.0,0.0,0.8333333333333334,0.16666666666666663,-0.4666666666666668,-1,0.5
1,14,2,14,1,1,1,23,14,5,4,1,0,0,1,0,0,20,0,4,6,7,6,11.5,0,0,6,10,4,10.571428571428571,0,10.8,1.4,1.74,Dropout,0,1,1.0,0.0,0.6666666666666666,0.33333333333333337,-0.9285714285714288,-2,0.5
1,12,1,14,1,1,1,1,14,6,5,0,0,0,1,0,0,31,0,2,6,13,5,11.4,0,0,6,14,4,11.75,0,13.9,-0.3,0.79,Dropout,0,1,0.8333333333333334,0.16666666666666663,0.6666666666666666,0.33333333333333337,0.34999999999999964,-1,2.15
1,8,3,12,1,1,1,22,27,10,8,1,0,0,1,0,1,19,0,0,7,8,7,14.70625,0,0,8,8,8,14.4775,0,15.5,2.8,-4.06,Graduate,2,0,1.0,0.0,1.0,0.0,-0.22875000000000156,1,0.44
1,1,3,12,1,1,1,23,28,6,6,1,0,0,1,0,1,19,0,0,7,9,6,11.814285714285717,0,0,8,8,7,13.542857142857144,0,13.9,-0.3,0.79,Graduate,2,0,0.8571428571428571,0.1428571428571429,0.875,0.125,1.7285714285714278,1,1.17
1,1,1,5,1,1,1,13,1,4,9,0,0,0,1,0,0,23,0,1,6,8,6,13.0,1,0,6,8,6,11.875,0,13.9,-0.3,0.79,Graduate,2,0,1.0,0.0,1.0,0.0,-1.125,0,1.21
1,1,1,14,1,1,1,22,27,6,6,0,0,0,1,0,0,19,0,0,6,7,6,14.857142857142858,0,0,6,6,6,13.333333333333334,0,12.4,0.5,1.79,Graduate,2,0,1.0,0.0,1.0,0.0,-1.5238095238095237,0,0.5
1,1,6,12,1,1,1,1,3,4,3,1,0,0,1,0,0,20,0,0,7,7,6,12.6,0,0,7,7,6,12.6,0,7.6,2.6,0.32,Graduate,2,0,0.8571428571428571,0.1428571428571429,0.8571428571428571,0.1428571428571429,0.0,0,0.5
1,1,1,6,1,1,1,22,27,10,5,1,0,1,1,0,0,22,0,0,6,9,5,13.333333333333334,0,0,6,17,4,11.4,0,12.4,0.5,1.79,Enrolled,1,0,0.8333333333333334,0.16666666666666663,0.6666666666666666,0.33333333333333337,-1.9333333333333336,-1,2.81
1,1,1,16,1,1,1,3,1,3,6,1,1,0,1,0,0,18,0,0,7,10,6,10.666666666666666,0,0,7,12,6,12.833333333333334,0,13.9,-0.3,0.79,Enrolled,1,0,0.8571428571428571,0.1428571428571429,0.8571428571428571,0.1428571428571429,2.166666666666668,0,1.4
1,4,3,8,1,3,1,13,27,12,6,0,0,1,0,0,0,27,0,1,5,6,2,11.5,0,0,5,5,1,11.0,0,12.7,3.7,-1.7,Dropout,0,1,0.4,0.6,0.2,0.8,-0.5,-1,4.83
1,12,1,13,1,12,1,22,28,10,10,0,0,0,1,0,0,29,0,0,7,9,1,10.0,0,0,7,0,0,0.0,0,12.7,3.7,-1.7,Dropout,0,1,0.14285714285714285,0.8571428571428572,0.0,1.0,-10.0,-1,3.11
1,8,1,11,1,1,1,1,14,5,4,1,0,0,1,0,0,18,0,0,6,10,5,11.8,0,0,6,10,5,12.2,0,11.1,0.6,2.02,Graduate,2,0,0.8333333333333334,0.16666666666666663,0.8333333333333334,0.16666666666666663,0.3999999999999986,0,1.75
1,8,1,5,1,1,1,13,28,10,8,0,0,0,1,0,0,18,0,0,6,7,5,11.8,0,0,6,6,6,12.666666666666666,0,16.2,0.3,-0.92,Graduate,2,0,0.8333333333333334,0.16666666666666663,1.0,0.0,0.8666666666666654,1,1.0
1,8,1,12,1,1,1,23,28,8,8,0,0,0,1,0,0,18,0,0,8,8,8,12.77125,0,0,8,8,8,12.77125,0,9.4,-0.8,-3.12,Graduate,2,0,1.0,0.0,1.0,0.0,0.0,0,0.0
1,8,3,6,1,1,1,22,28,10,10,1,0,0,1,0,0,20,0,0,5,13,3,11.333333333333334,2,0,5,8,5,12.6,0,9.4,-0.8,-3.12,Enrolled,1,0,0.6,0.4,1.0,0.0,1.2666666666666657,2,3.49
1,8,2,11,1,1,1,23,28,10,10,1,0,0,1,0,0,18,0,0,6,6,6,12.666666666666666,0,0,6,7,5,14.6,0,11.1,0.6,2.02,Graduate,2,0,1.0,0.0,0.8333333333333334,0.16666666666666663,1.9333333333333336,-1,0.0
1,1,1,5,1,1,1,1,1,5,5,0,0,0,0,0,0,18,0,1,6,10,5,12.2,1,0,6,11,4,10.833333333333334,0,13.9,-0.3,0.79,Enrolled,1,0,0.8333333333333334,0.16666666666666663,0.6666666666666666,0.33333333333333337,-1.3666666666666654,-1,3.33
1,4,2,6,1,3,1,3,3,2,2,0,0,0,0,0,0,28,0,0,5,9,1,12.0,1,0,4,10,0,0.0,4,10.8,1.4,1.74,Dropout,0,1,0.2,0.8,0.0,1.0,-12.0,-1,4.76
1,1,2,12,1,1,1,22,1,8,8,1,0,0,1,0,1,18,0,0,8,12,7,11.721428571428572,0,0,8,12,7,11.721428571428572,0,12.7,3.7,-1.7,Graduate,2,0,0.875,0.125,0.875,0.125,0.0,0,1.46
1,12,1,12,1,12,1,22,28,23,34,0,0,0,1,0,0,27,0,0,7,12,4,14.0,0,0,7,14,3,12.525,0,12.4,0.5,1.79,Enrolled,1,0,0.5714285714285714,0.4285714285714286,0.42857142857142855,0.5714285714285714,-1.4749999999999996,-1,2.33
1,12,1,1,1,1,1,3,1,3,5,0,0,0,1,0,0,26,0,0,7,9,7,14.75,0,0,7,12,5,13.8,3,16.2,0.3,-0.92,Enrolled,1,0,1.0,0.0,0.7142857142857143,0.2857142857142857,-0.9499999999999993,-2,0.78
1,1,2,15,1,1,1,13,1,10,4,1,0,0,1,0,0,18,0,0,6,6,6,12.666666666666666,0,0,6,6,6,13.666666666666666,0,12.7,3.7,-1.7,Graduate,2,0,1.0,0.0,1.0,0.0,1.0,0,0.0
1,1,1,8,1,1,1,5,5,3,3,0,0,0,1,0,0,18,0,0,5,12,4,13.0,2,0,5,6,5,14.0,0,9.4,-0.8,-3.12,Dropout,0,1,0.8,0.19999999999999996,1.0,0.0,1.0,1,3.13
1,1,2,9,1,1,1,1,14,5,7,0,1,0,1,0,0,21,0,0,5,6,0,0.0,0,0,5,5,0,0.0,0,15.5,2.8,-4.06,Dropout,0,1,0.0,1.0,0.0,1.0,0.0,0,5.5
1,1,2,5,1,1,1,4,1,3,4,1,0,0,1,0,0,18,0,0,6,8,4,10.75,0,0,6,9,0,0.0,0,9.4,-0.8,-3.12,Enrolled,1,0,0.6666666666666666,0.33333333333333337,0.0,1.0,-10.75,-4,1.75
2,12,1,3,0,1,1,19,24,13,13,0,0,0,0,0,0,32,0,0,5,5,0,0.0,0,0,5,10,0,0.0,0,10.8,1.4,1.74,Dropout,0,1,0.0,1.0,0.0,1.0,0.0,0,6.75
1,12,2,14,1,1,1,19,24,1,1,0,0,0,1,0,0,28,0,0,5,6,4,12.5,0,0,5,7,4,11.75,0,7.6,2.6,0.32,Graduate,2,0,0.8,0.19999999999999996,0.8,0.19999999999999996,-0.75,0,1.17
1,12,1,17,0,1,1,22,14,10,3,0,0,0,0,0,0,40,0,0,4,4,0,0.0,0,0,5,0,0,0.0,0,12.7,3.7,-1.7,Dropout,0,1,0.0,1.0,0.0,1.0,0.0,0,6.75
2,9,2,3,0,1,1,22,27,10,11,0,0,1,0,0,0,39,0,0,5,5,0,0.0,0,0,4,4,0,0.0,0,9.4,-0.8,-3.12,Dropout,0,1,0.0,1.0,0.0,1.0,0.0,0,8.0
2,9,2,10,1,1,1,22,27,10,11,0,0,1,0,0,0,39,0,0,6,0,0,0.0,0,0,6,0,0,0.0,0,9.4,-0.8,-3.12,Dropout,0,1,0.0,1.0,0.0,1.0,0.0,0,8.0
2,12,1,4,1,1,1,22,14,10,5,0,0,0,1,0,0,50,0,0,6,7,6,12.5,0,0,6,15,5,12.4,0,8.9,1.4,3.51,Graduate,2,0,1.0,0.0,0.8333333333333334,0.16666666666666663,-0.09999999999999964,-1,0.5
1,8,2,16,1,1,1,1,1,10,5,1,0,0,1,0,0,23,0,0,6,10,5,12.8,0,0,6,9,3,11.666666666666666,0,10.8,1.4,1.74,Dropout,0,1,0.8333333333333334,0.16666666666666663,0.5,0.5,-1.1333333333333346,-2,1.75
4,12,1,3,0,12,1,19,24,1,1,0,0,0,1,0,0,48,0,0,6,11,1,10.0,0,0,6,11,1,11.0,0,9.4,-0.8,-3.12,Dropout,0,1,0.16666666666666666,0.8333333333333334,0.16666666666666666,0.8333333333333334,1.0,0,3.18
1,8,2,16,1,1,1,22,27,10,10,1,0,0,1,0,0,23,0,0,6,11,4,11.25,0,0,6,10,5,10.2,0,7.6,2.6,0.32,Dropout,0,1,0.6666666666666666,0.33333333333333337,0.8333333333333334,0.16666666666666663,-1.0500000000000007,1,2.23
1,1,6,12,1,1,1,22,1,6,6,1,0,0,1,0,1,18,0,0,8,8,7,12.61,0,0,8,8,7,12.61,0,10.8,1.4,1.74,Graduate,2,0,0.875,0.125,0.875,0.125,0.0,0,0.44
1,8,1,8,1,1,1,3,14,3,10,0,0,0,1,0,0,18,0,0,5,14,2,12.0,2,0,5,6,5,12.6,0,9.4,-0.8,-3.12,Graduate,2,0,0.4,0.6,1.0,0.0,0.5999999999999996,3,3.8
1,6,1,10,1,1,12,3,27,3,9,1,0,0,0,0,0,20,1,0,6,9,5,13.0,0,0,6,7,6,13.5,0,13.9,-0.3,0.79,Graduate,2,0,0.8333333333333334,0.16666666666666663,1.0,0.0,0.5,1,2.81
1,9,3,6,1,1,18,1,1,10,10,1,0,0,1,0,1,18,1,0,5,9,4,12.0,0,0,5,8,5,13.0,0,10.8,1.4,1.74,Graduate,2,0,0.8,0.19999999999999996,1.0,0.0,1.0,1,1.94
1,1,1,13,1,1,18,5,3,2,2,1,0,0,1,0,0,18,1,0,7,8,4,12.0,0,0,8,8,0,0.0,0,16.2,0.3,-0.92,Dropout,0,1,0.5714285714285714,0.4285714285714286,0.0,1.0,-12.0,-4,1.75
1,14,1,7,1,1,1,1,1,10,4,0,0,0,1,1,0,31,0,0,5,12,1,12.0,0,0,5,9,1,11.0,4,16.2,0.3,-0.92,Dropout,0,1,0.2,0.8,0.2,0.8,-1.0,0,3.21
1,12,1,7,1,12,1,13,14,6,4,1,0,0,1,1,0,24,0,0,5,9,1,12.0,0,0,5,6,3,10.5,0,10.8,1.4,1.74,Enrolled,1,0,0.2,0.8,0.6,0.4,-1.5,2,3.11
1,12,1,2,1,1,1,3,1,3,11,1,0,0,1,1,0,24,0,0,0,0,0,0.0,0,0,0,0,0,0.0,0,9.4,-0.8,-3.12,Graduate,2,0,0.0,1.0,0.0,1.0,0.0,0,5.5
1,12,1,9,1,1,1,22,27,10,10,0,0,1,0,1,0,26,0,0,5,5,0,0.0,0,0,5,9,0,0.0,0,10.8,1.4,1.74,Dropout,0,1,0.0,1.0,0.0,1.0,0.0,0,8.0
1,1,1,8,1,1,1,3,3,3,3,1,0,1,1,1,0,18,0,0,6,11,5,13.625,0,0,6,9,4,11.75,0,16.2,0.3,-0.92,Dropout,0,1,0.8333333333333334,0.16666666666666663,0.6666666666666666,0.33333333333333337,-1.875,-1,3.16
1,8,1,9,1,1,1,22,27,5,8,0,0,0,1,1,1,19,0,0,5,12,3,11.666666666666666,0,0,5,10,3,11.666666666666666,0,12.7,3.7,-1.7,Enrolled,1,0,0.6,0.4,0.6,0.4,0.0,0,2.62
1,8,1,14,1,1,1,13,27,10,9,1,0,0,1,1,0,22,0,0,6,0,0,0.0,0,0,6,0,0,0.0,0,13.9,-0.3,0.79,Dropout,0,1,0.0,1.0,0.0,1.0,0.0,0,5.5
1,1,2,12,1,1,1,4,2,3,4,1,0,0,1,1,0,18,0,0,8,8,7,11.69,0,0,8,8,7,11.69,0,10.8,1.4,1.74,Graduate,2,0,0.875,0.125,0.875,0.125,0.0,0,0.44
1,15,1,5,1,14,1,1,14,5,8,0,0,1,0,1,0,20,0,0,6,11,0,0.0,6,0,6,12,0,0.0,12,16.2,0.3,-0.92,Dropout,0,1,0.0,1.0,0.0,1.0,0.0,0,10.0
1,15,1,2,1,14,1,4,4,3,3,0,0,0,1,1,0,25,0,0,0,0,0,0.0,0,0,0,0,0,0.0,0,15.5,2.8,-4.06,Graduate,2,0,0.0,1.0,0.0,1.0,0.0,0,5.5
1,14,1,17,0,1,1,3,3,5,5,1,0,0,1,1,0,24,0,0,5,10,4,11.5,0,0,5,11,5,11.285714285714286,0,13.9,-0.3,0.79,Graduate,2,0,0.8,0.19999999999999996,1.0,0.0,-0.21428571428571352,1,2.1
1,12,1,7,1,1,1,3,3,5,5,1,0,0,1,1,0,27,0,0,5,10,1,14.0,0,0,5,0,0,0.0,0,8.9,1.4,3.51,Dropout,0,1,0.2,0.8,0.0,1.0,-14.0,-1,3.15
1,8,1,11,1,1,1,3,14,5,5,0,0,0,1,1,0,21,0,0,6,7,5,11.0,0,0,6,7,5,12.4,0,15.5,2.8,-4.06,Graduate,2,0,0.8333333333333334,0.16666666666666663,0.8333333333333334,0.16666666666666663,1.4000000000000004,0,1.0
1,15,1,4,1,14,1,13,28,4,10,1,0,0,1,1,0,21,0,0,6,7,6,12.857142857142858,0,0,6,6,6,13.166666666666666,0,12.4,0.5,1.79,Graduate,2,0,1.0,0.0,1.0,0.0,0.3095238095238084,0,0.5
1,9,3,15,1,1,1,13,1,10,10,1,0,0,1,1,0,19,0,0,6,9,4,12.5,0,0,6,6,6,11.333333333333334,0,10.8,1.4,1.74,Dropout,0,1,0.6666666666666666,0.33333333333333337,1.0,0.0,-1.166666666666666,2,1.94
1,12,1,12,1,1,1,13,14,6,6,0,0,0,1,1,0,28,0,0,7,7,7,14.528571428571428,0,0,8,11,8,15.018181818181818,0,16.2,0.3,-0.92,Graduate,2,0,1.0,0.0,1.0,0.0,0.48961038961038916,1,0.0
1,1,1,9,1,1,1,13,14,6,8,0,0,0,1,1,0,20,0,0,5,8,5,10.0,0,0,5,10,2,12.0,0,7.6,2.6,0.32,Enrolled,1,0,1.0,0.0,0.4,0.6,2.0,-3,1.31
1,15,1,4,1,14,1,1,14,5,11,0,0,0,1,1,1,21,0,0,6,8,6,13.0,0,0,6,10,6,12.625,0,15.5,2.8,-4.06,Graduate,2,0,1.0,0.0,1.0,0.0,-0.375,0,0.88
1,1,1,12,1,1,1,1,1,6,4,0,0,0,1,1,1,18,0,0,7,7,7,15.957142857142856,0,0,8,9,8,15.188888888888888,0,16.2,0.3,-0.92,Graduate,2,0,1.0,0.0,1.0,0.0,-0.7682539682539673,1,0.0
1,8,2,7,1,1,1,13,1,10,11,1,0,0,1,1,1,18,0,0,5,6,5,13.2,0,0,5,8,5,12.6,0,8.9,1.4,3.51,Enrolled,1,0,1.0,0.0,1.0,0.0,-0.5999999999999996,0,0.58
1,1,2,9,1,1,1,13,1,6,11,0,0,0,1,1,0,20,0,0,5,9,4,10.2,0,0,5,6,3,11.0,0,15.5,2.8,-4.06,Enrolled,1,0,0.8,0.19999999999999996,0.6,0.4,0.8000000000000007,-1,1.94
1,12,1,7,1,15,1,1,1,6,11,0,0,0,1,1,0,25,0,2,5,6,5,14.2,0,1,5,5,2,13.5,0,16.2,0.3,-0.92,Enrolled,1,0,1.0,0.0,0.4,0.6,-0.6999999999999993,-3,0.58
1,1,1,14,1,1,1,23,14,6,7,0,0,1,1,1,0,22,0,0,6,8,6,12.625,0,0,6,11,2,14.5,0,11.1,0.6,2.02,Enrolled,1,0,1.0,0.0,0.3333333333333333,0.6666666666666667,1.875,-4,2.12
1,1,1,12,1,1,1,22,27,10,10,0,0,0,1,1,0,18,0,0,8,11,6,13.496666666666668,1,0,8,11,6,13.496666666666668,1,9.4,-0.8,-3.12,Enrolled,1,0,0.75,0.25,0.75,0.25,0.0,0,1.84
1,8,2,9,1,1,1,13,28,10,8,1,0,0,1,1,0,19,0,0,5,8,5,13.25,0,0,5,8,5,11.0,0,13.9,-0.3,0.79,Graduate,2,0,1.0,0.0,1.0,0.0,-2.25,0,1.31
1,1,5,7,1,1,1,10,14,5,6,1,0,0,1,1,0,19,0,0,5,12,3,12.0,0,0,5,10,3,12.0,0,12.4,0.5,1.79,Dropout,0,1,0.6,0.4,0.6,0.4,0.0,0,2.62
1,12,1,15,1,12,1,13,1,8,10,1,0,1,0,1,0,25,0,0,6,10,4,13.0,0,0,6,9,4,13.75,0,12.7,3.7,-1.7,Dropout,0,1,0.6666666666666666,0.33333333333333337,0.6666666666666666,0.33333333333333337,0.75,0,4.6
1,14,1,5,1,1,1,10,10,2,11,0,0,1,1,1,0,21,0,5,11,12,9,11.77777777777778,0,3,8,11,3,13.666666666666666,0,15.5,2.8,-4.06,Dropout,0,1,0.8181818181818182,0.18181818181818177,0.375,0.625,1.8888888888888857,-6,2.12
1,8,3,7,1,1,1,1,2,4,3,1,0,0,1,1,0,19,0,0,5,10,2,11.0,0,0,6,10,0,0.0,0,11.1,0.6,2.02,Dropout,0,1,0.4,0.6,0.0,1.0,-11.0,-2,2.8
1,8,2,9,1,1,1,1,1,5,5,0,0,0,1,1,0,20,0,0,5,14,0,0.0,0,0,5,5,0,0.0,0,11.1,0.6,2.02,Dropout,0,1,0.0,1.0,0.0,1.0,0.0,0,5.5
1,15,1,4,1,14,1,3,2,3,3,0,0,0,1,1,0,25,0,9,14,16,14,12.428571428571429,0,3,9,13,6,10.857142857142858,0,15.5,2.8,-4.06,Dropout,0,1,1.0,0.0,0.6666666666666666,0.33333333333333337,-1.5714285714285712,-8,0.44
1,8,1,9,1,1,1,13,1,8,5,1,0,0,1,1,0,20,0,0,5,8,3,11.0,0,0,5,11,3,12.0,0,10.8,1.4,1.74,Enrolled,1,0,0.6,0.4,0.6,0.4,1.0,0,2.19
1,1,1,2,1,1,1,22,27,10,10,1,0,0,1,1,0,18,0,0,0,0,0,0.0,0,0,0,0,0,0.0,0,7.6,2.6,0.32,Graduate,2,0,0.0,1.0,0.0,1.0,0.0,0,5.5
1,15,1,11,1,14,1,24,29,32,44,1,0,1,1,1,0,23,0,0,6,12,3,11.5,0,0,6,12,3,10.666666666666666,0,8.9,1.4,3.51,Enrolled,1,0,0.5,0.5,0.5,0.5,-0.8333333333333339,0,3.87
1,13,1,12,1,1,1,1,3,10,11,1,0,0,1,1,0,23,0,0,8,8,8,12.5075,0,0,8,8,8,12.5075,0,9.4,-0.8,-3.12,Graduate,2,0,1.0,0.0,1.0,0.0,0.0,0,0.0
1,17,1,4,1,16,1,3,28,20,30,0,0,0,1,1,0,21,0,7,12,18,11,12.090909090909092,0,5,12,14,11,12.0,0,8.9,1.4,3.51,Graduate,2,0,0.9166666666666666,0.08333333333333337,0.9166666666666666,0.08333333333333337,-0.09090909090909172,0,1.36
1,1,1,8,1,1,1,1,1,4,4,1,0,0,1,1,0,20,0,0,5,14,2,11.0,3,0,5,9,3,12.666666666666666,0,9.4,-0.8,-3.12,Enrolled,1,0,0.4,0.6,0.6,0.4,1.666666666666666,1,4.2
1,12,1,17,0,1,1,1,1,5,11,0,0,0,1,1,0,25,0,0,5,13,1,10.0,0,0,5,8,2,11.333333333333334,0,12.4,0.5,1.79,Dropout,0,1,0.2,0.8,0.4,0.6,1.333333333333334,1,3.23
1,1,1,8,1,1,1,13,28,10,10,1,0,0,1,1,0,18,0,0,6,6,6,13.5,0,0,6,9,5,13.2,0,8.9,1.4,3.51,Graduate,2,0,1.0,0.0,0.8333333333333334,0.16666666666666663,-0.3000000000000007,-1,0.0
1,1,6,5,1,6,1,1,1,10,10,1,0,0,1,1,0,22,0,0,6,6,6,14.166666666666666,0,0,6,8,6,13.625,0,10.8,1.4,1.74,Graduate,2,0,1.0,0.0,1.0,0.0,-0.5416666666666661,0,0.0
1,12,1,14,1,1,1,13,14,4,10,0,0,0,1,1,0,27,0,0,6,7,6,14.0,0,0,6,7,6,14.714285714285714,0,8.9,1.4,3.51,Graduate,2,0,1.0,0.0,1.0,0.0,0.7142857142857135,0,0.5
1,12,1,4,1,12,1,4,1,3,5,0,0,0,1,1,0,25,0,0,3,4,0,0.0,0,0,3,5,0,0.0,0,16.2,0.3,-0.92,Dropout,0,1,0.0,1.0,0.0,1.0,0.0,0,5.5
1,8,4,7,1,1,1,19,26,1,6,1,0,0,1,1,0,18,0,0,5,9,3,11.666666666666666,0,0,5,10,3,11.333333333333334,4,7.6,2.6,0.32,Dropout,0,1,0.6,0.4,0.6,0.4,-0.33333333333333215,0,2.33
1,8,1,6,1,1,1,23,14,9,9,0,0,0,1,1,0,20,0,0,5,7,5,14.6,1,0,5,5,5,14.2,0,12.7,3.7,-1.7,Graduate,2,0,1.0,0.0,1.0,0.0,-0.40000000000000036,0,1.4
1,12,1,4,1,1,1,3,4,3,3,0,0,0,1,1,0,27,0,0,6,10,5,13.0,0,0,6,13,5,11.5,0,16.2,0.3,-0.92,Graduate,2,0,0.8333333333333334,0.16666666666666663,0.8333333333333334,0.16666666666666663,-1.5,0,1.75
1,1,1,3,0,1,1,1,1,10,10,0,0,0,1,1,0,20,0,0,6,7,6,12.166666666666666,0,0,6,9,6,12.0,0,7.6,2.6,0.32,Graduate,2,0,1.0,0.0,1.0,0.0,-0.16666666666666607,0,0.5
1,1,1,9,1,1,1,23,27,10,10,1,0,0,1,1,0,22,0,0,5,9,0,0.0,0,0,5,5,1,12.0,0,7.6,2.6,0.32,Dropout,0,1,0.0,1.0,0.2,0.8,12.0,1,5.5
1,8,6,7,1,1,1,13,3,6,11,1,0,0,1,1,0,19,0,0,5,10,3,10.5,0,0,5,11,3,10.8,0,12.4,0.5,1.79,Dropout,0,1,0.6,0.4,0.6,0.4,0.3000000000000007,0,2.45
1,1,6,9,1,1,1,3,14,5,6,0,0,0,1,1,0,20,0,0,5,14,3,12.4,0,0,5,8,5,10.833333333333334,0,13.9,-0.3,0.79,Enrolled,1,0,0.6,0.4,1.0,0.0,-1.5666666666666664,2,2.75
1,14,4,2,1,1,1,13,10,10,11,0,0,0,1,1,0,19,0,0,0,0,0,0.0,0,0,0,0,0,0.0,0,9.4,-0.8,-3.12,Graduate,2,0,0.0,1.0,0.0,1.0,0.0,0,5.5
2,12,1,6,1,7,1,1,1,5,5,1,0,0,0,1,0,29,0,0,5,12,0,0.0,4,0,5,8,0,0.0,1,9.4,-0.8,-3.12,Dropout,0,1,0.0,1.0,0.0,1.0,0.0,0,8.35
1,1,2,12,1,1,1,3,1,10,10,0,0,0,1,1,0,19,0,0,8,8,7,13.828571428571427,0,0,8,8,7,13.828571428571427,0,12.7,3.7,-1.7,Graduate,2,0,0.875,0.125,0.875,0.125,0.0,0,0.44
1,12,2,17,0,1,1,13,27,10,9,1,0,0,1,0,1,28,0,0,5,7,5,10.6,0,0,5,6,5,10.2,0,9.4,-0.8,-3.12,Enrolled,1,0,1.0,0.0,1.0,0.0,-0.40000000000000036,0,1.0
2,1,1,10,1,1,1,22,27,6,6,0,0,0,1,0,0,20,0,0,6,7,6,11.5,0,0,6,6,6,11.666666666666666,0,7.6,2.6,0.32,Graduate,2,0,1.0,0.0,1.0,0.0,0.16666666666666607,0,0.5
1,1,4,5,1,1,1,22,27,10,9,1,0,0,1,0,0,20,0,0,6,6,4,13.5,0,0,6,8,6,13.625,0,10.8,1.4,1.74,Graduate,2,0,0.6666666666666666,0.33333333333333337,1.0,0.0,0.125,2,1.17
1,12,1,3,0,1,1,19,5,1,2,1,0,0,1,0,0,31,0,0,6,12,0,0.0,0,0,6,0,0,0.0,0,7.6,2.6,0.32,Dropout,0,1,0.0,1.0,0.0,1.0,0.0,0,5.5
1,8,5,12,1,1,1,10,1,6,6,1,0,0,1,0,0,18,0,0,7,8,7,12.5375,0,0,8,9,7,12.614285714285714,0,13.9,-0.3,0.79,Graduate,2,0,1.0,0.0,0.875,0.125,0.07678571428571423,0,0.44
1,8,1,14,1,1,1,1,14,9,8,1,0,0,1,0,0,19,0,0,6,6,6,14.833333333333334,0,0,6,8,6,13.285714285714286,0,8.9,1.4,3.51,Enrolled,1,0,1.0,0.0,1.0,0.0,-1.5476190476190474,0,0.0
1,1,1,9,1,1,1,22,28,10,9,1,0,0,1,0,0,18,0,0,5,10,4,12.0,0,0,5,9,4,12.8,0,13.9,-0.3,0.79,Graduate,2,0,0.8,0.19999999999999996,0.8,0.19999999999999996,0.8000000000000007,0,2.1
1,8,1,11,1,1,1,22,27,8,8,0,0,0,1,0,0,19,0,0,6,8,5,11.8,0,0,6,8,5,11.6,0,10.8,1.4,1.74,Graduate,2,0,0.8333333333333334,0.16666666666666663,0.8333333333333334,0.16666666666666663,-0.20000000000000107,0,1.31
1,1,1,9,1,1,1,1,14,4,4,0,0,0,1,0,1,18,0,0,5,5,5,15.0,0,0,5,5,5,15.2,0,12.7,3.7,-1.7,Graduate,2,0,1.0,0.0,1.0,0.0,0.1999999999999993,0,0.0
1,8,1,6,1,1,1,23,14,12,12,0,0,0,1,0,0,19,0,0,5,7,3,12.0,0,0,5,7,5,13.2,0,7.6,2.6,0.32,Graduate,2,0,0.6,0.4,1.0,0.0,1.1999999999999993,2,2.0
1,8,1,15,1,1,1,23,28,10,9,1,0,0,1,0,1,18,0,0,6,6,6,12.833333333333334,0,0,6,7,6,12.285714285714286,0,15.5,2.8,-4.06,Graduate,2,0,1.0,0.0,1.0,0.0,-0.5476190476190474,0,0.0
1,1,3,11,1,1,1,22,27,10,4,1,0,0,1,0,0,19,0,0,6,12,6,11.666666666666666,0,0,6,14,3,12.0,0,7.6,2.6,0.32,Graduate,2,0,1.0,0.0,0.5,0.5,0.3333333333333339,-3,1.75
1,1,4,13,1,1,1,22,1,6,5,0,0,0,1,0,0,19,0,0,7,9,7,12.1625,0,0,8,8,8,13.825,0,13.9,-0.3,0.79,Graduate,2,0,1.0,0.0,1.0,0.0,1.6624999999999996,1,0.78
1,1,2,14,1,1,1,13,1,10,4,1,0,0,1,0,0,18,0,0,6,6,6,13.833333333333334,0,0,6,11,6,14.555555555555555,0,10.8,1.4,1.74,Graduate,2,0,1.0,0.0,1.0,0.0,0.7222222222222214,0,0.0
1,1,1,12,1,1,1,3,14,3,9,0,0,0,1,0,0,19,0,0,7,12,4,12.45,0,0,7,11,5,11.7,0,16.2,0.3,-0.92,Enrolled,1,0,0.5714285714285714,0.4285714285714286,0.7142857142857143,0.2857142857142857,-0.75,1,2.33
1,15,1,14,1,14,1,22,1,10,5,0,0,0,1,0,1,20,0,2,6,9,6,12.125,0,2,6,7,6,13.571428571428571,0,11.1,0.6,2.02,Graduate,2,0,1.0,0.0,1.0,0.0,1.4464285714285712,0,1.17
1,8,1,14,1,1,1,1,14,5,9,1,0,0,1,0,0,20,0,0,6,8,5,13.4,0,0,6,10,4,13.0,0,12.7,3.7,-1.7,Enrolled,1,0,0.8333333333333334,0.16666666666666663,0.6666666666666666,0.33333333333333337,-0.40000000000000036,-1,1.31
1,8,1,4,1,1,1,22,27,5,7,0,0,1,1,0,0,20,0,0,6,8,6,13.333333333333334,0,0,6,8,5,14.0,0,11.1,0.6,2.02,Enrolled,1,0,1.0,0.0,0.8333333333333334,0.16666666666666663,0.6666666666666661,-1,2.12
1,12,1,17,0,3,1,22,27,10,10,0,0,0,1,0,0,29,0,10,15,15,11,11.454545454545457,0,9,13,16,11,11.545454545454543,0,10.8,1.4,1.74,Dropout,0,1,0.7333333333333333,0.2666666666666667,0.8461538461538461,0.15384615384615385,0.09090909090908639,0,0.93
1,8,1,16,1,1,1,23,10,8,1,0,0,0,0,0,1,20,0,0,6,10,4,12.0,0,0,6,14,3,10.0,0,7.6,2.6,0.32,Dropout,0,1,0.6666666666666666,0.33333333333333337,0.5,0.5,-2.0,-1,3.35
4,12,1,16,1,1,1,22,1,10,11,0,0,1,0,0,0,31,0,0,7,8,6,12.666666666666666,0,0,7,9,5,12.6,0,8.9,1.4,3.51,Dropout,0,1,0.8571428571428571,0.1428571428571429,0.7142857142857143,0.2857142857142857,-0.06666666666666643,-1,3.38
1,8,1,14,1,1,1,13,27,8,5,0,1,0,1,0,0,20,0,0,6,7,6,12.666666666666666,0,0,6,9,6,13.77777777777778,0,10.8,1.4,1.74,Graduate,2,0,1.0,0.0,1.0,0.0,1.1111111111111143,0,0.5
1,8,1,4,1,1,1,23,27,10,10,1,0,0,1,0,0,21,0,12,18,22,18,11.88888888888889,1,11,13,13,13,11.461538461538462,0,15.5,2.8,-4.06,Graduate,2,0,1.0,0.0,1.0,0.0,-0.4273504273504276,-5,0.75
1,4,1,8,1,3,1,13,28,10,10,1,0,0,1,0,0,23,0,0,6,0,0,0.0,0,0,6,0,0,0.0,0,12.4,0.5,1.79,Dropout,0,1,0.0,1.0,0.0,1.0,0.0,0,5.5
1,8,5,5,1,1,1,13,28,6,8,0,0,1,0,0,0,21,0,0,6,6,4,13.0,0,0,6,8,4,11.6,0,10.8,1.4,1.74,Dropout,0,1,0.6666666666666666,0.33333333333333337,0.6666666666666666,0.33333333333333337,-1.4000000000000004,0,3.67
1,4,1,12,1,15,1,1,1,10,5,0,0,0,1,0,0,24,0,4,7,7,7,16.885714285714283,0,3,8,9,8,15.744444444444444,0,16.2,0.3,-0.92,Graduate,2,0,1.0,0.0,1.0,0.0,-1.141269841269839,1,0.0
1,12,1,3,0,1,1,1,1,5,5,0,0,0,1,0,0,27,0,0,6,6,6,12.5,0,1,6,6,6,12.333333333333334,0,15.5,2.8,-4.06,Graduate,2,0,1.0,0.0,1.0,0.0,-0.16666666666666607,0,0.0
1,1,1,12,1,1,1,1,27,4,9,0,0,0,1,0,1,18,0,0,7,9,7,13.055555555555555,0,0,8,8,8,15.8125,0,13.9,-0.3,0.79,Graduate,2,0,1.0,0.0,1.0,0.0,2.7569444444444446,1,0.78
1,1,3,2,1,1,1,7,1,7,7,1,0,0,0,0,0,21,0,0,0,0,0,0.0,0,0,0,0,0,0.0,0,9.4,-0.8,-3.12,Dropout,0,1,0.0,1.0,0.0,1.0,0.0,0,6.75
1,8,1,8,1,1,1,13,3,4,3,1,0,1,1,0,1,19,0,0,5,7,0,0.0,0,0,5,5,0,0.0,0,7.6,2.6,0.32,Dropout,0,1,0.0,1.0,0.0,1.0,0.0,0,6.75
1,1,6,12,1,1,1,23,14,8,8,1,0,0,1,0,1,19,0,0,8,8,7,12.355714285714283,0,0,8,8,7,12.355714285714283,0,10.8,1.4,1.74,Graduate,2,0,0.875,0.125,0.875,0.125,0.0,0,0.44
1,8,1,6,1,1,1,13,28,32,44,0,0,0,1,0,0,18,0,0,6,0,0,0.0,0,0,6,0,0,0.0,0,12.4,0.5,1.79,Dropout,0,1,0.0,1.0,0.0,1.0,0.0,0,5.5
1,14,3,12,1,1,1,23,27,7,6,1,0,0,1,0,1,18,0,0,7,8,5,11.98,0,0,7,8,5,11.98,0,7.6,2.6,0.32,Enrolled,1,0,0.7142857142857143,0.2857142857142857,0.7142857142857143,0.2857142857142857,0.0,0,1.31
1,1,2,16,1,1,1,22,27,29,41,1,0,1,1,0,1,20,0,0,7,7,7,13.857142857142858,0,0,7,8,7,12.571428571428571,0,8.9,1.4,3.51,Graduate,2,0,1.0,0.0,1.0,0.0,-1.2857142857142865,0,1.25
2,1,1,3,0,1,1,1,27,5,8,1,0,0,1,0,0,24,0,0,6,9,5,13.0,0,0,6,6,6,14.166666666666666,0,9.4,-0.8,-3.12,Graduate,2,0,0.8333333333333334,0.16666666666666663,1.0,0.0,1.166666666666666,1,1.56
1,1,1,5,1,1,1,1,1,2,2,1,0,0,1,0,0,20,0,0,6,6,6,12.833333333333334,0,0,6,10,6,11.166666666666666,0,12.4,0.5,1.79,Graduate,2,0,1.0,0.0,1.0,0.0,-1.6666666666666679,0,0.0
1,8,3,9,1,1,1,1,14,6,8,0,0,0,1,0,0,20,0,0,5,11,4,11.0,0,0,5,7,5,13.2,0,12.4,0.5,1.79,Enrolled,1,0,0.8,0.19999999999999996,1.0,0.0,2.1999999999999993,1,2.23
1,1,1,12,1,1,1,13,27,10,10,1,0,0,1,0,1,19,0,0,8,8,7,12.357142857142858,0,0,8,8,7,12.357142857142858,0,12.7,3.7,-1.7,Graduate,2,0,0.875,0.125,0.875,0.125,0.0,0,0.44
1,1,6,12,1,1,1,1,27,10,10,1,0,0,1,0,1,18,0,0,8,8,7,13.857142857142858,0,0,8,8,7,13.857142857142858,0,12.7,3.7,-1.7,Graduate,2,0,0.875,0.125,0.875,0.125,0.0,0,0.44
1,8,2,10,1,3,1,22,27,8,9,1,0,0,1,0,1,20,0,0,6,6,6,12.333333333333334,0,0,6,6,6,10.666666666666666,0,9.4,-0.8,-3.12,Graduate,2,0,1.0,0.0,1.0,0.0,-1.6666666666666679,0,0.0
1,8,1,12,1,1,1,22,27,10,9,1,0,0,1,0,0,20,0,0,7,8,7,12.847142857142858,0,0,8,10,8,13.788888888888888,0,16.2,0.3,-0.92,Graduate,2,0,1.0,0.0,1.0,0.0,0.94174603174603,1,0.44
1,8,2,12,1,1,1,13,27,5,8,1,0,0,1,0,1,19,0,0,7,9,6,12.339999999999998,0,0,8,9,8,13.01875,0,11.1,0.6,2.02,Graduate,2,0,0.8571428571428571,0.1428571428571429,1.0,0.0,0.6787500000000026,2,1.17
1,15,1,6,1,14,1,3,1,3,4,1,0,0,1,0,0,19,0,0,6,10,5,12.666666666666666,0,0,6,19,4,11.75,0,12.4,0.5,1.79,Enrolled,1,0,0.8333333333333334,0.16666666666666663,0.6666666666666666,0.33333333333333337,-0.9166666666666661,-1,1.75
1,1,1,15,1,1,1,3,14,5,6,1,0,0,1,0,0,20,0,0,6,6,6,13.833333333333334,0,0,6,6,6,12.5,0,12.7,3.7,-1.7,Graduate,2,0,1.0,0.0,1.0,0.0,-1.333333333333334,0,0.0
1,8,2,9,1,1,1,1,28,5,4,1,0,0,1,0,0,19,0,0,5,15,2,10.75,0,0,5,11,2,10.0,0,13.9,-0.3,0.79,Dropout,0,1,0.4,0.6,0.4,0.6,-0.75,0,3.03
1,8,5,16,1,1,1,23,28,10,8,1,0,0,1,0,0,19,0,0,6,11,4,13.25,0,0,6,10,4,10.25,0,9.4,-0.8,-3.12,Dropout,0,1,0.6666666666666666,0.33333333333333337,0.6666666666666666,0.33333333333333337,-3.0,0,2.23
1,8,1,12,1,1,1,23,27,8,6,1,0,0,1,0,1,18,0,0,8,8,8,13.73125,0,0,8,8,8,13.73125,0,9.4,-0.8,-3.12,Graduate,2,0,1.0,0.0,1.0,0.0,0.0,0,0.0
1,8,4,5,1,1,1,23,27,10,10,0,0,0,1,0,1,23,0,0,6,6,6,13.333333333333334,0,0,6,8,3,12.666666666666666,0,11.1,0.6,2.02,Dropout,0,1,1.0,0.0,0.5,0.5,-0.6666666666666679,-3,0.0
1,1,1,16,1,1,1,13,14,10,9,1,0,0,1,0,0,21,0,0,6,8,5,12.0,0,0,6,9,5,10.8,0,12.7,3.7,-1.7,Dropout,0,1,0.8333333333333334,0.16666666666666663,0.8333333333333334,0.16666666666666663,-1.1999999999999993,0,1.31
1,15,1,3,0,14,1,22,28,7,7,1,0,0,1,0,0,23,0,5,9,10,9,10.88888888888889,0,3,8,10,6,11.333333333333334,0,11.1,0.6,2.02,Graduate,2,0,1.0,0.0,0.75,0.25,0.44444444444444464,-3,0.35
1,1,3,12,1,1,1,13,27,10,8,1,0,0,1,0,0,19,0,0,7,8,7,13.025,0,0,8,9,8,13.811111111111112,0,13.9,-0.3,0.79,Graduate,2,0,1.0,0.0,1.0,0.0,0.7861111111111114,1,0.44
1,8,2,15,1,1,1,1,28,6,7,1,0,0,1,0,0,18,0,0,6,6,6,13.0,0,0,6,6,6,14.166666666666666,0,12.4,0.5,1.79,Graduate,2,0,1.0,0.0,1.0,0.0,1.166666666666666,0,0.0
1,1,1,15,1,1,1,13,27,10,10,1,1,0,1,0,0,19,0,0,6,10,5,11.8,0,0,6,10,5,12.0,0,10.8,1.4,1.74,Graduate,2,0,0.8333333333333334,0.16666666666666663,0.8333333333333334,0.16666666666666663,0.1999999999999993,0,1.75
1,12,1,12,1,1,1,13,27,10,10,0,0,0,1,0,1,25,0,0,8,8,7,12.042857142857144,0,0,8,8,7,12.042857142857144,0,12.7,3.7,-1.7,Graduate,2,0,0.875,0.125,0.875,0.125,0.0,0,0.44
1,1,2,16,1,1,1,1,28,5,10,1,0,0,1,0,0,19,0,0,6,9,5,12.2,0,0,6,10,4,13.0,0,9.4,-0.8,-3.12,Enrolled,1,0,0.8333333333333334,0.16666666666666663,0.6666666666666666,0.33333333333333337,0.8000000000000007,-1,1.56
1,1,1,12,1,1,1,1,14,6,8,0,0,0,1,0,1,19,0,0,7,8,7,12.8375,0,0,8,8,8,15.5,0,13.9,-0.3,0.79,Graduate,2,0,1.0,0.0,1.0,0.0,2.6624999999999996,1,0.44
1,12,1,13,1,1,1,23,28,29,44,0,0,1,1,0,1,24,0,0,7,13,7,11.0,0,0,8,13,7,11.7,0,12.7,3.7,-1.7,Graduate,2,0,1.0,0.0,0.875,0.125,0.6999999999999993,0,2.87
1,1,1,14,1,1,1,22,27,10,8,1,0,0,1,0,1,18,0,0,6,7,6,13.5,0,0,6,9,5,14.0,0,8.9,1.4,3.51,Graduate,2,0,1.0,0.0,0.8333333333333334,0.16666666666666663,0.5,-1,0.5
1,8,5,10,1,1,1,22,27,8,6,1,0,0,1,0,1,19,0,0,6,8,6,12.125,0,0,6,7,6,12.714285714285714,0,16.2,0.3,-0.92,Graduate,2,0,1.0,0.0,1.0,0.0,0.5892857142857135,0,0.88
1,1,5,12,1,1,1,22,27,10,10,0,0,0,1,0,1,18,0,0,8,12,7,12.62857142857143,0,0,8,12,7,12.62857142857143,0,12.7,3.7,-1.7,Graduate,2,0,0.875,0.125,0.875,0.125,0.0,0,1.46
1,12,1,17,0,1,1,23,1,10,5,0,0,0,1,0,0,27,0,0,5,9,3,10.666666666666666,0,0,5,7,4,11.4,0,10.8,1.4,1.74,Enrolled,1,0,0.6,0.4,0.8,0.19999999999999996,0.7333333333333343,1,2.33
1,8,3,10,1,1,1,1,1,5,6,0,0,0,1,0,0,19,0,0,6,11,5,11.2,0,0,6,13,5,11.6,0,15.5,2.8,-4.06,Graduate,2,0,0.8333333333333334,0.16666666666666663,0.8333333333333334,0.16666666666666663,0.40000000000000036,0,1.91
1,9,1,15,1,1,1,1,1,4,4,0,0,0,1,0,1,18,0,0,6,6,6,12.666666666666666,0,0,6,6,6,11.833333333333334,0,12.7,3.7,-1.7,Dropout,0,1,1.0,0.0,1.0,0.0,-0.8333333333333321,0,0.0
2,12,1,14,1,1,1,22,27,10,1,0,0,1,0,0,0,34,0,0,6,7,4,13.5,0,0,6,6,0,0.0,6,12.7,3.7,-1.7,Dropout,0,1,0.6666666666666666,0.33333333333333337,0.0,1.0,-13.5,-4,4.0
1,1,6,9,1,1,1,22,27,10,10,0,0,0,1,0,0,18,0,0,5,9,3,11.666666666666666,0,0,5,15,2,11.0,0,7.6,2.6,0.32,Enrolled,1,0,0.6,0.4,0.4,0.6,-0.6666666666666661,-1,2.33
1,1,1,9,1,1,1,22,28,5,10,1,0,0,1,0,0,18,0,0,5,8,2,10.5,0,0,5,7,3,12.333333333333334,0,7.6,2.6,0.32,Enrolled,1,0,0.4,0.6,0.6,0.4,1.833333333333334,1,2.62
1,1,3,12,1,1,1,22,28,8,8,1,0,0,1,0,0,18,0,0,8,8,8,14.26875,0,0,8,8,8,14.26875,0,9.4,-0.8,-3.12,Enrolled,1,0,1.0,0.0,1.0,0.0,0.0,0,0.0
1,1,2,15,1,1,1,23,28,8,8,1,0,1,0,0,0,20,0,0,6,0,0,0.0,0,0,6,0,0,0.0,0,8.9,1.4,3.51,Dropout,0,1,0.0,1.0,0.0,1.0,0.0,0,8.0
1,1,1,9,1,1,1,13,27,10,10,1,0,0,1,0,1,19,0,0,5,8,2,10.5,0,0,5,11,3,13.333333333333334,0,7.6,2.6,0.32,Enrolled,1,0,0.4,0.6,0.6,0.4,2.833333333333334,1,2.62
1,1,1,10,1,1,1,22,1,4,6,0,0,0,1,0,0,21,0,0,6,11,5,11.2,0,0,6,15,1,10.0,0,7.6,2.6,0.32,Enrolled,1,0,0.8333333333333334,0.16666666666666663,0.16666666666666666,0.8333333333333334,-1.1999999999999993,-4,1.91
2,12,1,17,0,3,1,13,14,10,8,0,0,0,1,0,0,26,0,0,5,5,5,12.0,0,0,5,6,5,14.833333333333334,0,10.8,1.4,1.74,Graduate,2,0,1.0,0.0,1.0,0.0,2.833333333333334,0,0.0
1,14,2,13,1,1,1,1,14,5,4,0,0,0,1,0,0,27,0,0,7,9,7,12.228571428571428,0,1,8,10,8,13.2125,0,10.8,1.4,1.74,Graduate,2,0,1.0,0.0,1.0,0.0,0.9839285714285726,1,0.78
1,1,1,14,1,1,1,1,28,6,2,1,0,0,1,0,0,20,0,0,5,6,4,11.5,0,0,5,5,4,10.75,0,9.4,-0.8,-3.12,Graduate,2,0,0.8,0.19999999999999996,0.8,0.19999999999999996,-0.75,0,1.17
1,8,1,10,1,1,1,13,1,6,1,1,0,0,1,0,0,18,0,0,6,8,6,15.375,0,0,6,7,6,16.428571428571427,0,16.2,0.3,-0.92,Graduate,2,0,1.0,0.0,1.0,0.0,1.053571428571427,0,0.88
1,17,1,6,1,16,1,1,1,6,6,1,0,0,0,0,0,23,0,7,12,19,9,13.666666666666666,0,4,9,15,6,13.5,0,8.9,1.4,3.51,Enrolled,1,0,0.75,0.25,0.6666666666666666,0.33333333333333337,-0.16666666666666607,-3,3.09
1,12,1,12,1,12,1,1,5,5,4,0,0,0,1,0,0,24,0,0,8,11,7,12.614285714285714,0,0,8,11,7,12.614285714285714,0,12.7,3.7,-1.7,Graduate,2,0,0.875,0.125,0.875,0.125,0.0,0,1.27
1,15,1,10,1,14,1,23,28,7,10,1,0,0,1,0,1,19,0,3,6,7,5,12.2,0,2,6,6,6,11.5,0,13.9,-0.3,0.79,Graduate,2,0,0.8333333333333334,0.16666666666666663,1.0,0.0,-0.6999999999999993,1,1.0
1,1,1,15,1,1,1,13,28,4,6,0,0,0,1,0,0,19,0,0,6,13,4,11.75,0,0,6,10,4,11.0,0,10.8,1.4,1.74,Graduate,2,0,0.6666666666666666,0.33333333333333337,0.6666666666666666,0.33333333333333337,-0.75,0,2.42
1,1,4,10,1,1,1,13,28,10,7,1,0,1,1,0,1,19,0,0,6,9,5,11.4,0,0,6,9,3,10.0,0,8.9,1.4,3.51,Enrolled,1,0,0.8333333333333334,0.16666666666666663,0.5,0.5,-1.4000000000000004,-2,2.81
1,1,1,10,1,1,1,22,14,6,11,0,0,1,1,0,0,18,0,0,6,10,5,10.6,0,0,6,14,2,10.0,0,7.6,2.6,0.32,Enrolled,1,0,0.8333333333333334,0.16666666666666663,0.3333333333333333,0.6666666666666667,-0.5999999999999996,-3,3.0
1,16,1,3,0,1,1,1,28,6,8,0,0,0,1,0,0,22,0,14,16,16,13,10.923076923076923,0,13,13,13,11,11.454545454545457,0,16.2,0.3,-0.92,Graduate,2,0,0.8125,0.1875,0.8461538461538461,0.15384615384615385,0.5314685314685335,-2,0.66
1,14,1,5,1,1,1,1,14,6,11,0,0,0,1,0,0,20,0,0,6,6,5,12.4,0,0,6,9,5,12.4,0,12.7,3.7,-1.7,Graduate,2,0,0.8333333333333334,0.16666666666666663,0.8333333333333334,0.16666666666666663,0.0,0,0.58
1,12,1,4,1,1,1,13,14,10,10,0,0,0,1,0,0,25,0,0,6,6,0,0.0,0,0,6,6,0,0.0,0,11.1,0.6,2.02,Dropout,0,1,0.0,1.0,0.0,1.0,0.0,0,5.5
1,15,1,4,1,14,1,1,3,5,3,0,0,0,1,0,0,21,0,0,6,6,6,15.833333333333334,0,0,6,8,6,15.5,0,15.5,2.8,-4.06,Graduate,2,0,1.0,0.0,1.0,0.0,-0.3333333333333339,0,0.0
1,1,1,12,1,1,1,13,14,32,44,1,0,0,1,0,0,19,0,0,7,12,5,11.8,0,0,7,9,6,11.708333333333334,0,11.1,0.6,2.02,Enrolled,1,0,0.7142857142857143,0.2857142857142857,0.8571428571428571,0.1428571428571429,-0.09166666666666679,1,2.04
1,8,4,15,1,1,1,1,14,5,2,1,0,0,1,0,0,18,0,0,6,7,6,12.571428571428571,0,0,6,6,6,13.666666666666666,0,13.9,-0.3,0.79,Graduate,2,0,1.0,0.0,1.0,0.0,1.095238095238095,0,0.5
1,1,3,14,1,1,1,22,27,1,1,1,0,0,1,0,0,18,0,0,5,7,3,12.0,0,0,5,7,4,13.25,1,7.6,2.6,0.32,Graduate,2,0,0.6,0.4,0.8,0.19999999999999996,1.25,1,2.0
1,8,3,12,1,1,1,3,3,10,8,1,0,0,1,1,0,19,0,0,7,8,7,13.3625,0,0,8,9,8,14.444444444444445,0,13.9,-0.3,0.79,Graduate,2,0,1.0,0.0,1.0,0.0,1.081944444444444,1,0.44
1,1,1,6,1,1,5,3,3,7,7,1,0,0,1,0,1,19,1,0,5,6,5,15.4,0,0,5,5,5,16.0,0,10.8,1.4,1.74,Graduate,2,0,1.0,0.0,1.0,0.0,0.5999999999999996,0,0.58
1,8,2,15,1,1,1,22,28,6,6,1,0,1,0,0,0,18,0,0,6,9,5,12.2,0,0,6,9,4,11.75,0,10.8,1.4,1.74,Dropout,0,1,0.8333333333333334,0.16666666666666663,0.6666666666666666,0.33333333333333337,-0.4499999999999993,-1,4.06
1,16,1,10,1,14,1,23,28,6,8,1,0,0,1,0,1,20,0,6,11,11,11,12.818181818181818,0,6,11,11,11,13.545454545454543,0,12.4,0.5,1.79,Graduate,2,0,1.0,0.0,1.0,0.0,0.7272727272727249,0,0.0
1,8,5,12,1,1,1,1,14,5,9,1,0,0,1,0,0,19,0,0,7,0,0,0.0,0,0,8,0,0,0.0,0,12.4,0.5,1.79,Dropout,0,1,0.0,1.0,0.0,1.0,0.0,0,5.5
1,13,1,12,1,1,1,13,27,6,8,1,0,0,1,0,0,28,0,12,17,21,17,13.394736842105264,0,11,17,19,17,13.554736842105264,0,16.2,0.3,-0.92,Graduate,2,0,1.0,0.0,1.0,0.0,0.16000000000000014,0,0.67
1,1,1,10,1,1,1,22,1,10,10,1,0,0,1,0,1,20,0,0,6,8,6,14.25,0,0,6,8,6,11.0,0,12.7,3.7,-1.7,Graduate,2,0,1.0,0.0,1.0,0.0,-3.25,0,0.88
1,13,1,3,0,1,1,22,28,12,8,1,0,0,1,0,0,30,0,9,11,19,9,13.444444444444445,1,5,7,7,7,14.714285714285714,0,7.6,2.6,0.32,Dropout,0,1,0.8181818181818182,0.18181818181818177,1.0,0.0,1.2698412698412689,-2,2.02
1,1,4,12,1,1,1,1,14,10,8,1,0,0,1,0,1,19,0,0,7,8,7,12.285714285714286,0,0,8,10,8,11.7375,0,12.4,0.5,1.79,Graduate,2,0,1.0,0.0,1.0,0.0,-0.5482142857142858,1,0.44
1,1,2,5,1,1,1,13,14,4,4,1,0,0,1,0,0,22,0,0,6,7,6,11.666666666666666,0,0,6,7,5,13.2,0,12.7,3.7,-1.7,Graduate,2,0,1.0,0.0,0.8333333333333334,0.16666666666666663,1.5333333333333332,-1,0.5
1,1,1,11,1,1,1,23,28,6,9,1,0,0,1,0,0,18,0,0,6,8,6,12.166666666666666,0,0,6,6,6,13.5,0,11.1,0.6,2.02,Graduate,2,0,1.0,0.0,1.0,0.0,1.333333333333334,0,0.88
1,8,1,16,1,1,1,22,27,10,10,1,0,0,1,0,0,23,0,0,6,11,2,10.0,0,0,6,15,2,11.0,0,7.6,2.6,0.32,Dropout,0,1,0.3333333333333333,0.6666666666666667,0.3333333333333333,0.6666666666666667,1.0,0,2.86
1,8,4,5,1,1,1,1,14,6,8,1,0,0,1,0,0,18,0,0,6,6,6,14.0,0,0,6,6,6,15.0,0,11.1,0.6,2.02,Graduate,2,0,1.0,0.0,1.0,0.0,1.0,0,0.0
1,1,1,16,1,1,1,22,14,8,8,1,0,0,1,0,0,18,0,0,6,9,5,11.833333333333334,0,0,6,6,4,12.0,0,15.5,2.8,-4.06,Enrolled,1,0,0.8333333333333334,0.16666666666666663,0.6666666666666666,0.33333333333333337,0.16666666666666607,-1,1.56
2,12,1,15,1,12,1,22,27,1,1,0,0,1,0,1,0,50,0,0,6,7,1,15.0,0,0,5,12,0,0.0,0,10.8,1.4,1.74,Dropout,0,1,0.16666666666666666,0.8333333333333334,0.0,1.0,-15.0,-1,5.5
1,1,1,2,1,1,14,3,3,3,6,1,0,0,1,0,1,19,1,0,0,0,0,0.0,0,0,0,0,0,0.0,0,13.9,-0.3,0.79,Graduate,2,0,0.0,1.0,0.0,1.0,0.0,0,5.5
1,8,2,11,1,1,14,13,28,10,10,1,0,0,1,0,0,22,1,0,6,7,6,10.833333333333334,0,0,6,6,6,10.666666666666666,0,13.9,-0.3,0.79,Graduate,2,0,1.0,0.0,1.0,0.0,-0.16666666666666785,0,0.5
1,15,1,10,1,14,14,1,1,5,7,0,0,1,1,0,1,23,1,3,6,7,6,13.142857142857142,0,2,6,6,6,14.0,0,12.4,0.5,1.79,Graduate,2,0,1.0,0.0,1.0,0.0,0.8571428571428577,0,1.75
1,9,4,6,1,1,1,1,1,5,6,0,0,1,0,0,1,20,0,2,5,8,5,14.4,1,0,5,6,5,14.0,0,12.7,3.7,-1.7,Dropout,0,1,1.0,0.0,1.0,0.0,-0.40000000000000036,0,4.21
4,12,1,10,1,12,1,22,27,10,11,0,0,0,0,0,0,44,0,0,6,0,0,0.0,0,0,6,0,0,0.0,0,13.9,-0.3,0.79,Dropout,0,1,0.0,1.0,0.0,1.0,0.0,0,6.75
4,12,1,4,1,12,1,22,27,10,10,0,0,0,1,1,0,49,0,6,12,17,7,12.0,0,3,12,19,9,11.22222222222222,0,15.5,2.8,-4.06,Graduate,2,0,0.5833333333333334,0.41666666666666663,0.75,0.25,-0.7777777777777803,2,2.06
2,14,1,17,0,1,1,22,27,10,10,0,0,0,1,1,0,46,0,6,10,13,9,12.2,0,4,10,12,10,12.8,0,7.6,2.6,0.32,Graduate,2,0,0.9,0.09999999999999998,1.0,0.0,0.6000000000000014,1,1.08
1,12,1,6,1,14,1,22,27,2,10,1,0,0,0,1,0,41,0,3,3,3,3,12.333333333333334,0,2,2,2,2,11.0,0,12.4,0.5,1.79,Dropout,0,1,1.0,0.0,1.0,0.0,-1.333333333333334,-1,1.25
1,8,3,12,1,1,1,23,14,10,9,1,0,0,1,1,0,18,0,0,7,8,7,11.8375,0,0,8,9,8,12.48125,0,13.9,-0.3,0.79,Graduate,2,0,1.0,0.0,1.0,0.0,0.6437499999999989,1,0.44
3,12,1,17,0,1,1,22,1,10,3,0,0,0,1,1,0,43,0,0,5,5,5,11.8,0,0,5,6,5,14.0,0,9.4,-0.8,-3.12,Graduate,2,0,1.0,0.0,1.0,0.0,2.1999999999999993,0,0.0
4,12,2,9,1,12,1,22,27,10,8,0,0,1,0,1,0,70,0,0,5,5,0,0.0,0,0,5,9,0,0.0,0,10.8,1.4,1.74,Dropout,0,1,0.0,1.0,0.0,1.0,0.0,0,8.0
4,12,1,8,1,12,1,22,28,10,5,0,0,0,1,1,0,48,0,0,6,0,0,0.0,0,0,6,0,0,0.0,0,15.5,2.8,-4.06,Dropout,0,1,0.0,1.0,0.0,1.0,0.0,0,5.5
2,14,1,4,1,1,1,22,27,10,8,0,0,0,1,1,0,41,0,18,19,19,19,12.68421052631579,0,12,13,13,13,12.384615384615383,0,15.5,2.8,-4.06,Graduate,2,0,1.0,0.0,1.0,0.0,-0.29959514170040613,-6,0.0
1,1,1,11,1,1,1,13,14,10,4,0,0,0,1,1,0,21,0,0,6,8,6,12.571428571428571,0,0,6,10,4,13.0,0,12.7,3.7,-1.7,Enrolled,1,0,1.0,0.0,0.6666666666666666,0.33333333333333337,0.4285714285714288,-2,0.88
1,12,1,1,1,1,14,23,27,10,9,0,0,1,0,1,0,35,1,0,7,18,3,11.25,0,0,7,7,0,0.0,0,16.2,0.3,-0.92,Dropout,0,1,0.42857142857142855,0.5714285714285714,0.0,1.0,-11.25,-3,5.42
2,12,1,8,1,12,1,2,1,3,10,1,0,0,1,1,0,44,0,1,5,13,4,14.0,3,1,5,9,4,15.5,2,10.8,1.4,1.74,Graduate,2,0,0.8,0.19999999999999996,0.8,0.19999999999999996,1.5,0,3.62
1,1,1,9,1,1,1,3,1,6,6,1,0,1,1,1,0,18,0,0,5,15,4,13.333333333333334,0,0,5,6,2,13.5,0,13.9,-0.3,0.79,Dropout,0,1,0.8,0.19999999999999996,0.4,0.6,0.16666666666666607,-2,3.82
2,1,1,3,0,1,1,22,27,1,1,1,0,0,1,1,0,45,0,0,6,7,6,13.666666666666666,0,0,6,6,6,13.666666666666666,0,7.6,2.6,0.32,Graduate,2,0,1.0,0.0,1.0,0.0,0.0,0,0.5
1,1,1,11,1,1,1,3,1,3,2,0,0,0,1,1,0,20,0,0,6,12,3,10.0,0,0,6,9,5,10.8,0,15.5,2.8,-4.06,Enrolled,1,0,0.5,0.5,0.8333333333333334,0.16666666666666663,0.8000000000000007,2,2.62
1,15,1,4,1,14,1,1,28,10,2,1,0,0,1,1,0,22,0,0,6,12,5,12.6,0,0,6,11,6,11.714285714285714,0,12.4,0.5,1.79,Graduate,2,0,0.8333333333333334,0.16666666666666663,1.0,0.0,-0.8857142857142861,1,2.04
1,14,1,7,1,1,1,22,28,6,8,0,0,0,1,1,0,39,0,0,5,10,3,17.333333333333332,0,0,5,11,1,17.0,0,13.9,-0.3,0.79,Dropout,0,1,0.6,0.4,0.2,0.8,-0.33333333333333215,-2,2.45
1,15,1,6,1,14,1,2,2,7,7,0,0,0,0,1,0,20,0,2,6,10,5,13.2,0,1,6,21,3,12.0,0,12.4,0.5,1.79,Enrolled,1,0,0.8333333333333334,0.16666666666666663,0.5,0.5,-1.1999999999999993,-2,3.0
2,12,1,9,1,12,1,22,14,10,4,0,0,0,1,1,0,49,0,0,5,9,3,14.0,0,0,5,8,3,13.666666666666666,0,8.9,1.4,3.51,Dropout,0,1,0.6,0.4,0.6,0.4,-0.3333333333333339,0,2.33
1,4,1,13,1,4,1,5,5,3,3,1,0,0,1,1,0,43,0,4,4,4,4,13.875,0,1,1,1,1,12.5,0,11.1,0.6,2.02,Dropout,0,1,1.0,0.0,1.0,0.0,-1.375,-3,0.0
2,12,1,17,0,1,1,22,27,10,10,1,0,0,1,1,0,32,0,0,5,5,0,0.0,0,0,5,5,0,0.0,0,7.6,2.6,0.32,Dropout,0,1,0.0,1.0,0.0,1.0,0.0,0,5.5
1,12,1,10,1,9,1,22,27,10,10,0,0,0,1,1,0,47,0,3,9,9,9,13.11111111111111,0,3,7,7,7,14.857142857142858,0,10.8,1.4,1.74,Graduate,2,0,1.0,0.0,1.0,0.0,1.746031746031747,-2,0.0
5,12,1,17,0,1,1,22,27,10,10,0,0,0,1,1,1,37,0,0,5,8,5,13.0,0,0,5,11,4,13.333333333333334,2,16.2,0.3,-0.92,Dropout,0,1,1.0,0.0,0.8,0.19999999999999996,0.3333333333333339,-1,1.31
2,12,1,3,0,1,1,13,1,5,9,0,0,0,1,1,0,41,0,6,10,10,10,12.5,0,3,7,7,7,12.142857142857142,0,10.8,1.4,1.74,Graduate,2,0,1.0,0.0,1.0,0.0,-0.35714285714285765,-3,0.0
2,12,1,4,1,1,1,22,27,10,7,0,0,0,1,1,0,60,0,17,18,18,18,14.11111111111111,0,11,13,13,13,14.23076923076923,0,15.5,2.8,-4.06,Graduate,2,0,1.0,0.0,1.0,0.0,0.11965811965811923,-5,0.0
2,12,1,11,1,1,1,1,14,10,10,0,0,0,1,1,0,47,0,6,11,11,11,14.727272727272728,0,6,9,9,9,15.77777777777778,0,10.8,1.4,1.74,Graduate,2,0,1.0,0.0,1.0,0.0,1.050505050505052,-2,0.0
1,12,1,3,0,1,1,22,9,10,8,0,0,1,0,1,0,50,0,0,6,6,0,0.0,0,0,5,6,0,0.0,0,12.4,0.5,1.79,Dropout,0,1,0.0,1.0,0.0,1.0,0.0,0,8.0
2,12,1,17,0,12,1,23,28,12,12,1,0,0,1,1,0,45,0,0,5,5,0,0.0,0,0,5,5,0,0.0,0,7.6,2.6,0.32,Dropout,0,1,0.0,1.0,0.0,1.0,0.0,0,5.5
1,12,1,7,1,1,1,22,27,10,9,0,0,1,0,1,0,45,0,0,5,5,0,0.0,0,0,5,5,0,0.0,0,15.5,2.8,-4.06,Dropout,0,1,0.0,1.0,0.0,1.0,0.0,0,8.0
2,12,1,6,1,1,1,22,27,12,12,0,0,0,1,1,0,33,0,0,5,7,4,13.5,0,0,5,6,5,11.6,0,7.6,2.6,0.32,Graduate,2,0,0.8,0.19999999999999996,1.0,0.0,-1.9000000000000004,1,1.5
1,1,1,12,1,1,1,3,3,3,3,0,0,0,1,1,0,18,0,0,8,8,7,13.105714285714283,0,0,8,8,7,13.105714285714283,0,10.8,1.4,1.74,Graduate,2,0,0.875,0.125,0.875,0.125,0.0,0,0.44
2,12,1,6,1,1,1,22,27,7,7,0,0,0,1,1,0,43,0,0,5,8,5,13.5,2,0,5,5,5,14.4,0,9.4,-0.8,-3.12,Graduate,2,0,1.0,0.0,1.0,0.0,0.9000000000000004,0,2.11
1,14,1,3,0,1,1,13,27,5,11,0,0,0,1,1,0,44,0,9,13,18,13,11.846153846153848,0,9,11,11,11,12.0,0,12.7,3.7,-1.7,Graduate,2,0,1.0,0.0,1.0,0.0,0.15384615384615152,-2,0.97
1,12,1,8,1,7,1,19,26,1,12,0,0,0,1,1,0,29,0,0,5,5,0,0.0,0,0,5,5,0,0.0,0,7.6,2.6,0.32,Dropout,0,1,0.0,1.0,0.0,1.0,0.0,0,5.5
4,12,1,14,1,1,1,2,1,4,10,0,0,1,0,1,0,53,0,0,6,11,3,14.333333333333334,0,0,6,6,0,0.0,0,12.7,3.7,-1.7,Dropout,0,1,0.5,0.5,0.0,1.0,-14.333333333333334,-3,5.05
2,13,1,17,0,6,1,22,27,10,10,0,0,0,1,1,0,37,0,0,5,10,5,15.8,0,0,5,5,5,17.6,0,9.4,-0.8,-3.12,Enrolled,1,0,1.0,0.0,1.0,0.0,1.8000000000000007,0,1.75
1,14,1,14,1,1,1,23,1,9,11,1,0,0,1,1,0,18,0,0,6,16,5,13.8,0,0,6,7,5,12.4,0,13.9,-0.3,0.79,Enrolled,1,0,0.8333333333333334,0.16666666666666663,0.8333333333333334,0.16666666666666663,-1.4000000000000004,0,2.41
1,14,1,1,1,12,1,23,28,5,5,0,0,1,1,1,0,35,0,3,10,18,6,12.666666666666666,0,1,9,11,3,12.0,2,16.2,0.3,-0.92,Dropout,0,1,0.6,0.4,0.3333333333333333,0.6666666666666667,-0.6666666666666661,-3,3.58
1,1,1,11,1,1,1,13,1,4,8,0,0,0,1,1,0,23,0,0,6,10,6,13.0,0,0,6,9,6,12.0,0,11.1,0.6,2.02,Enrolled,1,0,1.0,0.0,1.0,0.0,-1.0,0,1.4
1,1,1,2,1,1,1,13,28,10,6,1,0,0,1,1,0,22,0,0,0,0,0,0.0,0,0,0,0,0,0.0,0,7.6,2.6,0.32,Graduate,2,0,0.0,1.0,0.0,1.0,0.0,0,5.5
1,12,1,3,0,1,1,22,27,12,6,0,0,0,0,1,0,33,0,0,6,6,1,11.0,0,0,6,0,0,0.0,0,10.8,1.4,1.74,Dropout,0,1,0.16666666666666666,0.8333333333333334,0.0,1.0,-11.0,-1,4.17
1,4,3,8,1,3,1,22,18,12,11,0,0,0,0,1,0,41,0,0,5,9,0,0.0,4,0,5,9,0,0.0,3,10.8,1.4,1.74,Dropout,0,1,0.0,1.0,0.0,1.0,0.0,0,8.35
4,4,1,12,1,3,1,22,28,10,8,0,0,0,1,1,0,51,0,4,7,7,7,15.2,0,6,8,8,8,16.575,0,13.9,-0.3,0.79,Graduate,2,0,1.0,0.0,1.0,0.0,1.375,1,0.0
1,16,1,14,1,1,1,10,5,4,4,0,0,0,1,1,0,19,0,2,6,7,6,14.428571428571429,0,1,7,8,7,14.375,0,11.1,0.6,2.02,Graduate,2,0,1.0,0.0,1.0,0.0,-0.053571428571428825,1,0.5
1,12,1,17,0,1,1,22,27,10,10,0,0,0,1,1,0,35,0,0,5,5,0,0.0,0,0,5,5,0,0.0,0,11.1,0.6,2.02,Dropout,0,1,0.0,1.0,0.0,1.0,0.0,0,5.5
1,1,2,2,1,1,14,13,1,5,8,1,0,0,1,1,0,20,1,0,0,0,0,0.0,0,0,0,0,0,0.0,0,7.6,2.6,0.32,Graduate,2,0,0.0,1.0,0.0,1.0,0.0,0,5.5
1,14,1,14,1,1,1,3,2,3,3,1,0,0,1,1,0,18,0,0,6,13,4,13.75,0,0,6,8,5,11.2,0,13.9,-0.3,0.79,Enrolled,1,0,0.6666666666666666,0.33333333333333337,0.8333333333333334,0.16666666666666663,-2.5500000000000007,1,2.42
1,1,1,15,1,1,1,13,27,10,10,0,0,1,0,1,1,18,0,0,6,11,5,12.166666666666666,0,0,6,15,3,12.0,0,13.9,-0.3,0.79,Dropout,0,1,0.8333333333333334,0.16666666666666663,0.5,0.5,-0.16666666666666607,-2,4.41
1,15,1,4,1,14,1,2,1,5,7,0,0,0,1,1,0,21,0,0,6,12,5,12.142857142857142,0,0,6,11,5,11.666666666666666,0,13.9,-0.3,0.79,Graduate,2,0,0.8333333333333334,0.16666666666666663,0.8333333333333334,0.16666666666666663,-0.4761904761904763,0,2.04
1,1,1,11,1,1,1,1,14,7,7,1,0,0,1,1,0,21,0,0,6,9,6,12.0,0,0,6,8,5,11.6,0,13.9,-0.3,0.79,Graduate,2,0,1.0,0.0,0.8333333333333334,0.16666666666666663,-0.40000000000000036,-1,1.17
2,12,2,9,1,1,1,13,27,5,8,0,0,0,1,1,0,34,0,0,5,10,3,11.666666666666666,1,0,5,7,4,12.75,0,9.4,-0.8,-3.12,Graduate,2,0,0.6,0.4,0.8,0.19999999999999996,1.083333333333334,1,2.85
4,12,1,8,1,1,1,22,27,7,8,1,0,0,1,1,0,34,0,0,6,9,0,0.0,0,0,6,6,0,0.0,0,16.2,0.3,-0.92,Dropout,0,1,0.0,1.0,0.0,1.0,0.0,0,5.5
1,8,2,14,1,1,1,3,3,5,11,1,0,0,1,1,0,21,0,0,6,10,6,11.875,0,0,6,8,5,12.0,0,11.1,0.6,2.02,Graduate,2,0,1.0,0.0,0.8333333333333334,0.16666666666666663,0.125,-1,1.4
1,14,1,15,1,1,1,3,27,4,8,0,0,0,1,1,0,32,0,6,11,15,7,11.285714285714286,0,5,7,10,6,12.333333333333334,0,13.9,-0.3,0.79,Enrolled,1,0,0.6363636363636364,0.36363636363636365,0.8571428571428571,0.1428571428571429,1.0476190476190474,-1,1.87
1,8,2,11,1,1,1,22,27,6,8,1,0,0,1,1,0,30,0,0,6,17,2,10.0,0,0,6,15,3,11.333333333333334,0,7.6,2.6,0.32,Dropout,0,1,0.3333333333333333,0.6666666666666667,0.5,0.5,1.333333333333334,1,3.09
1,1,1,2,1,1,1,1,3,4,8,1,0,1,1,1,0,19,0,6,12,13,11,12.0,0,4,11,15,10,11.181818181818182,0,8.9,1.4,3.51,Enrolled,1,0,0.9166666666666666,0.08333333333333337,0.9090909090909091,0.09090909090909094,-0.8181818181818183,-1,1.79
1,16,1,15,1,1,1,1,14,9,9,1,0,0,1,1,0,20,0,1,7,7,6,13.833333333333334,0,1,6,7,5,13.0,0,8.9,1.4,3.51,Dropout,0,1,0.8571428571428571,0.1428571428571429,0.8333333333333334,0.16666666666666663,-0.8333333333333339,-1,0.5
1,1,1,5,1,1,1,13,14,10,8,1,0,0,1,1,0,18,0,0,6,0,0,0.0,0,0,6,0,0,0.0,0,12.4,0.5,1.79,Dropout,0,1,0.0,1.0,0.0,1.0,0.0,0,5.5
1,1,1,11,1,1,1,3,3,3,3,0,0,0,1,1,0,19,0,0,6,7,6,14.428571428571429,0,0,6,6,6,12.5,0,8.9,1.4,3.51,Graduate,2,0,1.0,0.0,1.0,0.0,-1.9285714285714288,0,0.5
1,8,3,12,1,1,1,3,3,4,4,1,0,0,1,1,0,18,0,0,7,8,5,14.2,0,0,7,9,6,12.4,0,12.4,0.5,1.79,Dropout,0,1,0.7142857142857143,0.2857142857142857,0.8571428571428571,0.1428571428571429,-1.799999999999999,1,1.31
1,12,1,17,0,1,1,1,14,5,9,0,0,0,1,1,0,27,0,0,5,8,4,11.5,0,0,5,9,3,10.333333333333334,0,12.7,3.7,-1.7,Dropout,0,1,0.8,0.19999999999999996,0.6,0.4,-1.166666666666666,-1,1.75
1,12,1,15,1,9,1,1,1,10,10,1,0,0,1,1,0,52,0,0,6,7,5,13.0,0,0,6,6,6,15.0,0,9.4,-0.8,-3.12,Graduate,2,0,0.8333333333333334,0.16666666666666663,1.0,0.0,2.0,1,1.0
2,14,1,4,1,1,1,1,1,5,6,1,0,0,0,1,0,29,0,0,6,6,0,0.0,0,0,6,8,0,0.0,0,15.5,2.8,-4.06,Dropout,0,1,0.0,1.0,0.0,1.0,0.0,0,6.75
1,16,1,4,1,14,1,1,14,5,5,1,0,1,0,1,0,22,0,0,6,12,3,11.333333333333334,0,0,6,13,2,11.0,0,8.9,1.4,3.51,Dropout,0,1,0.5,0.5,0.3333333333333333,0.6666666666666667,-0.3333333333333339,-1,5.12
1,14,1,6,1,1,11,23,28,10,7,1,0,0,1,1,0,28,1,13,18,45,18,12.5,12,10,13,26,12,11.428571428571429,6,15.5,2.8,-4.06,Graduate,2,0,1.0,0.0,0.9230769230769231,0.07692307692307687,-1.0714285714285712,-6,3.43
1,12,1,14,1,6,1,1,1,12,4,1,0,0,1,1,0,30,0,0,5,5,0,0.0,0,0,5,5,0,0.0,0,7.6,2.6,0.32,Dropout,0,1,0.0,1.0,0.0,1.0,0.0,0,5.5
1,1,2,12,1,1,1,1,1,6,4,1,0,0,1,0,0,18,0,0,7,7,7,13.471428571428572,0,0,8,9,8,13.944444444444445,0,16.2,0.3,-0.92,Graduate,2,0,1.0,0.0,1.0,0.0,0.4730158730158731,1,0.0
1,1,2,14,1,1,1,23,27,6,6,1,0,0,1,0,0,21,0,0,5,5,4,11.75,0,0,5,5,3,13.333333333333334,0,9.4,-0.8,-3.12,Graduate,2,0,0.8,0.19999999999999996,0.6,0.4,1.583333333333334,-1,0.7
1,1,1,5,1,1,1,22,27,10,10,1,0,1,1,0,1,20,0,0,6,9,6,13.333333333333334,0,0,6,10,6,14.666666666666666,0,12.7,3.7,-1.7,Graduate,2,0,1.0,0.0,1.0,0.0,1.3333333333333321,0,2.42
1,13,1,12,1,1,1,22,27,4,4,1,0,0,1,0,1,21,0,0,8,8,8,13.105,0,0,8,8,8,13.105,0,9.4,-0.8,-3.12,Graduate,2,0,1.0,0.0,1.0,0.0,0.0,0,0.0
2,12,1,17,0,12,1,13,27,8,10,0,0,1,0,0,0,32,0,0,5,5,0,0.0,0,0,5,6,0,0.0,0,10.8,1.4,1.74,Dropout,0,1,0.0,1.0,0.0,1.0,0.0,0,8.0
1,1,3,5,1,1,1,22,27,10,10,1,0,0,1,1,1,20,0,0,6,6,6,15.5,0,0,6,7,6,12.166666666666666,0,12.4,0.5,1.79,Graduate,2,0,1.0,0.0,1.0,0.0,-3.333333333333334,0,0.0
1,1,4,2,1,1,1,1,14,5,6,1,0,1,0,1,0,19,0,0,0,0,0,0.0,0,0,0,0,0,0.0,0,15.5,2.8,-4.06,Dropout,0,1,0.0,1.0,0.0,1.0,0.0,0,8.0
1,6,1,14,1,1,14,1,1,10,6,0,0,1,0,1,0,18,1,0,6,6,4,11.25,0,0,6,7,3,12.333333333333334,0,8.9,1.4,3.51,Dropout,0,1,0.6666666666666666,0.33333333333333337,0.5,0.5,1.083333333333334,-1,3.67
1,14,1,17,0,1,1,22,2,10,5,1,0,0,0,1,0,23,0,10,15,24,12,11.0,0,10,14,21,11,11.363636363636363,1,7.6,2.6,0.32,Dropout,0,1,0.8,0.19999999999999996,0.7857142857142857,0.2142857142857143,0.3636363636363633,-1,3.0
1,1,1,11,1,1,1,1,1,4,4,1,0,0,1,1,0,20,0,0,6,10,6,12.333333333333334,0,0,6,9,4,13.0,0,12.4,0.5,1.79,Graduate,2,0,1.0,0.0,0.6666666666666666,0.33333333333333337,0.6666666666666661,-2,1.4
2,14,2,9,1,1,1,22,27,10,10,1,0,0,1,0,0,46,0,4,9,18,8,11.375,2,0,5,11,5,11.8,0,9.4,-0.8,-3.12,Graduate,2,0,0.8888888888888888,0.11111111111111116,1.0,0.0,0.4250000000000007,-3,2.39
1,8,1,4,1,1,1,3,3,3,3,0,0,0,1,1,0,27,0,16,18,19,18,12.22222222222222,0,9,12,15,12,12.384615384615383,0,15.5,2.8,-4.06,Graduate,2,0,1.0,0.0,1.0,0.0,0.1623931623931636,-6,0.18
1,3,1,2,1,1,1,3,14,2,11,1,0,0,1,1,0,20,0,0,0,0,0,0.0,0,0,0,0,0,0.0,0,16.2,0.3,-0.92,Enrolled,1,0,0.0,1.0,0.0,1.0,0.0,0,5.5
2,14,3,3,0,12,1,22,27,10,10,1,0,0,1,1,0,41,0,5,9,11,9,12.0,0,3,7,8,6,12.0,0,9.4,-0.8,-3.12,Graduate,2,0,1.0,0.0,0.8571428571428571,0.1428571428571429,0.0,-3,0.64
1,6,1,9,1,1,8,1,3,30,4,0,0,1,1,1,0,40,1,0,5,10,1,11.0,0,0,5,10,1,10.0,0,11.1,0.6,2.02,Enrolled,1,0,0.2,0.8,0.2,0.8,-1.0,0,4.4
2,15,1,3,0,14,1,1,1,6,6,0,0,0,1,1,0,37,0,12,16,17,16,14.125,0,6,11,14,10,13.0,0,12.4,0.5,1.79,Graduate,2,0,1.0,0.0,0.9090909090909091,0.09090909090909094,-1.125,-6,0.21
1,1,4,9,1,1,1,23,28,6,11,0,0,0,1,1,0,20,0,0,5,8,5,10.2,0,0,5,7,5,11.2,0,12.4,0.5,1.79,Enrolled,1,0,1.0,0.0,1.0,0.0,1.0,0,1.31
1,15,1,8,1,14,1,1,1,5,5,1,0,0,1,0,0,20,0,0,5,7,4,12.0,1,0,5,6,4,12.4,0,10.8,1.4,1.74,Enrolled,1,0,0.8,0.19999999999999996,0.8,0.19999999999999996,0.40000000000000036,0,1.9
1,4,1,17,0,15,1,1,27,5,2,0,0,0,1,0,0,26,0,8,9,11,9,12.333333333333334,0,4,7,7,7,12.571428571428571,0,12.4,0.5,1.79,Graduate,2,0,1.0,0.0,1.0,0.0,0.23809523809523725,-2,0.64
2,12,1,3,0,1,1,22,27,10,8,0,0,0,1,1,0,54,0,4,9,9,9,14.333333333333334,0,2,7,7,7,13.857142857142858,0,8.9,1.4,3.51,Graduate,2,0,1.0,0.0,1.0,0.0,-0.4761904761904763,-2,0.0
1,8,5,14,1,1,1,13,14,6,6,1,0,0,1,1,0,21,0,0,6,6,6,15.166666666666666,0,0,6,9,6,14.0,0,10.8,1.4,1.74,Graduate,2,0,1.0,0.0,1.0,0.0,-1.166666666666666,0,0.0
1,1,1,6,1,1,1,1,1,10,10,1,0,0,1,0,1,20,0,0,6,8,6,15.142857142857142,0,0,6,8,6,15.142857142857142,0,11.1,0.6,2.02,Graduate,2,0,1.0,0.0,1.0,0.0,0.0,0,0.88
1,8,6,15,1,1,1,1,14,6,6,1,0,0,1,0,0,18,0,0,6,0,0,0.0,0,0,6,0,0,0.0,0,12.4,0.5,1.79,Dropout,0,1,0.0,1.0,0.0,1.0,0.0,0,5.5
1,1,3,12,1,1,1,1,14,5,10,1,0,0,1,0,0,19,0,0,7,9,6,13.411428571428573,0,0,8,12,7,13.294444444444444,0,15.5,2.8,-4.06,Enrolled,1,0,0.8571428571428571,0.1428571428571429,0.875,0.125,-0.11698412698412852,1,1.17
1,1,2,10,1,1,1,23,1,5,11,1,0,0,1,0,0,18,0,0,6,7,6,12.333333333333334,0,0,6,7,6,12.166666666666666,0,9.4,-0.8,-3.12,Graduate,2,0,1.0,0.0,1.0,0.0,-0.16666666666666785,0,0.5
1,1,1,6,1,1,1,3,1,3,9,1,0,0,1,0,0,19,0,0,6,13,4,11.8,0,0,6,18,4,12.2,0,12.4,0.5,1.79,Enrolled,1,0,0.6666666666666666,0.33333333333333337,0.6666666666666666,0.33333333333333337,0.3999999999999986,0,2.42
1,15,1,6,1,14,1,1,1,5,8,1,0,1,1,0,0,22,0,2,6,9,6,12.0,0,1,6,12,3,12.0,0,13.9,-0.3,0.79,Dropout,0,1,1.0,0.0,0.5,0.5,0.0,-3,2.42
1,14,1,6,1,1,1,2,1,5,5,0,0,0,1,0,0,19,0,0,6,7,6,15.0,0,0,6,8,6,15.625,0,12.4,0.5,1.79,Graduate,2,0,1.0,0.0,1.0,0.0,0.625,0,0.5
1,1,1,2,1,1,1,3,2,5,3,1,0,0,1,0,0,21,0,6,12,12,8,13.875,0,4,11,13,9,12.7,1,8.9,1.4,3.51,Dropout,0,1,0.6666666666666666,0.33333333333333337,0.8181818181818182,0.18181818181818177,-1.1750000000000007,1,1.17
1,8,1,16,1,1,1,3,3,18,24,0,0,0,1,0,0,20,0,0,7,9,6,11.833333333333334,0,0,7,7,6,14.333333333333334,0,11.1,0.6,2.02,Enrolled,1,0,0.8571428571428571,0.1428571428571429,0.8571428571428571,0.1428571428571429,2.5,0,1.17
1,8,3,15,1,1,1,1,14,6,6,1,0,0,1,0,1,18,0,0,6,6,6,12.5,0,0,6,6,6,13.833333333333334,0,16.2,0.3,-0.92,Graduate,2,0,1.0,0.0,1.0,0.0,1.333333333333334,0,0.0
1,8,1,15,1,1,1,23,28,8,8,1,0,0,1,0,1,18,0,0,6,6,6,15.0,0,0,6,6,6,15.5,0,8.9,1.4,3.51,Graduate,2,0,1.0,0.0,1.0,0.0,0.5,0,0.0
1,8,1,14,1,1,1,1,1,6,5,1,0,1,1,0,0,20,0,0,6,10,2,11.666666666666666,0,0,6,10,4,10.5,0,15.5,2.8,-4.06,Dropout,0,1,0.3333333333333333,0.6666666666666667,0.6666666666666666,0.33333333333333337,-1.166666666666666,2,4.05
1,1,1,12,1,1,1,13,27,4,9,0,0,0,1,0,1,18,0,0,7,10,7,14.668,0,0,8,8,8,14.63375,0,15.5,2.8,-4.06,Graduate,2,0,1.0,0.0,1.0,0.0,-0.034250000000000114,1,1.05
1,1,3,12,1,1,1,3,3,2,4,1,0,0,1,0,0,18,0,0,8,9,6,13.345,2,0,8,9,6,13.345,2,9.4,-0.8,-3.12,Enrolled,1,0,0.75,0.25,0.75,0.25,0.0,0,1.67
1,1,2,15,1,1,1,1,24,10,10,1,0,0,1,0,1,20,0,0,6,7,5,12.8,0,0,6,6,6,12.333333333333334,0,12.4,0.5,1.79,Graduate,2,0,0.8333333333333334,0.16666666666666663,1.0,0.0,-0.4666666666666668,1,1.0
1,1,1,10,1,1,1,1,1,2,2,1,0,0,1,0,0,19,0,0,6,10,6,10.833333333333334,0,0,6,7,6,12.142857142857142,0,11.1,0.6,2.02,Graduate,2,0,1.0,0.0,1.0,0.0,1.3095238095238084,0,1.4
1,1,1,5,1,1,1,3,3,2,3,1,0,0,1,0,0,18,0,0,6,6,6,13.666666666666666,0,0,6,6,5,14.0,0,12.7,3.7,-1.7,Graduate,2,0,1.0,0.0,0.8333333333333334,0.16666666666666663,0.3333333333333339,-1,0.0
1,1,1,12,1,1,1,3,1,5,6,0,0,0,1,0,0,18,0,0,8,8,7,14.537142857142856,0,0,8,8,7,14.537142857142856,0,10.8,1.4,1.74,Graduate,2,0,0.875,0.125,0.875,0.125,0.0,0,0.44
1,3,3,6,1,1,1,22,27,1,12,0,0,1,1,0,1,18,0,0,5,5,5,14.4,0,0,5,5,5,14.0,0,7.6,2.6,0.32,Dropout,0,1,1.0,0.0,1.0,0.0,-0.40000000000000036,0,1.25
1,8,3,2,1,1,1,13,1,6,5,1,0,0,1,0,1,20,0,0,0,0,0,0.0,0,0,0,0,0,0.0,0,12.7,3.7,-1.7,Graduate,2,0,0.0,1.0,0.0,1.0,0.0,0,5.5
1,8,1,15,1,1,1,1,14,10,10,0,0,0,1,0,1,19,0,0,6,6,6,13.166666666666666,0,0,6,6,6,13.833333333333334,0,11.1,0.6,2.02,Graduate,2,0,1.0,0.0,1.0,0.0,0.6666666666666679,0,0.0
1,12,1,12,1,1,1,3,3,3,3,0,0,0,0,1,0,36,0,0,6,15,2,11.5,0,0,7,9,0,0.0,0,15.5,2.8,-4.06,Dropout,0,1,0.3333333333333333,0.6666666666666667,0.0,1.0,-11.5,-2,4.28
1,8,1,10,1,1,1,1,30,10,3,0,0,0,1,0,1,19,0,0,6,7,6,11.333333333333334,0,0,6,7,6,12.428571428571429,0,11.1,0.6,2.02,Graduate,2,0,1.0,0.0,1.0,0.0,1.095238095238095,0,0.5
1,8,3,10,1,1,1,3,1,3,6,1,0,0,1,0,0,18,0,0,6,6,6,12.0,0,0,6,6,5,13.6,0,8.9,1.4,3.51,Graduate,2,0,1.0,0.0,0.8333333333333334,0.16666666666666663,1.5999999999999996,-1,0.0
1,1,3,15,1,1,1,13,14,4,4,0,0,0,1,0,1,18,0,0,6,6,6,13.166666666666666,0,0,6,6,6,12.166666666666666,0,12.4,0.5,1.79,Graduate,2,0,1.0,0.0,1.0,0.0,-1.0,0,0.0
1,1,3,15,1,1,1,23,28,6,9,1,0,0,1,0,1,18,0,0,6,6,6,14.833333333333334,0,0,6,6,6,14.166666666666666,0,8.9,1.4,3.51,Graduate,2,0,1.0,0.0,1.0,0.0,-0.6666666666666679,0,0.0
1,15,1,5,1,1,1,1,1,10,9,1,0,0,1,0,0,19,0,2,7,7,7,13.0,0,5,9,9,9,13.22222222222222,0,12.4,0.5,1.79,Graduate,2,0,1.0,0.0,1.0,0.0,0.22222222222221966,2,0.0
1,9,3,12,1,1,1,1,1,5,9,1,0,0,1,0,0,18,0,0,7,8,7,13.087142857142856,0,0,8,8,8,12.95,0,11.1,0.6,2.02,Graduate,2,0,1.0,0.0,1.0,0.0,-0.137142857142857,1,0.44
1,1,1,8,1,1,1,1,27,10,10,1,0,0,1,0,1,19,0,0,6,8,6,13.333333333333334,0,0,6,7,6,13.666666666666666,0,8.9,1.4,3.51,Graduate,2,0,1.0,0.0,1.0,0.0,0.33333333333333215,0,0.88
1,1,1,16,1,1,1,3,1,4,8,1,0,0,1,0,0,18,0,0,6,7,6,12.166666666666666,0,0,6,10,4,12.75,0,10.8,1.4,1.74,Enrolled,1,0,1.0,0.0,0.6666666666666666,0.33333333333333337,0.5833333333333339,-2,0.5
1,17,1,5,1,16,1,25,14,4,6,1,0,0,0,0,1,22,0,0,6,8,6,11.0,0,0,6,10,4,12.0,0,8.9,1.4,3.51,Enrolled,1,0,1.0,0.0,0.6666666666666666,0.33333333333333337,1.0,-2,2.12
1,1,2,10,1,1,1,13,1,10,9,1,0,1,0,0,0,18,0,0,6,0,0,0.0,0,0,6,0,0,0.0,0,11.1,0.6,2.02,Dropout,0,1,0.0,1.0,0.0,1.0,0.0,0,8.0
1,8,4,9,1,1,1,13,14,6,6,1,0,0,1,0,0,19,0,0,5,7,5,13.6,0,0,5,6,5,12.2,0,8.9,1.4,3.51,Graduate,2,0,1.0,0.0,1.0,0.0,-1.4000000000000004,0,1.0
1,1,1,15,1,1,1,23,28,10,10,1,0,0,1,0,0,18,0,0,6,6,6,15.5,0,0,6,6,6,14.0,0,11.1,0.6,2.02,Graduate,2,0,1.0,0.0,1.0,0.0,-1.5,0,0.0
1,1,3,16,1,1,1,1,3,6,4,0,0,0,1,0,0,19,0,0,7,7,7,13.857142857142858,0,0,7,7,7,14.285714285714286,0,11.1,0.6,2.02,Graduate,2,0,1.0,0.0,1.0,0.0,0.4285714285714288,0,0.0
1,8,2,9,1,1,1,13,1,10,4,1,0,1,1,0,0,20,0,0,5,10,2,11.5,0,0,5,8,3,10.0,0,11.1,0.6,2.02,Enrolled,1,0,0.4,0.6,0.6,0.4,-1.5,1,4.05
1,8,3,5,1,1,1,1,28,4,6,1,0,0,1,0,1,18,0,0,6,6,6,13.0,0,0,6,6,6,12.166666666666666,0,16.2,0.3,-0.92,Graduate,2,0,1.0,0.0,1.0,0.0,-0.8333333333333339,0,0.0
1,1,1,8,1,1,1,3,3,3,11,0,0,1,0,0,0,23,0,0,6,10,6,14.0,0,0,6,11,4,13.0,0,11.1,0.6,2.02,Enrolled,1,0,1.0,0.0,0.6666666666666666,0.33333333333333337,-1.0,-2,3.9
1,1,4,15,1,1,1,1,3,5,8,1,0,0,1,0,0,20,0,0,4,4,0,0.0,0,0,6,0,0,0.0,0,8.9,1.4,3.51,Dropout,0,1,0.0,1.0,0.0,1.0,0.0,0,5.5
1,1,5,5,1,1,1,3,1,10,4,1,0,0,1,0,0,20,0,0,6,6,6,11.166666666666666,0,0,6,9,6,11.5,0,12.4,0.5,1.79,Enrolled,1,0,1.0,0.0,1.0,0.0,0.3333333333333339,0,0.0
1,1,1,10,1,1,1,1,1,10,5,1,0,1,0,0,1,22,0,0,6,0,0,0.0,0,0,6,0,0,0.0,0,12.4,0.5,1.79,Dropout,0,1,0.0,1.0,0.0,1.0,0.0,0,8.0
1,8,2,16,1,1,1,13,28,6,8,1,0,0,1,0,1,18,0,0,7,8,7,12.142857142857142,0,0,7,9,6,13.666666666666666,0,11.1,0.6,2.02,Graduate,2,0,1.0,0.0,0.8571428571428571,0.1428571428571429,1.5238095238095237,-1,0.44
1,8,1,12,1,1,1,13,28,10,10,0,0,0,1,0,1,18,0,0,7,7,7,14.145714285714286,0,0,8,9,8,13.627777777777778,0,11.1,0.6,2.02,Graduate,2,0,1.0,0.0,1.0,0.0,-0.5179365079365077,1,0.0
1,1,1,12,1,1,1,3,4,4,4,0,0,0,1,0,0,18,0,0,7,7,7,14.45,0,0,8,9,8,14.144444444444444,0,11.1,0.6,2.02,Graduate,2,0,1.0,0.0,1.0,0.0,-0.30555555555555536,1,0.0
1,1,1,16,1,1,1,13,3,5,5,0,0,0,1,0,0,18,0,0,7,7,7,15.714285714285714,0,0,7,7,7,15.0,0,11.1,0.6,2.02,Graduate,2,0,1.0,0.0,1.0,0.0,-0.7142857142857135,0,0.0
1,16,1,9,1,1,1,1,1,5,5,0,0,0,1,0,0,21,0,0,5,9,5,12.8,0,0,5,11,3,12.666666666666666,0,11.1,0.6,2.02,Enrolled,1,0,1.0,0.0,0.6,0.4,-0.13333333333333464,-2,1.56
1,8,1,5,1,1,1,1,27,5,6,0,0,0,1,0,0,20,0,0,6,6,6,12.5,0,0,6,8,6,11.5,0,10.8,1.4,1.74,Enrolled,1,0,1.0,0.0,1.0,0.0,-1.0,0,0.0
1,7,1,5,1,1,1,1,1,5,5,1,0,0,1,0,0,18,0,0,6,6,6,14.5,0,0,6,6,6,12.833333333333334,0,12.4,0.5,1.79,Graduate,2,0,1.0,0.0,1.0,0.0,-1.666666666666666,0,0.0
1,8,2,12,1,1,1,13,27,4,6,1,0,0,0,0,1,20,0,0,7,7,7,13.462857142857144,0,0,8,10,7,13.164285714285716,0,11.1,0.6,2.02,Enrolled,1,0,1.0,0.0,0.875,0.125,-0.29857142857142804,0,1.25
1,1,1,3,0,1,1,19,27,10,12,1,0,0,1,0,0,25,0,0,6,6,6,12.833333333333334,0,0,6,6,6,12.833333333333334,0,7.6,2.6,0.32,Graduate,2,0,1.0,0.0,1.0,0.0,0.0,0,0.0
1,1,1,9,1,1,1,13,14,10,10,1,0,0,1,0,1,18,0,0,5,10,5,12.0,0,0,5,8,4,11.6,0,13.9,-0.3,0.79,Graduate,2,0,1.0,0.0,0.8,0.19999999999999996,-0.40000000000000036,-1,1.75
1,1,3,2,1,1,1,10,14,10,4,1,0,0,1,0,0,19,0,0,0,0,0,0.0,0,0,0,0,0,0.0,0,13.9,-0.3,0.79,Graduate,2,0,0.0,1.0,0.0,1.0,0.0,0,5.5
1,1,1,6,1,1,3,1,14,5,8,1,0,0,1,0,0,20,1,0,7,9,6,14.714285714285714,0,1,7,16,6,13.2,0,12.4,0.5,1.79,Enrolled,1,0,0.8571428571428571,0.1428571428571429,0.8571428571428571,0.1428571428571429,-1.5142857142857142,0,1.17
1,1,2,10,1,1,1,13,14,10,10,1,0,0,1,0,1,20,0,0,6,7,6,12.571428571428571,0,0,6,7,6,13.285714285714286,0,12.4,0.5,1.79,Graduate,2,0,1.0,0.0,1.0,0.0,0.7142857142857153,0,0.5
1,9,4,15,1,1,1,1,1,10,10,1,0,0,1,0,1,21,0,0,6,6,6,12.5,0,0,6,6,6,11.5,0,11.1,0.6,2.02,Graduate,2,0,1.0,0.0,1.0,0.0,-1.0,0,0.0
1,8,3,14,1,1,1,1,3,5,4,1,0,0,1,0,0,18,0,0,6,8,6,14.0,0,0,6,9,5,14.0,0,8.9,1.4,3.51,Graduate,2,0,1.0,0.0,0.8333333333333334,0.16666666666666663,0.0,-1,0.88
1,8,1,16,1,1,1,1,1,6,8,1,0,0,1,0,0,18,0,0,7,8,7,11.571428571428571,0,0,7,9,6,13.166666666666666,0,11.1,0.6,2.02,Dropout,0,1,1.0,0.0,0.8571428571428571,0.1428571428571429,1.595238095238095,-1,0.44
1,1,3,5,1,1,1,1,3,10,8,1,0,0,1,0,1,18,0,0,6,6,6,15.833333333333334,0,0,6,6,6,15.333333333333334,0,11.1,0.6,2.02,Graduate,2,0,1.0,0.0,1.0,0.0,-0.5,0,0.0
1,1,4,12,1,1,1,13,14,5,6,1,0,0,1,0,0,18,0,0,8,8,8,14.25,0,0,8,8,8,14.25,0,9.4,-0.8,-3.12,Graduate,2,0,1.0,0.0,1.0,0.0,0.0,0,0.0
1,14,1,14,1,1,1,3,14,4,6,0,0,0,1,0,0,19,0,0,6,0,0,0.0,0,0,6,0,0,0.0,0,15.5,2.8,-4.06,Dropout,0,1,0.0,1.0,0.0,1.0,0.0,0,5.5
1,8,1,11,1,1,1,24,3,4,4,1,0,0,1,0,0,20,0,0,6,8,6,11.666666666666666,0,0,6,10,6,11.0,0,13.9,-0.3,0.79,Dropout,0,1,1.0,0.0,1.0,0.0,-0.6666666666666661,0,0.88
1,12,1,10,1,7,1,19,24,1,1,0,0,0,1,0,0,47,0,0,6,12,0,0.0,0,0,5,10,0,0.0,0,7.6,2.6,0.32,Dropout,0,1,0.0,1.0,0.0,1.0,0.0,0,5.5
1,14,1,8,1,1,3,1,3,10,3,0,0,1,1,0,0,21,1,2,5,9,5,13.2,2,0,5,7,2,12.5,2,10.8,1.4,1.74,Enrolled,1,0,1.0,0.0,0.4,0.6,-0.6999999999999993,-3,3.61
2,12,1,8,1,1,1,22,27,10,7,0,0,0,1,1,0,31,0,1,6,11,2,12.0,1,1,6,12,1,10.0,1,16.2,0.3,-0.92,Dropout,0,1,0.3333333333333333,0.6666666666666667,0.16666666666666666,0.8333333333333334,-2.0,-1,3.2
2,12,1,7,1,1,1,22,27,12,6,1,0,0,1,1,0,46,0,0,5,6,0,0.0,0,0,5,5,0,0.0,0,7.6,2.6,0.32,Dropout,0,1,0.0,1.0,0.0,1.0,0.0,0,5.5
1,1,3,7,1,1,1,3,1,4,5,1,0,0,1,1,0,18,0,0,5,9,4,12.0,0,0,5,10,2,11.0,0,8.9,1.4,3.51,Enrolled,1,0,0.8,0.19999999999999996,0.4,0.6,-1.0,-2,1.94
1,8,3,7,1,1,1,3,3,4,5,1,1,0,1,1,0,19,0,0,5,10,3,13.333333333333334,0,0,5,9,4,10.75,0,8.9,1.4,3.51,Dropout,0,1,0.6,0.4,0.8,0.19999999999999996,-2.583333333333334,1,2.45
1,16,1,13,1,1,1,1,27,24,44,1,0,0,1,1,0,23,0,0,7,11,5,12.414285714285713,0,0,7,13,2,13.5,0,8.9,1.4,3.51,Enrolled,1,0,0.7142857142857143,0.2857142857142857,0.2857142857142857,0.7142857142857143,1.0857142857142872,-3,1.91
1,15,1,8,1,14,1,3,1,3,9,0,0,0,0,1,0,22,0,0,5,5,0,0.0,0,0,5,5,0,0.0,0,12.7,3.7,-1.7,Dropout,0,1,0.0,1.0,0.0,1.0,0.0,0,6.75
1,1,1,9,1,1,1,23,1,4,11,1,0,0,1,1,0,19,0,0,5,5,5,13.8,0,0,5,7,5,12.4,0,9.4,-0.8,-3.12,Graduate,2,0,1.0,0.0,1.0,0.0,-1.4000000000000004,0,0.0
1,1,1,9,1,1,14,3,3,10,10,0,0,1,0,0,0,19,1,0,5,14,0,0.0,0,0,5,5,0,0.0,0,8.9,1.4,3.51,Dropout,0,1,0.0,1.0,0.0,1.0,0.0,0,8.0
1,8,1,9,1,1,1,3,1,4,5,0,0,0,0,1,0,22,0,0,5,10,4,11.5,0,0,5,11,4,14.0,0,8.9,1.4,3.51,Enrolled,1,0,0.8,0.19999999999999996,0.8,0.19999999999999996,2.5,0,3.35
1,12,1,8,1,1,1,3,24,4,1,0,0,1,0,1,0,29,0,0,5,11,0,0.0,4,0,5,6,0,0.0,1,9.4,-0.8,-3.12,Dropout,0,1,0.0,1.0,0.0,1.0,0.0,0,9.6
1,1,3,12,1,1,1,22,28,10,6,1,0,0,1,0,0,18,0,0,7,7,6,14.016666666666666,0,0,7,7,6,14.016666666666666,0,7.6,2.6,0.32,Graduate,2,0,0.8571428571428571,0.1428571428571429,0.8571428571428571,0.1428571428571429,0.0,0,0.5
1,1,1,10,1,1,1,23,24,10,10,1,0,0,1,0,0,18,0,0,6,9,5,11.4,0,0,6,8,5,10.8,0,9.4,-0.8,-3.12,Graduate,2,0,0.8333333333333334,0.16666666666666663,0.8333333333333334,0.16666666666666663,-0.5999999999999996,0,1.56
1,1,1,2,1,1,1,22,27,10,9,1,0,1,0,0,1,23,0,0,0,0,0,0.0,0,0,0,0,0,0.0,0,9.4,-0.8,-3.12,Dropout,0,1,0.0,1.0,0.0,1.0,0.0,0,8.0
2,12,1,17,0,1,1,1,1,32,23,0,0,0,1,0,0,34,0,0,5,12,5,10.4,0,0,5,11,5,12.0,0,12.4,0.5,1.79,Graduate,2,0,1.0,0.0,1.0,0.0,1.5999999999999996,0,2.04
1,8,1,9,1,1,1,13,14,10,10,0,0,0,1,0,0,19,0,0,5,11,3,10.666666666666666,0,0,5,9,4,10.25,0,11.1,0.6,2.02,Graduate,2,0,0.6,0.4,0.8,0.19999999999999996,-0.4166666666666661,1,2.55
1,1,1,6,1,1,1,1,1,3,6,1,0,0,1,0,0,18,0,0,5,9,4,14.25,0,0,5,8,5,12.714285714285714,0,10.8,1.4,1.74,Enrolled,1,0,0.8,0.19999999999999996,1.0,0.0,-1.5357142857142865,1,1.94
1,8,6,12,1,1,1,1,14,5,5,0,0,0,1,0,1,20,0,3,7,7,7,13.914285714285713,0,5,8,8,8,14.10625,0,11.1,0.6,2.02,Graduate,2,0,1.0,0.0,1.0,0.0,0.19196428571428648,1,0.0
1,1,6,12,1,1,1,3,3,2,2,1,0,0,1,0,0,19,0,0,7,9,7,13.761111111111113,0,0,8,11,7,12.82375,0,15.5,2.8,-4.06,Graduate,2,0,1.0,0.0,0.875,0.125,-0.9373611111111124,0,0.78
1,3,2,16,1,1,1,13,14,5,6,1,0,0,1,0,0,22,0,0,6,10,5,12.6,0,0,6,9,4,11.25,0,12.7,3.7,-1.7,Enrolled,1,0,0.8333333333333334,0.16666666666666663,0.6666666666666666,0.33333333333333337,-1.3499999999999996,-1,1.75
1,1,1,10,1,1,1,13,14,10,10,1,0,0,1,0,1,23,0,0,6,7,6,13.857142857142858,0,0,6,6,6,14.166666666666666,0,10.8,1.4,1.74,Graduate,2,0,1.0,0.0,1.0,0.0,0.3095238095238084,0,0.5
2,12,1,12,1,1,1,1,14,10,10,0,0,0,1,1,1,34,0,0,8,8,7,13.842857142857143,0,0,8,8,7,13.842857142857143,0,12.7,3.7,-1.7,Graduate,2,0,0.875,0.125,0.875,0.125,0.0,0,0.44
1,8,4,7,1,1,1,13,14,6,6,1,0,1,0,1,0,18,0,0,5,12,0,0.0,0,0,5,8,0,0.0,0,9.4,-0.8,-3.12,Enrolled,1,0,0.0,1.0,0.0,1.0,0.0,0,8.0
1,1,3,15,1,1,1,1,29,5,2,1,1,0,1,1,0,21,0,0,6,6,5,11.8,0,0,6,9,0,0.0,0,16.2,0.3,-0.92,Dropout,0,1,0.8333333333333334,0.16666666666666663,0.0,1.0,-11.8,-5,0.58
1,1,1,10,1,1,1,1,14,5,4,1,0,0,1,1,0,22,0,0,6,6,6,12.666666666666666,0,0,6,6,6,13.833333333333334,0,10.8,1.4,1.74,Dropout,0,1,1.0,0.0,1.0,0.0,1.1666666666666679,0,0.0
1,12,1,4,1,9,1,22,1,10,11,0,0,0,1,1,0,28,0,0,6,6,0,0.0,0,0,6,6,0,0.0,0,11.1,0.6,2.02,Dropout,0,1,0.0,1.0,0.0,1.0,0.0,0,5.5
1,3,4,7,1,1,1,13,27,5,7,1,0,0,1,1,0,23,0,0,5,7,0,0.0,0,0,5,5,0,0.0,0,7.6,2.6,0.32,Dropout,0,1,0.0,1.0,0.0,1.0,0.0,0,5.5
1,1,1,15,1,1,1,19,28,1,4,0,0,0,1,1,0,20,0,0,6,11,4,10.75,0,0,6,13,2,10.0,0,7.6,2.6,0.32,Dropout,0,1,0.6666666666666666,0.33333333333333337,0.3333333333333333,0.6666666666666667,-0.75,-2,2.23
1,9,2,7,1,1,1,1,2,6,5,1,0,0,1,1,0,18,0,0,5,7,5,12.6,0,0,5,9,3,13.25,0,13.9,-0.3,0.79,Dropout,0,1,1.0,0.0,0.6,0.4,0.6500000000000004,-2,1.0
1,12,2,9,1,9,1,13,28,10,10,1,0,1,0,1,0,28,0,0,5,5,0,0.0,0,0,5,5,0,0.0,0,9.4,-0.8,-3.12,Dropout,0,1,0.0,1.0,0.0,1.0,0.0,0,8.0
1,15,1,5,1,14,1,1,14,6,9,0,0,0,1,1,0,21,0,2,7,7,2,12.0,0,5,9,10,7,12.142857142857142,0,12.4,0.5,1.79,Dropout,0,1,0.2857142857142857,0.7142857142857143,0.7777777777777778,0.2222222222222222,0.14285714285714235,5,2.5
1,12,1,14,1,1,1,23,14,10,9,0,0,1,0,1,0,25,0,0,6,7,3,14.0,0,0,6,9,2,14.5,0,13.9,-0.3,0.79,Dropout,0,1,0.5,0.5,0.3333333333333333,0.6666666666666667,0.5,-1,4.5
1,15,1,6,1,14,1,1,1,6,5,1,1,0,0,1,0,19,0,2,6,6,6,14.0,0,1,6,11,6,13.5,0,12.4,0.5,1.79,Dropout,0,1,1.0,0.0,1.0,0.0,-0.5,0,1.25
1,1,4,12,1,1,1,1,1,5,11,1,0,0,1,1,1,18,0,0,7,7,7,14.682857142857143,0,0,8,9,8,15.055555555555555,0,12.4,0.5,1.79,Graduate,2,0,1.0,0.0,1.0,0.0,0.3726984126984121,1,0.0
1,12,1,7,1,3,1,1,28,12,12,0,0,0,1,1,0,29,0,0,3,3,0,0.0,3,0,5,0,0,0.0,0,10.8,1.4,1.74,Dropout,0,1,0.0,1.0,0.0,1.0,0.0,0,7.5
1,12,1,7,1,12,1,22,28,4,8,0,0,0,1,1,1,29,0,0,5,6,0,0.0,0,0,5,7,0,0.0,0,12.4,0.5,1.79,Dropout,0,1,0.0,1.0,0.0,1.0,0.0,0,5.5
1,9,1,11,1,1,1,13,14,5,6,0,0,0,1,1,0,20,0,0,6,7,6,13.857142857142858,0,0,6,7,5,12.8,0,16.2,0.3,-0.92,Graduate,2,0,1.0,0.0,0.8333333333333334,0.16666666666666663,-1.057142857142857,-1,0.5
1,1,1,2,1,1,1,13,1,10,8,0,0,0,1,1,0,18,0,0,0,0,0,0.0,0,0,0,0,0,0.0,0,9.4,-0.8,-3.12,Graduate,2,0,0.0,1.0,0.0,1.0,0.0,0,5.5
1,1,1,11,1,1,1,1,1,29,44,0,0,0,1,1,0,20,0,0,6,8,6,13.142857142857142,0,0,6,7,6,12.5,0,8.9,1.4,3.51,Graduate,2,0,1.0,0.0,1.0,0.0,-0.6428571428571423,0,0.88
2,12,1,7,1,1,1,19,24,1,1,1,0,0,1,1,0,33,0,0,5,14,1,18.0,0,0,5,9,2,13.0,0,9.4,-0.8,-3.12,Dropout,0,1,0.2,0.8,0.4,0.6,-5.0,1,3.25
1,13,1,17,0,1,1,13,14,6,6,0,0,0,1,1,0,30,0,11,15,15,13,11.461538461538462,0,6,11,15,10,11.583333333333334,1,16.2,0.3,-0.92,Graduate,2,0,0.8666666666666667,0.1333333333333333,0.9090909090909091,0.09090909090909094,0.12179487179487225,-3,0.47
1,1,1,13,1,1,1,1,1,2,2,0,0,0,1,1,1,21,0,0,7,14,5,11.2,0,0,8,11,6,11.583333333333334,0,16.2,0.3,-0.92,Enrolled,1,0,0.7142857142857143,0.2857142857142857,0.75,0.25,0.38333333333333464,1,2.25
1,1,1,4,1,1,1,1,14,32,45,0,0,1,1,1,0,18,0,0,6,6,5,15.0,0,0,6,8,4,14.5,0,8.9,1.4,3.51,Graduate,2,0,0.8333333333333334,0.16666666666666663,0.6666666666666666,0.33333333333333337,-0.5,-1,1.83
1,1,1,12,1,1,1,23,28,10,10,0,0,0,1,1,1,19,0,0,7,9,7,14.244444444444444,0,0,8,12,8,12.233333333333333,0,15.5,2.8,-4.06,Graduate,2,0,1.0,0.0,1.0,0.0,-2.011111111111111,1,0.78
1,8,1,5,1,1,1,23,14,10,10,0,0,0,1,1,1,21,0,0,6,8,4,11.5,0,0,6,7,5,11.0,0,15.5,2.8,-4.06,Dropout,0,1,0.6666666666666666,0.33333333333333337,0.8333333333333334,0.16666666666666663,-0.5,1,1.75
1,12,2,13,1,1,1,13,14,5,6,0,0,0,1,1,1,25,0,0,7,7,2,10.0,0,0,7,7,0,0.0,0,15.5,2.8,-4.06,Dropout,0,1,0.2857142857142857,0.7142857142857143,0.0,1.0,-10.0,-2,2.5
1,1,2,14,1,1,1,13,14,8,11,0,0,0,1,1,0,19,0,0,5,7,3,12.333333333333334,0,0,5,5,5,11.6,0,9.4,-0.8,-3.12,Graduate,2,0,0.6,0.4,1.0,0.0,-0.7333333333333343,2,2.0
1,15,1,5,1,14,1,13,1,10,4,1,0,0,1,1,0,23,0,2,7,8,5,12.2,0,5,9,10,7,12.142857142857142,1,16.2,0.3,-0.92,Dropout,0,1,0.7142857142857143,0.2857142857142857,0.7777777777777778,0.2222222222222222,-0.05714285714285694,2,1.31
1,8,2,5,1,1,1,23,28,10,9,1,0,0,1,1,1,19,0,0,6,6,6,13.666666666666666,0,0,6,7,5,13.2,0,12.4,0.5,1.79,Graduate,2,0,1.0,0.0,0.8333333333333334,0.16666666666666663,-0.4666666666666668,-1,0.0
1,1,1,2,1,1,1,3,2,3,6,1,0,0,1,1,0,19,0,0,0,0,0,0.0,0,0,0,0,0,0.0,0,9.4,-0.8,-3.12,Graduate,2,0,0.0,1.0,0.0,1.0,0.0,0,5.5
1,12,1,4,1,1,1,13,27,10,7,0,0,1,0,1,0,31,0,0,6,15,1,11.0,0,0,6,10,0,0.0,0,16.2,0.3,-0.92,Dropout,0,1,0.16666666666666666,0.8333333333333334,0.0,1.0,-11.0,-1,5.77
1,12,1,4,1,1,1,22,27,5,8,0,0,1,0,1,0,32,0,0,6,8,3,13.0,0,4,10,14,6,11.428571428571429,0,16.2,0.3,-0.92,Dropout,0,1,0.5,0.5,0.6,0.4,-1.5714285714285712,3,4.69
1,7,2,12,1,1,1,2,28,5,10,1,0,0,1,0,1,19,0,0,8,12,7,12.599999999999998,0,0,8,12,7,12.599999999999998,0,10.8,1.4,1.74,Graduate,2,0,0.875,0.125,0.875,0.125,0.0,0,1.46
1,13,1,15,1,6,1,19,24,1,1,1,0,0,1,0,0,34,0,8,10,11,10,12.2,0,5,10,12,9,12.333333333333334,0,7.6,2.6,0.32,Graduate,2,0,1.0,0.0,0.9,0.09999999999999998,0.13333333333333464,-1,0.32
1,7,6,15,1,1,1,23,12,1,1,1,0,0,1,0,0,21,0,0,6,6,6,13.166666666666666,0,0,6,6,6,13.0,0,7.6,2.6,0.32,Graduate,2,0,1.0,0.0,1.0,0.0,-0.16666666666666607,0,0.0
1,14,2,10,1,1,1,22,27,10,8,1,0,0,1,0,1,53,0,4,7,16,6,11.0,0,2,7,9,7,11.0,0,9.4,-0.8,-3.12,Graduate,2,0,0.8571428571428571,0.1428571428571429,1.0,0.0,0.0,1,2.19
1,1,1,12,1,1,1,13,14,5,8,0,0,0,1,0,1,19,0,0,7,7,7,14.014285714285714,0,0,8,8,8,15.35,0,13.9,-0.3,0.79,Graduate,2,0,1.0,0.0,1.0,0.0,1.3357142857142854,1,0.0
1,1,3,15,1,1,1,23,28,10,6,0,0,0,1,0,1,20,0,0,6,9,4,13.0,0,0,6,13,4,11.25,0,10.8,1.4,1.74,Graduate,2,0,0.6666666666666666,0.33333333333333337,0.6666666666666666,0.33333333333333337,-1.75,0,1.94
1,1,2,15,1,1,1,1,14,10,10,1,0,0,1,0,0,18,0,0,6,6,6,14.0,0,0,6,6,6,14.666666666666666,0,10.8,1.4,1.74,Graduate,2,0,1.0,0.0,1.0,0.0,0.6666666666666661,0,0.0
1,12,1,2,1,1,1,22,28,28,44,0,0,0,0,0,0,32,0,0,0,0,0,0.0,0,0,0,0,0,0.0,0,16.2,0.3,-0.92,Dropout,0,1,0.0,1.0,0.0,1.0,0.0,0,6.75
1,14,1,12,1,1,1,22,27,10,10,1,0,0,1,0,1,21,0,0,8,8,7,14.428571428571429,0,0,8,8,7,14.428571428571429,0,12.7,3.7,-1.7,Graduate,2,0,0.875,0.125,0.875,0.125,0.0,0,0.44
1,4,1,3,0,3,1,22,10,10,5,0,0,0,0,0,0,26,0,0,5,9,0,0.0,0,0,5,10,0,0.0,0,9.4,-0.8,-3.12,Dropout,0,1,0.0,1.0,0.0,1.0,0.0,0,6.75
1,13,1,6,1,14,1,1,1,5,8,1,0,0,1,0,0,26,0,11,18,45,18,11.833333333333334,10,9,13,27,13,12.461538461538462,5,15.5,2.8,-4.06,Graduate,2,0,1.0,0.0,1.0,0.0,0.6282051282051277,-5,3.21
2,15,1,17,0,14,1,1,27,5,10,0,0,0,0,0,0,21,0,0,5,12,3,11.333333333333334,0,0,5,10,1,13.0,0,15.5,2.8,-4.06,Dropout,0,1,0.6,0.4,0.2,0.8,1.666666666666666,-2,3.87
1,8,1,15,1,1,1,22,27,6,6,0,0,0,1,0,0,18,0,0,6,9,6,12.5,0,0,6,9,6,13.0,0,7.6,2.6,0.32,Graduate,2,0,1.0,0.0,1.0,0.0,0.5,0,1.17
1,14,1,5,1,14,1,13,27,6,10,1,0,0,1,0,1,21,0,4,12,12,12,13.333333333333334,0,5,12,12,11,12.545454545454543,0,15.5,2.8,-4.06,Graduate,2,0,1.0,0.0,0.9166666666666666,0.08333333333333337,-0.7878787878787907,-1,0.0
1,1,1,11,1,1,1,23,14,10,6,1,0,0,1,0,0,21,0,0,6,10,6,10.833333333333334,0,0,6,10,4,11.0,0,7.6,2.6,0.32,Enrolled,1,0,1.0,0.0,0.6666666666666666,0.33333333333333337,0.16666666666666607,-2,1.4
1,8,1,14,1,1,1,13,14,8,8,0,0,0,1,0,1,19,0,0,6,6,6,13.0,0,0,6,6,6,14.0,0,13.9,-0.3,0.79,Graduate,2,0,1.0,0.0,1.0,0.0,1.0,0,0.0
1,8,1,9,1,1,1,13,14,10,8,0,0,0,1,0,0,19,0,0,5,7,2,10.0,0,0,5,11,2,14.0,0,10.8,1.4,1.74,Dropout,0,1,0.4,0.6,0.4,0.6,4.0,0,2.5
1,14,2,10,1,1,1,23,28,6,6,0,0,0,1,0,1,19,0,0,6,8,6,11.428571428571429,0,0,6,11,5,11.2,0,10.8,1.4,1.74,Graduate,2,0,1.0,0.0,0.8333333333333334,0.16666666666666663,-0.22857142857142954,-1,0.88
1,4,1,12,1,3,1,22,28,8,8,1,0,0,1,0,0,27,0,0,8,8,8,12.8875,0,0,8,8,8,12.8875,0,9.4,-0.8,-3.12,Graduate,2,0,1.0,0.0,1.0,0.0,0.0,0,0.0
1,1,2,12,1,1,1,22,1,10,5,1,0,0,1,0,1,18,0,0,7,7,6,12.95,0,0,7,7,6,12.95,0,7.6,2.6,0.32,Graduate,2,0,0.8571428571428571,0.1428571428571429,0.8571428571428571,0.1428571428571429,0.0,0,0.5
1,1,2,9,1,1,1,13,14,10,10,1,0,0,1,0,0,20,0,0,5,12,1,10.0,2,0,5,5,0,0.0,0,12.7,3.7,-1.7,Dropout,0,1,0.2,0.8,0.0,1.0,-10.0,-1,4.01
1,1,3,12,1,1,1,1,1,6,6,1,0,0,1,0,1,19,0,0,7,7,7,13.094285714285714,0,0,8,8,8,12.55,0,12.4,0.5,1.79,Graduate,2,0,1.0,0.0,1.0,0.0,-0.5442857142857136,1,0.0
1,1,4,14,1,1,1,1,1,8,8,1,0,0,1,0,0,20,0,0,6,7,0,0.0,0,0,6,6,0,0.0,0,16.2,0.3,-0.92,Dropout,0,1,0.0,1.0,0.0,1.0,0.0,0,5.5
1,8,2,10,1,1,1,13,28,8,7,1,0,0,1,0,1,19,0,0,6,12,5,11.714285714285714,0,0,6,11,6,11.0,0,12.7,3.7,-1.7,Graduate,2,0,0.8333333333333334,0.16666666666666663,1.0,0.0,-0.7142857142857135,1,2.04
1,8,5,10,1,1,1,13,1,6,6,1,0,0,1,0,0,20,0,0,6,8,4,11.25,0,0,6,15,3,10.0,0,9.4,-0.8,-3.12,Enrolled,1,0,0.6666666666666666,0.33333333333333337,0.5,0.5,-1.25,-1,1.75
1,1,1,2,1,1,1,23,14,8,11,0,0,0,1,0,0,20,0,0,0,0,0,0.0,0,0,0,0,0,0.0,0,15.5,2.8,-4.06,Dropout,0,1,0.0,1.0,0.0,1.0,0.0,0,5.5
1,1,1,16,1,1,1,22,27,10,6,0,0,0,1,0,0,18,0,0,6,6,6,13.166666666666666,0,0,6,6,6,13.333333333333334,0,7.6,2.6,0.32,Graduate,2,0,1.0,0.0,1.0,0.0,0.16666666666666785,0,0.0
1,1,1,6,1,1,1,13,1,6,5,1,0,0,1,0,0,20,0,0,5,7,4,12.75,0,0,5,5,5,13.4,0,10.8,1.4,1.74,Graduate,2,0,0.8,0.19999999999999996,1.0,0.0,0.6500000000000004,1,1.5
2,12,1,17,0,1,1,22,27,10,10,0,0,0,0,0,0,38,0,0,5,6,5,10.6,0,0,5,9,2,11.0,0,12.7,3.7,-1.7,Dropout,0,1,1.0,0.0,0.4,0.6,0.40000000000000036,-3,1.83
4,12,1,3,0,1,1,22,27,10,8,0,0,0,1,0,0,42,0,0,6,8,5,11.2,0,0,6,6,6,12.0,0,8.9,1.4,3.51,Graduate,2,0,0.8333333333333334,0.16666666666666663,1.0,0.0,0.8000000000000007,1,1.31
1,12,1,12,1,1,1,22,27,10,7,0,0,0,1,0,0,32,0,0,7,0,0,0.0,0,0,8,0,0,0.0,0,13.9,-0.3,0.79,Dropout,0,1,0.0,1.0,0.0,1.0,0.0,0,5.5
1,6,1,15,1,1,12,13,14,5,6,1,0,0,1,0,0,22,1,0,6,6,6,13.0,0,0,6,6,6,13.666666666666666,0,12.4,0.5,1.79,Graduate,2,0,1.0,0.0,1.0,0.0,0.6666666666666661,0,0.0
2,12,1,17,0,1,1,19,24,12,12,1,0,0,1,0,0,28,0,0,5,10,0,0.0,0,0,5,5,0,0.0,0,7.6,2.6,0.32,Dropout,0,1,0.0,1.0,0.0,1.0,0.0,0,5.5
2,12,1,3,0,7,1,22,27,9,11,1,0,0,1,0,0,37,0,0,6,0,0,0.0,0,0,6,0,0,0.0,0,9.4,-0.8,-3.12,Dropout,0,1,0.0,1.0,0.0,1.0,0.0,0,5.5
2,15,1,4,1,14,1,22,28,10,5,0,0,0,1,0,0,43,0,0,6,8,6,14.166666666666666,0,0,6,9,6,15.0,0,15.5,2.8,-4.06,Graduate,2,0,1.0,0.0,1.0,0.0,0.8333333333333339,0,0.88
6,12,1,3,0,1,1,22,1,10,8,0,0,0,1,0,1,41,0,0,6,10,5,12.833333333333334,0,0,6,6,6,12.333333333333334,0,13.9,-0.3,0.79,Graduate,2,0,0.8333333333333334,0.16666666666666663,1.0,0.0,-0.5,1,1.75
4,12,1,3,0,12,1,22,27,10,4,0,0,0,1,0,1,29,0,0,6,11,4,11.75,0,0,6,9,5,10.4,0,10.8,1.4,1.74,Graduate,2,0,0.6666666666666666,0.33333333333333337,0.8333333333333334,0.16666666666666663,-1.3499999999999996,1,2.23
1,12,1,3,0,1,1,22,27,10,10,0,0,0,1,0,1,35,0,0,6,8,6,10.833333333333334,0,0,6,7,6,11.5,0,10.8,1.4,1.74,Graduate,2,0,1.0,0.0,1.0,0.0,0.6666666666666661,0,0.88
1,8,6,10,1,1,1,1,3,5,3,1,0,0,1,0,0,18,0,0,6,8,4,11.75,0,0,6,8,4,12.25,0,9.4,-0.8,-3.12,Dropout,0,1,0.6666666666666666,0.33333333333333337,0.6666666666666666,0.33333333333333337,0.5,0,1.75
1,12,1,12,1,12,1,22,27,10,7,0,0,0,0,0,1,39,0,0,7,14,3,11.5,0,0,7,9,2,10.5,0,16.2,0.3,-0.92,Dropout,0,1,0.42857142857142855,0.5714285714285714,0.2857142857142857,0.7142857142857143,-1.0,-1,4.0
4,12,1,17,0,1,1,22,27,10,10,0,0,0,1,0,0,37,0,0,5,14,2,10.0,0,0,5,7,3,11.333333333333334,0,12.7,3.7,-1.7,Enrolled,1,0,0.4,0.6,0.6,0.4,1.333333333333334,1,3.0
1,12,1,12,1,1,1,22,27,10,8,1,0,0,1,0,1,26,0,0,7,7,6,13.7,0,0,7,7,6,13.7,0,7.6,2.6,0.32,Graduate,2,0,0.8571428571428571,0.1428571428571429,0.8571428571428571,0.1428571428571429,0.0,0,0.5
1,4,1,6,1,3,1,13,15,5,12,1,0,0,1,0,0,32,0,0,5,8,1,14.0,2,0,5,12,0,0.0,4,10.8,1.4,1.74,Dropout,0,1,0.2,0.8,0.0,1.0,-14.0,-1,3.86
2,12,1,3,0,1,1,22,27,7,9,0,0,1,1,0,0,37,0,3,8,12,7,11.375,0,2,7,10,6,12.166666666666666,0,13.9,-0.3,0.79,Enrolled,1,0,0.875,0.125,0.8571428571428571,0.1428571428571429,0.7916666666666661,-1,2.71
1,12,1,6,1,1,1,22,14,29,35,1,0,1,1,0,0,28,0,0,6,17,0,0.0,0,0,6,6,0,0.0,0,8.9,1.4,3.51,Enrolled,1,0,0.0,1.0,0.0,1.0,0.0,0,6.75
1,1,1,10,1,1,1,13,27,1,1,1,0,0,1,0,0,19,0,0,6,10,0,0.0,4,0,6,0,0,0.0,0,7.6,2.6,0.32,Dropout,0,1,0.0,1.0,0.0,1.0,0.0,0,6.83
1,1,5,9,1,1,1,22,28,8,8,1,0,0,1,0,0,18,0,0,5,9,1,11.0,0,0,5,9,2,12.5,0,7.6,2.6,0.32,Enrolled,1,0,0.2,0.8,0.4,0.6,1.5,1,3.11
1,1,1,16,1,1,1,13,28,10,10,0,0,0,1,0,1,19,0,0,7,10,6,13.0,0,0,7,7,7,13.285714285714286,0,12.4,0.5,1.79,Graduate,2,0,0.8571428571428571,0.1428571428571429,1.0,0.0,0.2857142857142865,1,1.4
2,4,1,14,1,3,1,22,27,8,8,0,0,0,1,0,0,32,0,4,11,15,8,13.6,0,2,8,10,8,15.11111111111111,0,13.9,-0.3,0.79,Graduate,2,0,0.7272727272727273,0.2727272727272727,1.0,0.0,1.511111111111111,0,1.63
2,12,1,9,1,1,1,22,27,10,10,1,0,0,1,0,0,31,0,0,5,8,3,11.0,0,0,5,9,2,11.5,0,7.6,2.6,0.32,Dropout,0,1,0.6,0.4,0.4,0.6,0.5,-1,2.19
1,12,1,12,1,1,1,3,1,3,6,1,0,0,1,0,0,34,0,0,8,11,7,11.705714285714285,0,0,8,11,7,11.705714285714285,0,10.8,1.4,1.74,Enrolled,1,0,0.875,0.125,0.875,0.125,0.0,0,1.27
1,1,3,2,1,1,1,1,1,4,4,1,0,0,1,0,0,20,0,6,12,12,12,13.25,0,4,11,14,11,14.333333333333334,0,8.9,1.4,3.51,Graduate,2,0,1.0,0.0,1.0,0.0,1.083333333333334,-1,0.0
1,12,1,12,1,12,1,23,28,10,10,0,0,0,1,0,0,28,0,0,7,15,1,10.75,0,0,7,10,1,10.0,0,13.9,-0.3,0.79,Dropout,0,1,0.14285714285714285,0.8571428571428572,0.14285714285714285,0.8571428571428572,-0.75,0,3.27
1,15,1,17,0,14,1,22,27,7,7,0,0,0,1,0,0,31,0,2,6,8,6,12.0,0,2,7,8,7,13.428571428571429,0,9.4,-0.8,-3.12,Enrolled,1,0,1.0,0.0,1.0,0.0,1.4285714285714288,1,0.88
1,1,1,15,1,1,1,13,28,5,11,1,0,0,1,0,0,18,0,0,6,7,6,12.666666666666666,0,0,6,8,4,12.25,0,7.6,2.6,0.32,Enrolled,1,0,1.0,0.0,0.6666666666666666,0.33333333333333337,-0.4166666666666661,-2,0.5
4,12,1,3,0,12,1,22,27,12,8,0,0,0,0,0,0,31,0,0,6,8,5,11.4,0,0,6,9,3,11.0,0,9.4,-0.8,-3.12,Dropout,0,1,0.8333333333333334,0.16666666666666663,0.5,0.5,-0.40000000000000036,-2,2.56
1,1,3,15,1,1,1,13,14,6,6,1,0,0,1,0,0,19,0,0,6,6,6,13.0,0,0,6,8,5,12.4,0,12.4,0.5,1.79,Graduate,2,0,1.0,0.0,0.8333333333333334,0.16666666666666663,-0.5999999999999996,-1,0.0
1,1,1,10,1,1,1,22,14,10,5,1,0,0,1,0,1,19,0,0,6,8,6,14.0,0,0,6,8,6,12.285714285714286,0,16.2,0.3,-0.92,Graduate,2,0,1.0,0.0,1.0,0.0,-1.7142857142857135,0,0.88
2,12,1,10,1,12,1,22,27,10,10,1,0,0,1,0,0,31,0,0,6,11,0,0.0,0,0,5,10,0,0.0,0,9.4,-0.8,-3.12,Enrolled,1,0,0.0,1.0,0.0,1.0,0.0,0,5.5
1,4,1,6,1,3,1,1,14,10,11,0,0,0,1,0,0,34,0,0,6,0,0,0.0,0,0,6,0,0,0.0,0,15.5,2.8,-4.06,Dropout,0,1,0.0,1.0,0.0,1.0,0.0,0,5.5
1,7,1,13,1,1,1,22,27,10,8,1,0,0,1,0,1,18,0,0,7,7,7,15.285714285714286,0,0,8,8,8,16.075,0,12.4,0.5,1.79,Graduate,2,0,1.0,0.0,1.0,0.0,0.7892857142857128,1,0.0
1,8,2,11,1,1,1,22,27,8,8,1,0,0,1,0,0,18,0,0,6,6,6,13.166666666666666,0,0,6,6,6,12.666666666666666,0,11.1,0.6,2.02,Graduate,2,0,1.0,0.0,1.0,0.0,-0.5,0,0.0
1,1,1,9,1,1,1,3,14,4,4,0,0,1,1,1,0,19,0,0,5,7,5,13.6,0,0,5,11,5,12.833333333333334,5,16.2,0.3,-0.92,Graduate,2,0,1.0,0.0,1.0,0.0,-0.7666666666666657,0,2.25
1,8,2,15,1,1,1,3,5,1,3,1,0,0,0,1,1,22,0,0,4,8,0,0.0,0,0,4,8,0,0.0,0,7.6,2.6,0.32,Dropout,0,1,0.0,1.0,0.0,1.0,0.0,0,6.75
2,14,1,14,1,1,1,19,24,1,1,0,0,0,1,1,0,32,0,6,10,12,10,11.4,0,4,9,9,4,11.5,0,7.6,2.6,0.32,Graduate,2,0,1.0,0.0,0.4444444444444444,0.5555555555555556,0.09999999999999964,-6,0.58
1,12,1,9,1,1,1,22,3,10,3,0,0,0,1,1,0,61,0,0,5,0,0,0.0,0,0,5,0,0,0.0,0,15.5,2.8,-4.06,Dropout,0,1,0.0,1.0,0.0,1.0,0.0,0,5.5
1,12,1,17,0,1,1,22,27,10,10,1,0,0,1,1,0,30,0,0,5,7,5,11.0,0,0,5,5,5,11.6,0,7.6,2.6,0.32,Graduate,2,0,1.0,0.0,1.0,0.0,0.5999999999999996,0,1.0
2,12,1,17,0,1,1,22,27,10,10,0,0,1,0,1,0,45,0,0,5,9,0,0.0,0,0,5,11,0,0.0,0,12.4,0.5,1.79,Dropout,0,1,0.0,1.0,0.0,1.0,0.0,0,8.0
1,15,1,4,1,14,1,1,14,5,9,0,0,0,1,1,0,20,0,0,6,7,6,13.571428571428571,0,0,6,6,6,12.666666666666666,0,12.4,0.5,1.79,Graduate,2,0,1.0,0.0,1.0,0.0,-0.9047619047619051,0,0.5
1,9,5,12,1,1,1,13,1,2,11,0,0,0,1,0,0,19,0,0,7,0,0,0.0,0,0,8,0,0,0.0,0,9.4,-0.8,-3.12,Dropout,0,1,0.0,1.0,0.0,1.0,0.0,0,5.5
1,13,1,7,1,1,1,3,1,3,10,1,0,0,1,1,0,26,0,4,10,14,4,11.25,0,4,11,11,4,12.0,0,7.6,2.6,0.32,Dropout,0,1,0.4,0.6,0.36363636363636365,0.6363636363636364,0.75,0,2.5
1,8,4,14,1,1,1,1,1,5,12,1,0,0,1,1,0,19,0,0,5,6,3,13.333333333333334,0,0,5,5,1,11.0,0,7.6,2.6,0.32,Dropout,0,1,0.6,0.4,0.2,0.8,-2.333333333333334,-2,1.75
1,8,1,15,1,1,1,13,27,10,10,0,0,0,1,1,1,19,0,0,6,6,6,12.0,0,0,6,7,6,11.666666666666666,0,16.2,0.3,-0.92,Graduate,2,0,1.0,0.0,1.0,0.0,-0.3333333333333339,0,0.0
1,1,3,15,1,1,1,23,1,10,5,1,0,0,1,1,0,19,0,0,6,6,6,12.5,0,0,6,7,5,13.0,0,12.4,0.5,1.79,Graduate,2,0,1.0,0.0,0.8333333333333334,0.16666666666666663,0.5,-1,0.0
1,1,1,9,1,1,1,1,14,6,6,1,0,0,1,1,1,19,0,0,5,6,5,13.2,0,0,5,6,5,12.666666666666666,0,16.2,0.3,-0.92,Graduate,2,0,1.0,0.0,1.0,0.0,-0.5333333333333332,0,0.58
1,1,3,14,1,1,1,11,9,1,1,1,0,0,0,1,0,19,0,0,5,5,0,0.0,0,0,4,4,0,0.0,0,7.6,2.6,0.32,Dropout,0,1,0.0,1.0,0.0,1.0,0.0,0,6.75
1,12,1,14,1,1,1,19,24,1,1,1,0,0,0,1,0,28,0,0,5,7,3,11.666666666666666,0,0,5,8,2,11.5,1,7.6,2.6,0.32,Dropout,0,1,0.6,0.4,0.4,0.6,-0.16666666666666607,-1,3.25
1,14,1,9,1,1,1,22,27,10,10,0,0,0,1,1,0,24,0,10,15,16,15,13.466666666666669,1,10,14,14,14,13.642857142857142,0,9.4,-0.8,-3.12,Graduate,2,0,1.0,0.0,1.0,0.0,0.1761904761904738,-1,0.35
1,1,1,8,1,1,1,3,1,3,5,0,0,0,1,1,0,18,0,0,5,7,3,13.666666666666666,0,0,5,5,5,13.2,0,7.6,2.6,0.32,Graduate,2,0,0.6,0.4,1.0,0.0,-0.4666666666666668,2,2.0
1,1,2,7,1,1,1,23,28,6,6,0,0,0,1,1,0,18,0,0,5,9,2,11.666666666666666,0,0,5,9,2,12.5,2,7.6,2.6,0.32,Enrolled,1,0,0.4,0.6,0.4,0.6,0.8333333333333339,0,2.72
1,1,1,15,1,1,1,1,3,4,8,1,0,0,1,1,1,18,0,0,6,7,6,11.666666666666666,0,0,6,12,5,10.2,0,12.4,0.5,1.79,Graduate,2,0,1.0,0.0,0.8333333333333334,0.16666666666666663,-1.4666666666666668,-1,0.5
1,15,1,4,1,14,1,4,1,3,9,0,0,0,1,1,0,21,0,0,6,9,5,13.4,0,0,6,9,5,12.4,0,8.9,1.4,3.51,Graduate,2,0,0.8333333333333334,0.16666666666666663,0.8333333333333334,0.16666666666666663,-1.0,0,1.56
2,12,1,17,0,1,1,13,27,10,6,0,0,0,0,1,0,28,0,0,5,5,0,0.0,0,0,5,6,0,0.0,0,12.4,0.5,1.79,Dropout,0,1,0.0,1.0,0.0,1.0,0.0,0,6.75
1,12,1,4,1,9,1,22,14,10,11,0,0,0,1,1,0,58,0,0,6,9,0,0.0,0,0,6,6,0,0.0,0,13.9,-0.3,0.79,Dropout,0,1,0.0,1.0,0.0,1.0,0.0,0,5.5
2,12,1,17,0,1,1,19,24,1,1,1,0,0,0,1,0,49,0,0,5,5,0,0.0,0,0,5,5,0,0.0,0,7.6,2.6,0.32,Dropout,0,1,0.0,1.0,0.0,1.0,0.0,0,6.75
1,12,1,7,1,1,1,1,28,4,6,0,0,0,1,1,0,24,0,0,5,6,3,10.666666666666666,0,0,5,9,2,10.5,0,15.5,2.8,-4.06,Enrolled,1,0,0.6,0.4,0.4,0.6,-0.16666666666666607,-1,1.75
1,14,1,14,1,1,1,19,24,1,1,0,0,0,1,1,0,25,0,0,5,5,4,13.75,0,0,5,5,4,14.75,0,7.6,2.6,0.32,Graduate,2,0,0.8,0.19999999999999996,0.8,0.19999999999999996,1.0,0,0.7
4,13,1,9,1,1,1,22,28,8,4,1,0,0,1,1,0,33,0,0,5,5,1,10.0,0,0,5,5,0,0.0,0,7.6,2.6,0.32,Dropout,0,1,0.2,0.8,0.0,1.0,-10.0,-1,2.8
2,12,2,7,1,12,1,22,27,8,8,0,0,0,0,1,0,33,0,0,5,11,0,0.0,0,0,5,5,0,0.0,0,9.4,-0.8,-3.12,Dropout,0,1,0.0,1.0,0.0,1.0,0.0,0,6.75
2,14,1,16,1,1,1,22,27,8,8,0,0,0,1,1,0,40,0,0,2,4,1,16.0,0,0,4,5,4,15.5,0,13.9,-0.3,0.79,Graduate,2,0,0.5,0.5,1.0,0.0,-0.5,3,2.62
2,12,1,17,0,1,1,22,14,10,4,0,0,0,1,1,0,48,0,0,5,9,5,12.285714285714286,0,0,5,8,5,11.125,0,16.2,0.3,-0.92,Graduate,2,0,1.0,0.0,1.0,0.0,-1.1607142857142865,0,1.56
1,8,3,7,1,1,1,1,14,10,4,1,0,1,0,1,0,18,0,0,5,10,3,12.0,0,0,5,8,3,10.333333333333334,0,8.9,1.4,3.51,Enrolled,1,0,0.6,0.4,0.6,0.4,-1.666666666666666,0,4.95
1,12,1,12,1,12,1,23,28,10,9,1,0,0,1,1,0,24,0,0,7,7,6,12.666666666666666,1,0,7,7,6,12.666666666666666,1,7.6,2.6,0.32,Graduate,2,0,0.8571428571428571,0.1428571428571429,0.8571428571428571,0.1428571428571429,0.0,0,0.79
2,1,1,6,1,1,1,13,14,30,29,0,0,0,1,1,1,23,0,0,5,6,5,11.8,0,0,5,7,4,13.25,1,10.8,1.4,1.74,Graduate,2,0,1.0,0.0,0.8,0.19999999999999996,1.4499999999999993,-1,0.58
1,12,1,17,0,12,1,13,27,8,6,1,0,1,0,1,0,39,0,0,5,6,5,10.6,0,0,5,7,5,14.666666666666666,0,10.8,1.4,1.74,Dropout,0,1,1.0,0.0,1.0,0.0,4.066666666666666,0,3.08
1,9,1,4,1,1,1,1,28,10,7,0,0,0,1,1,0,21,0,5,11,16,9,11.9,0,3,9,14,8,12.25,0,15.5,2.8,-4.06,Graduate,2,0,0.8181818181818182,0.18181818181818177,0.8888888888888888,0.11111111111111116,0.34999999999999964,-1,1.53
1,13,1,7,1,6,1,20,25,7,7,1,0,0,1,1,0,34,0,4,6,8,4,11.25,0,1,5,8,2,10.5,0,7.6,2.6,0.32,Dropout,0,1,0.6666666666666666,0.33333333333333337,0.4,0.6,-0.75,-2,1.75
2,12,1,17,0,1,1,13,14,5,5,0,0,0,1,1,1,41,0,0,5,9,4,11.0,0,0,5,6,5,11.4,0,8.9,1.4,3.51,Enrolled,1,0,0.8,0.19999999999999996,1.0,0.0,0.40000000000000036,1,1.94
1,1,1,15,1,1,1,1,28,5,6,0,0,0,1,1,0,18,0,0,6,6,6,12.0,0,0,6,6,6,12.5,0,12.7,3.7,-1.7,Graduate,2,0,1.0,0.0,1.0,0.0,0.5,0,0.0
2,12,1,17,0,1,1,23,28,10,4,0,0,0,1,1,0,34,0,0,5,10,4,11.75,0,0,5,10,4,10.833333333333334,0,13.9,-0.3,0.79,Enrolled,1,0,0.8,0.19999999999999996,0.8,0.19999999999999996,-0.9166666666666661,0,2.1
1,1,1,9,1,1,1,1,1,3,11,0,0,0,1,1,0,19,0,0,5,8,2,10.0,0,0,5,8,1,16.0,0,7.6,2.6,0.32,Dropout,0,1,0.4,0.6,0.2,0.8,6.0,-1,2.62
1,1,1,12,1,1,1,13,14,4,4,0,0,0,1,1,0,19,0,0,8,8,7,13.714285714285714,0,0,8,8,7,13.714285714285714,0,12.7,3.7,-1.7,Graduate,2,0,0.875,0.125,0.875,0.125,0.0,0,0.44
1,4,1,4,1,4,1,1,1,5,7,0,0,0,1,1,0,28,0,0,6,14,6,14.875,0,0,6,12,6,15.8,0,16.2,0.3,-0.92,Graduate,2,0,1.0,0.0,1.0,0.0,0.9250000000000007,0,2.0
1,8,1,5,1,1,1,1,1,6,1,1,0,0,1,1,0,18,0,0,6,7,5,10.8,1,0,6,6,0,0.0,0,7.6,2.6,0.32,Dropout,0,1,0.8333333333333334,0.16666666666666663,0.0,1.0,-10.8,-5,1.33
1,1,1,10,1,1,1,2,2,4,5,1,0,0,1,1,0,19,0,0,6,11,3,12.0,0,0,6,12,2,10.0,0,11.1,0.6,2.02,Dropout,0,1,0.5,0.5,0.3333333333333333,0.6666666666666667,-2.0,-1,2.55
1,8,2,6,1,1,1,13,28,10,2,1,0,1,0,1,0,19,0,0,6,10,5,12.5,0,0,6,19,2,13.5,0,12.4,0.5,1.79,Dropout,0,1,0.8333333333333334,0.16666666666666663,0.3333333333333333,0.6666666666666667,1.0,-3,4.25
1,8,1,12,1,1,1,1,3,10,3,1,0,0,1,0,0,18,0,0,7,7,7,14.728571428571428,0,0,8,11,8,16.327272727272728,0,16.2,0.3,-0.92,Graduate,2,0,1.0,0.0,1.0,0.0,1.5987012987013003,1,0.0
1,1,1,8,1,1,1,3,3,3,3,1,0,0,1,0,0,18,0,0,6,8,6,12.0,0,0,6,8,5,14.8,0,12.4,0.5,1.79,Graduate,2,0,1.0,0.0,0.8333333333333334,0.16666666666666663,2.8000000000000007,-1,0.88
1,1,1,15,1,1,1,1,3,4,4,1,0,0,1,0,0,18,0,0,6,8,6,11.428571428571429,0,0,6,7,6,11.0,0,11.1,0.6,2.02,Dropout,0,1,1.0,0.0,1.0,0.0,-0.4285714285714288,0,0.88
1,15,2,10,1,14,1,3,14,5,10,1,0,0,1,0,0,19,0,3,6,6,6,14.166666666666666,0,2,6,6,6,13.5,0,12.4,0.5,1.79,Graduate,2,0,1.0,0.0,1.0,0.0,-0.6666666666666661,0,0.0
2,4,1,10,1,3,1,22,27,29,43,0,0,0,1,0,0,31,0,1,6,12,5,12.5,0,0,6,10,5,14.6,0,12.7,3.7,-1.7,Graduate,2,0,0.8333333333333334,0.16666666666666663,0.8333333333333334,0.16666666666666663,2.0999999999999996,0,2.04
1,12,1,3,0,1,1,22,27,10,9,0,0,0,1,0,1,33,0,0,6,6,6,14.166666666666666,0,0,6,6,6,14.333333333333334,0,12.7,3.7,-1.7,Graduate,2,0,1.0,0.0,1.0,0.0,0.16666666666666785,0,0.0
1,1,3,12,1,1,1,3,1,19,26,1,0,0,1,0,1,20,0,0,7,10,5,14.46,0,0,7,8,6,13.55,0,12.4,0.5,1.79,Enrolled,1,0,0.7142857142857143,0.2857142857142857,0.8571428571428571,0.1428571428571429,-0.9100000000000001,1,1.75
1,15,1,6,1,14,3,13,1,7,5,1,0,0,1,0,0,22,1,0,6,12,5,12.8,0,0,6,19,2,11.5,0,12.4,0.5,1.79,Enrolled,1,0,0.8333333333333334,0.16666666666666663,0.3333333333333333,0.6666666666666667,-1.3000000000000007,-3,2.04
1,8,1,11,1,1,1,1,14,4,4,1,0,0,1,0,0,19,0,0,6,8,6,12.666666666666666,0,0,6,8,5,13.4,0,11.1,0.6,2.02,Graduate,2,0,1.0,0.0,0.8333333333333334,0.16666666666666663,0.7333333333333343,-1,0.88
1,1,3,5,1,1,1,19,24,1,1,1,0,0,1,0,0,18,0,0,6,6,6,12.5,0,0,6,6,6,13.0,0,7.6,2.6,0.32,Dropout,0,1,1.0,0.0,1.0,0.0,0.5,0,0.0
1,8,3,5,1,1,1,23,1,6,6,0,1,0,1,0,0,18,0,0,6,0,0,0.0,0,0,6,0,0,0.0,0,15.5,2.8,-4.06,Dropout,0,1,0.0,1.0,0.0,1.0,0.0,0,5.5
1,1,5,14,1,1,1,13,28,10,10,1,0,0,0,0,0,18,0,0,6,0,0,0.0,0,0,6,0,0,0.0,0,8.9,1.4,3.51,Dropout,0,1,0.0,1.0,0.0,1.0,0.0,0,6.75
1,1,1,2,1,1,1,3,4,3,6,1,0,0,1,0,0,18,0,0,0,0,0,0.0,0,0,0,0,0,0.0,0,11.1,0.6,2.02,Graduate,2,0,0.0,1.0,0.0,1.0,0.0,0,5.5
1,8,2,9,1,1,1,13,14,8,8,1,0,0,1,0,1,19,0,0,5,8,5,11.2,0,0,5,5,3,11.0,0,12.4,0.5,1.79,Graduate,2,0,1.0,0.0,0.6,0.4,-0.1999999999999993,-2,1.31
1,8,2,10,1,1,1,1,3,4,5,1,0,0,1,0,0,18,0,0,6,6,6,16.5,0,0,6,7,6,17.428571428571427,0,11.1,0.6,2.02,Dropout,0,1,1.0,0.0,1.0,0.0,0.928571428571427,0,0.0
1,8,1,6,1,1,1,3,14,6,6,1,0,0,1,0,0,18,0,0,5,9,3,13.666666666666666,1,0,5,5,5,12.0,0,12.7,3.7,-1.7,Graduate,2,0,0.6,0.4,1.0,0.0,-1.666666666666666,2,2.73
1,8,6,12,1,1,1,22,27,10,7,1,0,0,1,0,1,18,0,0,8,8,7,15.228571428571428,0,0,8,8,7,15.228571428571428,0,12.7,3.7,-1.7,Graduate,2,0,0.875,0.125,0.875,0.125,0.0,0,0.44
1,17,1,10,1,16,1,22,27,10,11,1,0,0,1,0,0,21,0,5,9,10,9,12.77777777777778,0,4,9,9,9,13.22222222222222,0,8.9,1.4,3.51,Graduate,2,0,1.0,0.0,1.0,0.0,0.4444444444444393,0,0.35
1,1,1,12,1,1,1,13,27,6,6,0,0,0,1,0,1,18,0,0,8,8,7,14.428571428571429,0,0,8,8,7,14.428571428571429,0,12.7,3.7,-1.7,Graduate,2,0,0.875,0.125,0.875,0.125,0.0,0,0.44
1,8,3,14,1,1,1,1,28,4,4,1,0,0,1,0,0,18,0,0,6,8,6,13.875,0,0,6,7,6,13.714285714285714,0,11.1,0.6,2.02,Graduate,2,0,1.0,0.0,1.0,0.0,-0.16071428571428648,0,0.88
1,1,2,12,1,1,1,13,14,10,11,1,0,0,1,0,0,18,0,0,7,10,7,13.128,0,0,8,13,6,13.193333333333332,0,15.5,2.8,-4.06,Graduate,2,0,1.0,0.0,0.75,0.25,0.06533333333333147,-1,1.05
1,8,1,12,1,1,1,13,1,5,4,1,0,0,1,0,0,20,0,0,7,9,6,11.605,0,0,8,10,7,12.4125,0,16.2,0.3,-0.92,Graduate,2,0,0.8571428571428571,0.1428571428571429,0.875,0.125,0.8074999999999992,1,1.17
1,8,1,9,1,1,1,1,28,5,6,0,0,0,1,0,1,18,0,0,5,5,5,14.6,0,0,5,8,5,12.0,0,12.7,3.7,-1.7,Graduate,2,0,1.0,0.0,1.0,0.0,-2.5999999999999996,0,0.0
1,1,2,15,1,1,1,13,1,5,6,1,0,0,1,0,0,18,0,0,6,0,0,0.0,0,0,6,0,0,0.0,0,11.1,0.6,2.02,Dropout,0,1,0.0,1.0,0.0,1.0,0.0,0,5.5
1,9,2,9,1,1,1,22,28,29,28,1,0,0,1,0,1,20,0,0,5,6,5,11.8,0,0,5,6,5,11.6,0,8.9,1.4,3.51,Graduate,2,0,1.0,0.0,1.0,0.0,-0.20000000000000107,0,0.58
1,8,1,11,1,1,1,13,14,10,9,1,0,0,1,0,0,20,0,0,6,6,6,12.333333333333334,0,0,6,6,6,12.333333333333334,0,12.4,0.5,1.79,Graduate,2,0,1.0,0.0,1.0,0.0,0.0,0,0.0
1,8,1,9,1,1,1,22,1,10,10,1,0,1,1,0,1,19,0,0,5,5,4,11.0,0,0,5,5,0,0.0,0,11.1,0.6,2.02,Dropout,0,1,0.8,0.19999999999999996,0.0,1.0,-11.0,-4,1.95
1,16,1,5,1,1,1,3,1,4,6,0,0,0,1,0,1,19,0,5,11,11,11,13.181818181818182,0,5,11,11,11,12.909090909090908,0,11.1,0.6,2.02,Graduate,2,0,1.0,0.0,1.0,0.0,-0.2727272727272734,0,0.0
1,8,4,14,1,1,1,13,27,10,13,1,1,1,0,0,1,18,0,0,6,6,1,11.0,0,0,6,0,0,0.0,0,12.7,3.7,-1.7,Dropout,0,1,0.16666666666666666,0.8333333333333334,0.0,1.0,-11.0,-1,5.42
1,8,3,15,1,1,1,1,1,5,10,1,0,1,1,0,1,19,0,0,6,6,6,11.833333333333334,0,0,6,7,6,12.285714285714286,0,15.5,2.8,-4.06,Graduate,2,0,1.0,0.0,1.0,0.0,0.45238095238095255,0,1.25
1,1,2,12,1,1,1,1,28,5,8,1,0,0,1,0,1,20,0,0,8,8,8,12.98125,0,0,8,8,8,12.98125,0,9.4,-0.8,-3.12,Graduate,2,0,1.0,0.0,1.0,0.0,0.0,0,0.0
1,15,1,9,1,14,1,13,1,5,10,1,0,0,1,0,0,21,0,4,7,10,6,11.333333333333334,0,1,5,6,5,11.2,0,11.1,0.6,2.02,Graduate,2,0,0.8571428571428571,0.1428571428571429,1.0,0.0,-0.13333333333333464,-1,1.4
1,14,2,12,1,1,1,26,3,3,3,0,0,0,1,0,0,21,0,0,8,12,6,11.68,0,0,8,12,6,11.68,0,10.8,1.4,1.74,Graduate,2,0,0.75,0.25,0.75,0.25,0.0,0,1.75
1,8,1,5,1,1,1,23,28,10,10,0,0,0,1,0,0,20,0,0,6,6,6,14.5,0,0,6,7,6,13.5,0,11.1,0.6,2.02,Graduate,2,0,1.0,0.0,1.0,0.0,-1.0,0,0.0
1,9,2,16,1,1,1,23,28,29,36,1,0,0,1,0,0,19,0,0,7,7,7,13.142857142857142,0,0,7,8,7,12.857142857142858,0,8.9,1.4,3.51,Graduate,2,0,1.0,0.0,1.0,0.0,-0.2857142857142847,0,0.0
1,8,3,6,1,1,1,1,14,5,12,0,0,0,0,0,0,21,0,0,5,8,2,11.5,0,0,5,7,2,10.5,0,7.6,2.6,0.32,Dropout,0,1,0.4,0.6,0.4,0.6,-1.0,0,3.87
1,1,1,6,1,1,1,18,14,5,12,0,0,0,1,0,0,18,0,0,5,6,5,14.2,0,0,5,7,5,11.8,0,7.6,2.6,0.32,Graduate,2,0,1.0,0.0,1.0,0.0,-2.3999999999999986,0,0.58
1,1,5,11,1,1,1,13,27,10,10,0,0,0,1,0,1,19,0,0,6,8,5,11.666666666666666,0,0,6,7,5,12.2,0,8.9,1.4,3.51,Graduate,2,0,0.8333333333333334,0.16666666666666663,0.8333333333333334,0.16666666666666663,0.5333333333333332,0,1.31
1,8,2,12,1,1,1,13,14,10,5,1,0,0,1,0,0,18,0,0,7,8,7,13.175,0,0,8,8,8,14.875,0,13.9,-0.3,0.79,Graduate,2,0,1.0,0.0,1.0,0.0,1.6999999999999993,1,0.44
1,1,4,12,1,1,1,1,1,10,10,1,0,0,1,0,1,19,0,0,8,8,7,13.314285714285717,0,0,8,8,7,13.314285714285717,0,12.7,3.7,-1.7,Graduate,2,0,0.875,0.125,0.875,0.125,0.0,0,0.44
1,1,2,9,1,1,1,1,14,5,4,1,0,0,1,0,1,18,0,0,5,13,3,10.6,0,0,5,12,3,10.5,0,13.9,-0.3,0.79,Graduate,2,0,0.6,0.4,0.6,0.4,-0.09999999999999964,0,2.69
1,1,1,16,1,1,1,13,27,6,8,0,0,0,1,0,1,18,0,0,6,11,4,12.0,0,0,6,8,4,10.75,0,15.5,2.8,-4.06,Enrolled,1,0,0.6666666666666666,0.33333333333333337,0.6666666666666666,0.33333333333333337,-1.25,0,2.23
1,1,1,15,1,1,1,22,27,9,9,0,0,0,1,0,0,18,0,0,6,7,6,13.428571428571429,0,0,6,7,6,14.142857142857142,0,13.9,-0.3,0.79,Graduate,2,0,1.0,0.0,1.0,0.0,0.7142857142857135,0,0.5
1,8,1,6,1,1,1,1,27,10,10,1,0,0,1,0,1,18,0,0,5,7,4,13.25,0,0,5,8,5,15.571428571428571,0,10.8,1.4,1.74,Graduate,2,0,0.8,0.19999999999999996,1.0,0.0,2.321428571428571,1,1.5
1,8,1,5,1,1,1,23,14,8,8,1,0,0,1,0,0,18,0,0,6,6,2,13.0,0,0,6,6,0,0.0,0,12.4,0.5,1.79,Dropout,0,1,0.3333333333333333,0.6666666666666667,0.0,1.0,-13.0,-2,2.33
1,1,3,5,1,1,1,1,28,10,8,0,0,0,1,0,1,18,0,0,6,6,6,14.333333333333334,0,0,6,7,6,14.0,0,11.1,0.6,2.02,Enrolled,1,0,1.0,0.0,1.0,0.0,-0.3333333333333339,0,0.0
1,8,1,10,1,1,1,1,28,10,8,0,0,0,1,0,0,18,0,0,6,0,0,0.0,0,0,6,0,0,0.0,0,11.1,0.6,2.02,Dropout,0,1,0.0,1.0,0.0,1.0,0.0,0,5.5
1,1,1,10,1,1,1,1,3,5,3,0,0,0,1,0,0,18,0,0,6,6,6,14.0,0,0,6,6,6,13.166666666666666,0,10.8,1.4,1.74,Graduate,2,0,1.0,0.0,1.0,0.0,-0.8333333333333339,0,0.0
1,13,1,6,1,1,1,1,28,5,10,1,0,0,1,0,1,20,0,1,2,2,2,12.0,0,1,6,11,6,12.833333333333334,0,13.9,-0.3,0.79,Graduate,2,0,1.0,0.0,1.0,0.0,0.8333333333333339,4,0.0
1,1,1,16,1,1,1,3,1,3,6,0,0,0,1,0,0,18,0,0,6,9,5,12.333333333333334,0,0,6,10,5,10.6,0,15.5,2.8,-4.06,Enrolled,1,0,0.8333333333333334,0.16666666666666663,0.8333333333333334,0.16666666666666663,-1.7333333333333343,0,1.56
1,8,4,5,1,1,1,1,14,5,6,1,0,0,1,0,0,18,0,0,6,8,5,11.8,0,0,6,7,5,10.4,1,16.2,0.3,-0.92,Graduate,2,0,0.8333333333333334,0.16666666666666663,0.8333333333333334,0.16666666666666663,-1.4000000000000004,0,1.31
1,9,6,12,1,1,1,22,27,10,8,0,0,0,1,0,1,20,0,0,8,8,7,12.791428571428572,1,0,8,8,7,12.791428571428572,1,10.8,1.4,1.74,Graduate,2,0,0.875,0.125,0.875,0.125,0.0,0,0.69
4,14,1,14,1,1,1,22,27,10,7,0,0,0,1,0,0,40,0,4,8,8,8,11.625,0,3,7,12,5,11.2,0,9.4,-0.8,-3.12,Graduate,2,0,1.0,0.0,0.7142857142857143,0.2857142857142857,-0.4250000000000007,-3,0.0
1,1,6,12,1,1,1,23,28,10,10,1,0,0,1,0,1,18,0,0,7,11,6,11.994444444444444,0,0,8,11,7,12.43142857142857,0,15.5,2.8,-4.06,Graduate,2,0,0.8571428571428571,0.1428571428571429,0.875,0.125,0.43698412698412703,1,1.59
1,1,5,11,1,1,1,13,14,5,8,1,0,0,1,0,0,19,0,0,6,9,5,11.6,0,0,6,12,5,12.2,0,13.9,-0.3,0.79,Graduate,2,0,0.8333333333333334,0.16666666666666663,0.8333333333333334,0.16666666666666663,0.5999999999999996,0,1.56
1,4,1,17,0,15,1,1,14,5,10,0,0,0,1,0,0,24,0,0,5,5,0,0.0,0,0,5,6,0,0.0,0,12.4,0.5,1.79,Dropout,0,1,0.0,1.0,0.0,1.0,0.0,0,5.5
1,1,3,15,1,1,1,3,28,3,11,1,0,0,1,0,0,19,0,0,6,8,6,13.166666666666666,0,0,6,7,6,13.166666666666666,0,10.8,1.4,1.74,Dropout,0,1,1.0,0.0,1.0,0.0,0.0,0,0.88
1,1,6,12,1,1,1,2,1,5,5,1,0,0,1,0,0,19,0,0,8,8,7,14.1,0,0,8,8,7,14.1,0,10.8,1.4,1.74,Graduate,2,0,0.875,0.125,0.875,0.125,0.0,0,0.44
1,1,1,12,1,1,1,1,14,10,7,1,0,0,1,0,1,20,0,0,7,8,6,12.396666666666668,0,0,8,9,7,12.94285714285714,0,11.1,0.6,2.02,Graduate,2,0,0.8571428571428571,0.1428571428571429,0.875,0.125,0.5461904761904712,1,0.88
1,1,1,12,1,1,1,23,28,6,6,0,0,0,1,0,0,18,0,0,7,7,7,15.014285714285714,0,0,8,8,8,16.0875,0,12.4,0.5,1.79,Graduate,2,0,1.0,0.0,1.0,0.0,1.0732142857142843,1,0.0
1,1,1,2,1,1,1,1,28,5,9,1,0,0,1,0,1,18,0,0,0,0,0,0.0,0,0,0,0,0,0.0,0,13.9,-0.3,0.79,Graduate,2,0,0.0,1.0,0.0,1.0,0.0,0,5.5
1,8,2,12,1,1,1,13,27,5,8,1,0,0,1,0,0,19,0,0,7,8,7,14.05,0,0,8,8,8,15.1,0,13.9,-0.3,0.79,Graduate,2,0,1.0,0.0,1.0,0.0,1.049999999999999,1,0.44
1,8,3,12,1,1,1,3,3,5,6,1,0,0,1,0,0,18,0,0,7,8,7,14.85,0,0,8,8,8,15.2,0,13.9,-0.3,0.79,Dropout,0,1,1.0,0.0,1.0,0.0,0.34999999999999964,1,0.44
1,15,1,6,1,14,1,3,3,3,3,1,0,0,1,0,0,19,0,0,6,10,6,13.0,0,0,6,19,5,13.0,0,12.4,0.5,1.79,Graduate,2,0,1.0,0.0,0.8333333333333334,0.16666666666666663,0.0,-1,1.4
1,1,2,12,1,1,1,22,27,10,8,1,0,0,1,0,1,19,0,0,7,8,7,14.7875,0,0,8,8,8,15.8625,0,13.9,-0.3,0.79,Graduate,2,0,1.0,0.0,1.0,0.0,1.075000000000001,1,0.44
1,1,1,12,1,1,1,13,14,6,8,0,0,0,1,0,1,19,0,0,7,7,7,13.7,0,0,8,9,7,14.671428571428574,0,12.4,0.5,1.79,Graduate,2,0,1.0,0.0,0.875,0.125,0.9714285714285751,0,0.0
1,1,2,12,1,1,1,1,27,5,5,1,0,0,1,0,1,19,0,0,7,7,7,12.495714285714286,0,0,8,9,7,12.242857142857144,0,11.1,0.6,2.02,Dropout,0,1,1.0,0.0,0.875,0.125,-0.2528571428571418,0,0.0
1,1,1,12,1,1,1,1,28,2,8,0,0,0,1,0,0,19,0,0,7,7,6,14.566666666666668,0,0,7,7,6,14.566666666666668,0,7.6,2.6,0.32,Graduate,2,0,0.8571428571428571,0.1428571428571429,0.8571428571428571,0.1428571428571429,0.0,0,0.5
1,12,1,14,1,9,1,1,14,2,6,1,0,1,0,0,0,25,0,0,5,5,5,11.2,0,0,5,5,4,11.25,0,9.4,-0.8,-3.12,Dropout,0,1,1.0,0.0,0.8,0.19999999999999996,0.05000000000000071,-1,2.5
1,1,1,12,1,1,1,13,14,5,11,0,0,0,1,0,0,20,0,0,8,8,7,12.685714285714283,0,0,8,8,7,12.685714285714283,0,12.7,3.7,-1.7,Graduate,2,0,0.875,0.125,0.875,0.125,0.0,0,0.44
1,17,1,10,1,16,1,1,14,6,6,0,0,1,0,0,0,23,0,5,9,12,7,13.571428571428571,0,4,9,14,4,13.25,0,8.9,1.4,3.51,Dropout,0,1,0.7777777777777778,0.2222222222222222,0.4444444444444444,0.5555555555555556,-0.3214285714285712,-3,3.96
1,1,1,5,1,1,1,13,14,8,8,0,0,0,1,0,0,20,0,0,6,0,0,0.0,0,0,6,0,0,0.0,0,15.5,2.8,-4.06,Dropout,0,1,0.0,1.0,0.0,1.0,0.0,0,5.5
1,12,1,3,0,1,1,22,9,10,11,0,0,0,1,0,0,27,0,0,6,8,5,11.0,0,0,6,7,6,11.166666666666666,0,11.1,0.6,2.02,Graduate,2,0,0.8333333333333334,0.16666666666666663,1.0,0.0,0.16666666666666607,1,1.31
1,1,1,12,1,1,1,13,1,5,5,0,0,0,1,0,0,18,0,0,8,8,8,14.445,0,0,8,8,8,14.445,0,9.4,-0.8,-3.12,Graduate,2,0,1.0,0.0,1.0,0.0,0.0,0,0.0
1,1,1,16,1,1,1,13,1,6,11,1,0,1,1,0,0,18,0,0,6,9,5,13.6,0,0,6,10,4,11.75,0,9.4,-0.8,-3.12,Enrolled,1,0,0.8333333333333334,0.16666666666666663,0.6666666666666666,0.33333333333333337,-1.8499999999999996,-1,2.81
1,4,1,3,0,15,1,13,1,6,11,1,0,1,0,0,0,23,0,7,12,12,11,14.0,0,4,10,11,8,14.625,0,13.9,-0.3,0.79,Dropout,0,1,0.9166666666666666,0.08333333333333337,0.8,0.19999999999999996,0.625,-3,2.79
1,1,6,12,1,1,1,23,27,6,7,1,0,0,1,0,1,19,0,0,7,7,6,13.416666666666666,0,0,7,7,6,13.416666666666666,0,7.6,2.6,0.32,Graduate,2,0,0.8571428571428571,0.1428571428571429,0.8571428571428571,0.1428571428571429,0.0,0,0.5
1,1,1,9,1,1,1,22,28,4,4,0,0,0,1,0,0,18,0,0,5,8,5,12.333333333333334,2,0,5,7,5,11.4,0,15.5,2.8,-4.06,Graduate,2,0,1.0,0.0,1.0,0.0,-0.9333333333333336,0,2.11
1,14,1,12,1,1,1,1,14,10,9,1,0,0,1,0,0,20,0,0,7,8,7,13.1,0,0,8,8,8,14.8125,0,13.9,-0.3,0.79,Graduate,2,0,1.0,0.0,1.0,0.0,1.7125000000000004,1,0.44
1,1,2,14,1,1,1,13,14,10,10,1,0,0,1,0,0,18,0,0,6,9,4,13.2,0,0,6,10,5,12.8,0,12.4,0.5,1.79,Graduate,2,0,0.6666666666666666,0.33333333333333337,0.8333333333333334,0.16666666666666663,-0.3999999999999986,1,1.94
1,1,1,12,1,1,1,1,1,5,5,1,0,0,1,0,1,19,0,0,8,8,8,14.75,0,0,8,8,8,14.75,0,9.4,-0.8,-3.12,Graduate,2,0,1.0,0.0,1.0,0.0,0.0,0,0.0
1,15,1,10,1,14,1,13,14,9,9,1,0,0,1,0,1,19,0,3,6,7,6,13.142857142857142,0,2,6,6,6,14.333333333333334,0,12.4,0.5,1.79,Graduate,2,0,1.0,0.0,1.0,0.0,1.1904761904761916,0,0.5
1,1,1,16,1,1,1,23,27,6,6,0,0,0,1,0,0,19,0,0,6,9,4,12.5,0,0,6,9,5,12.5,0,9.4,-0.8,-3.12,Enrolled,1,0,0.6666666666666666,0.33333333333333337,0.8333333333333334,0.16666666666666663,0.0,1,1.94
1,1,1,6,1,1,1,3,3,2,12,0,0,0,1,0,0,18,0,0,5,6,4,13.75,0,0,5,8,5,14.857142857142858,0,7.6,2.6,0.32,Graduate,2,0,0.8,0.19999999999999996,1.0,0.0,1.1071428571428577,1,1.17
1,1,1,10,1,1,1,22,27,10,6,0,0,0,1,0,0,18,0,0,6,11,5,12.4,0,0,6,7,6,13.0,0,9.4,-0.8,-3.12,Graduate,2,0,0.8333333333333334,0.16666666666666663,1.0,0.0,0.5999999999999996,1,1.91
1,1,2,15,1,1,1,13,14,5,8,1,0,0,1,0,0,18,0,0,6,6,6,13.333333333333334,0,0,6,6,6,12.0,0,11.1,0.6,2.02,Graduate,2,0,1.0,0.0,1.0,0.0,-1.333333333333334,0,0.0
1,2,1,16,1,1,1,13,28,10,10,0,0,0,0,0,0,28,0,11,11,11,11,11.727272727272728,0,8,8,8,8,12.0,0,15.5,2.8,-4.06,Dropout,0,1,1.0,0.0,1.0,0.0,0.2727272727272716,-3,1.25
1,8,1,11,1,1,1,22,27,6,10,1,0,0,1,0,0,19,0,0,6,8,4,12.5,0,0,6,11,1,14.0,0,7.6,2.6,0.32,Dropout,0,1,0.6666666666666666,0.33333333333333337,0.16666666666666666,0.8333333333333334,1.5,-3,1.75
1,14,1,2,1,1,1,3,1,3,4,1,0,1,1,0,0,20,0,0,0,0,0,0.0,0,0,0,0,0,0.0,0,13.9,-0.3,0.79,Dropout,0,1,0.0,1.0,0.0,1.0,0.0,0,6.75
1,1,2,12,1,1,1,1,27,5,10,1,0,0,1,0,1,19,0,0,7,8,6,13.533333333333331,0,0,8,9,7,13.614285714285714,0,12.4,0.5,1.79,Graduate,2,0,0.8571428571428571,0.1428571428571429,0.875,0.125,0.08095238095238244,1,0.88
1,1,1,5,1,1,1,1,14,5,1,0,1,0,1,0,1,20,0,0,6,6,6,13.166666666666666,0,0,6,6,6,12.666666666666666,0,11.1,0.6,2.02,Graduate,2,0,1.0,0.0,1.0,0.0,-0.5,0,0.0
1,1,2,11,1,1,1,13,14,10,10,1,0,0,1,0,1,19,0,0,6,9,5,13.2,0,0,6,8,5,11.0,0,12.4,0.5,1.79,Graduate,2,0,0.8333333333333334,0.16666666666666663,0.8333333333333334,0.16666666666666663,-2.1999999999999993,0,1.56
1,16,1,5,1,1,1,5,1,3,11,1,0,0,1,0,0,21,0,0,6,7,5,12.2,0,0,6,7,4,12.6,0,8.9,1.4,3.51,Enrolled,1,0,0.8333333333333334,0.16666666666666663,0.6666666666666666,0.33333333333333337,0.40000000000000036,-1,1.0
1,1,1,16,1,1,1,1,14,10,5,1,0,0,1,0,1,19,0,0,7,7,7,13.428571428571429,0,0,7,7,7,14.857142857142858,0,11.1,0.6,2.02,Graduate,2,0,1.0,0.0,1.0,0.0,1.4285714285714288,0,0.0
1,1,2,5,1,1,1,13,1,10,4,1,0,0,1,0,1,18,0,1,6,8,6,12.714285714285714,1,0,6,8,6,12.625,0,13.9,-0.3,0.79,Graduate,2,0,1.0,0.0,1.0,0.0,-0.08928571428571352,0,1.21
1,8,2,8,1,1,1,3,1,3,2,0,0,0,1,0,0,19,0,0,6,0,0,0.0,0,0,6,0,0,0.0,0,15.5,2.8,-4.06,Dropout,0,1,0.0,1.0,0.0,1.0,0.0,0,5.5
1,8,1,14,1,1,1,10,28,10,6,0,0,0,1,0,1,19,0,0,6,6,6,13.666666666666666,0,0,6,9,6,13.666666666666666,0,8.9,1.4,3.51,Graduate,2,0,1.0,0.0,1.0,0.0,0.0,0,0.0
1,1,1,15,1,1,1,23,14,18,16,0,0,1,1,0,0,20,0,0,6,6,5,11.0,0,0,6,6,6,13.166666666666666,0,16.2,0.3,-0.92,Graduate,2,0,0.8333333333333334,0.16666666666666663,1.0,0.0,2.166666666666666,1,1.83
1,8,2,16,1,1,1,1,1,5,1,1,0,0,1,0,0,18,0,0,7,11,5,11.4,0,0,7,9,6,13.333333333333334,0,13.9,-0.3,0.79,Enrolled,1,0,0.7142857142857143,0.2857142857142857,0.8571428571428571,0.1428571428571429,1.9333333333333336,1,1.91
1,14,1,2,1,1,1,13,14,6,8,0,0,0,1,0,0,18,0,0,0,0,0,0.0,0,0,0,0,0,0.0,0,15.5,2.8,-4.06,Enrolled,1,0,0.0,1.0,0.0,1.0,0.0,0,5.5
1,8,1,8,1,1,1,1,1,5,6,0,0,0,1,0,0,18,0,0,5,7,4,12.0,0,0,5,6,5,12.0,0,7.6,2.6,0.32,Graduate,2,0,0.8,0.19999999999999996,1.0,0.0,0.0,1,1.5
1,8,3,15,1,1,1,13,14,6,9,0,0,0,1,0,0,18,0,0,6,6,0,0.0,0,0,6,0,0,0.0,0,8.9,1.4,3.51,Dropout,0,1,0.0,1.0,0.0,1.0,0.0,0,5.5
1,8,3,10,1,1,1,22,28,1,8,1,0,0,1,0,0,18,0,0,6,14,5,11.0,0,0,6,6,6,11.666666666666666,0,7.6,2.6,0.32,Graduate,2,0,0.8333333333333334,0.16666666666666663,1.0,0.0,0.6666666666666661,1,2.25
1,9,4,15,1,1,1,13,14,5,5,1,0,0,1,0,0,20,0,0,6,12,5,12.0,0,0,6,8,6,11.571428571428571,0,15.5,2.8,-4.06,Dropout,0,1,0.8333333333333334,0.16666666666666663,1.0,0.0,-0.4285714285714288,1,2.04
1,8,3,12,1,1,1,13,1,10,10,1,0,0,1,0,1,19,0,0,7,7,7,13.308571428571428,0,0,8,10,8,12.55,0,12.4,0.5,1.79,Graduate,2,0,1.0,0.0,1.0,0.0,-0.7585714285714271,1,0.0
1,1,1,16,1,1,1,22,27,10,10,1,0,1,0,0,0,21,0,0,6,8,3,13.666666666666666,0,0,6,7,3,10.666666666666666,0,15.5,2.8,-4.06,Dropout,0,1,0.5,0.5,0.5,0.5,-3.0,0,4.69
1,8,1,14,1,3,1,10,3,6,9,1,0,1,0,0,0,20,0,0,6,6,0,0.0,0,0,6,9,0,0.0,0,10.8,1.4,1.74,Dropout,0,1,0.0,1.0,0.0,1.0,0.0,0,8.0
1,1,1,11,1,1,1,22,28,10,10,1,0,0,1,0,0,18,0,0,6,10,5,12.2,0,0,6,8,4,11.25,0,9.4,-0.8,-3.12,Graduate,2,0,0.8333333333333334,0.16666666666666663,0.6666666666666666,0.33333333333333337,-0.9499999999999993,-1,1.75
1,1,1,15,1,1,1,1,4,6,4,0,0,0,1,0,1,20,0,0,6,7,6,12.666666666666666,0,0,6,6,6,12.833333333333334,0,10.8,1.4,1.74,Graduate,2,0,1.0,0.0,1.0,0.0,0.16666666666666785,0,0.5
1,1,2,12,1,1,1,13,27,2,10,1,0,0,1,0,1,19,0,0,8,8,8,14.07125,0,0,8,8,8,14.07125,0,9.4,-0.8,-3.12,Graduate,2,0,1.0,0.0,1.0,0.0,0.0,0,0.0
1,1,1,6,1,6,1,13,14,10,10,1,0,0,1,0,0,22,0,0,5,14,4,14.25,3,0,5,9,5,13.2,4,9.4,-0.8,-3.12,Dropout,0,1,0.8,0.19999999999999996,1.0,0.0,-1.0500000000000007,1,3.7
1,8,1,8,1,1,1,13,14,10,10,1,0,0,0,0,0,22,0,0,6,0,0,0.0,0,0,2,2,0,0.0,2,9.4,-0.8,-3.12,Dropout,0,1,0.0,1.0,0.0,1.0,0.0,0,6.75
1,1,2,16,1,1,1,23,28,8,6,1,0,0,1,0,0,18,0,0,6,10,3,12.0,0,0,6,8,4,10.25,0,10.8,1.4,1.74,Enrolled,1,0,0.5,0.5,0.6666666666666666,0.33333333333333337,-1.75,1,2.45
1,14,1,9,1,1,1,3,14,10,10,0,0,0,1,0,0,21,0,3,10,18,6,11.166666666666666,2,4,10,16,7,10.571428571428571,0,7.6,2.6,0.32,Enrolled,1,0,0.6,0.4,0.7,0.30000000000000004,-0.5952380952380949,1,2.73
1,1,1,10,1,1,1,13,14,1,6,1,0,0,1,0,0,19,0,0,6,12,2,13.0,0,0,6,8,5,11.6,0,7.6,2.6,0.32,Graduate,2,0,0.3333333333333333,0.6666666666666667,0.8333333333333334,0.16666666666666663,-1.4000000000000004,3,2.92
1,1,4,2,1,1,1,22,28,10,10,1,0,0,1,0,0,19,0,0,0,0,0,0.0,0,0,0,0,0,0.0,0,10.8,1.4,1.74,Dropout,0,1,0.0,1.0,0.0,1.0,0.0,0,5.5
1,1,2,12,1,1,1,19,24,1,1,1,0,0,1,0,1,20,0,0,8,8,7,14.901428571428571,1,0,8,8,7,14.901428571428571,1,9.4,-0.8,-3.12,Dropout,0,1,0.875,0.125,0.875,0.125,0.0,0,0.69
1,1,3,12,1,1,1,23,14,9,9,1,0,1,1,0,1,18,0,0,7,8,7,12.65,0,0,8,9,8,12.445555555555554,0,15.5,2.8,-4.06,Graduate,2,0,1.0,0.0,1.0,0.0,-0.2044444444444462,1,1.69
1,16,1,17,0,16,1,13,27,6,10,0,0,0,0,0,0,22,0,7,12,12,7,11.0,0,5,5,5,5,10.6,0,8.9,1.4,3.51,Dropout,0,1,0.5833333333333334,0.41666666666666663,1.0,0.0,-0.40000000000000036,-2,2.71
1,8,4,6,1,1,1,13,26,12,8,1,0,0,1,0,0,20,0,0,5,7,4,12.4,0,0,5,9,5,12.666666666666666,0,7.6,2.6,0.32,Graduate,2,0,0.8,0.19999999999999996,1.0,0.0,0.2666666666666657,1,1.5
1,15,1,4,1,14,1,23,28,7,7,0,0,0,1,0,0,19,0,0,6,7,6,12.0,0,0,6,7,6,12.666666666666666,0,12.4,0.5,1.79,Graduate,2,0,1.0,0.0,1.0,0.0,0.6666666666666661,0,0.5
1,1,5,12,1,1,1,1,14,7,8,1,0,0,1,0,1,19,0,0,7,8,7,12.135714285714286,0,0,8,10,7,13.328571428571427,0,12.4,0.5,1.79,Graduate,2,0,1.0,0.0,0.875,0.125,1.1928571428571413,0,0.44
1,1,2,12,1,1,1,23,14,10,8,1,0,0,1,0,1,20,0,0,7,10,5,12.62,0,0,7,8,6,12.5,0,11.1,0.6,2.02,Enrolled,1,0,0.7142857142857143,0.2857142857142857,0.8571428571428571,0.1428571428571429,-0.11999999999999922,1,1.75
1,12,1,17,0,1,1,23,28,4,4,0,0,0,1,0,0,25,0,0,5,11,3,10.666666666666666,0,0,5,11,3,11.333333333333334,0,15.5,2.8,-4.06,Enrolled,1,0,0.6,0.4,0.6,0.4,0.6666666666666679,0,2.55
1,1,1,12,1,1,1,13,14,10,8,0,0,0,1,0,1,19,0,0,7,12,6,13.766666666666666,0,0,8,10,7,14.051428571428572,0,15.5,2.8,-4.06,Graduate,2,0,0.8571428571428571,0.1428571428571429,0.875,0.125,0.2847619047619059,1,1.75
1,9,1,12,1,1,1,23,27,10,8,1,0,0,1,0,0,19,0,0,8,8,8,13.11625,0,0,8,8,8,13.11625,0,9.4,-0.8,-3.12,Graduate,2,0,1.0,0.0,1.0,0.0,0.0,0,0.0
1,1,1,5,1,1,1,3,28,2,10,1,0,0,0,0,0,19,0,0,5,5,0,0.0,0,0,6,0,0,0.0,0,10.8,1.4,1.74,Dropout,0,1,0.0,1.0,0.0,1.0,0.0,0,6.75
1,1,1,12,1,1,1,23,14,10,6,0,0,0,1,0,0,20,0,0,7,9,6,12.7,0,0,8,8,7,13.571428571428571,0,13.9,-0.3,0.79,Graduate,2,0,0.8571428571428571,0.1428571428571429,0.875,0.125,0.8714285714285719,1,1.17
1,12,2,13,1,1,1,22,27,10,10,1,0,0,1,0,0,25,0,0,7,11,7,11.857142857142858,0,0,8,21,5,11.7,0,12.4,0.5,1.79,Enrolled,1,0,1.0,0.0,0.625,0.375,-0.15714285714285836,-2,1.27
1,8,1,12,1,1,1,13,28,6,10,1,0,0,1,0,1,20,0,0,7,7,6,12.333333333333334,0,0,7,7,6,12.333333333333334,0,7.6,2.6,0.32,Graduate,2,0,0.8571428571428571,0.1428571428571429,0.8571428571428571,0.1428571428571429,0.0,0,0.5
1,12,1,10,1,1,1,23,14,10,10,1,0,0,1,0,0,24,0,0,6,9,4,15.75,0,0,6,10,5,16.4,0,9.4,-0.8,-3.12,Enrolled,1,0,0.6666666666666666,0.33333333333333337,0.8333333333333334,0.16666666666666663,0.6499999999999986,1,1.94
1,1,3,14,1,1,1,1,1,6,6,0,0,0,1,0,0,20,0,0,5,6,5,13.333333333333334,0,0,5,6,5,13.2,0,7.6,2.6,0.32,Graduate,2,0,1.0,0.0,1.0,0.0,-0.13333333333333464,0,0.58
1,13,1,12,1,1,1,1,14,5,9,1,0,0,1,0,0,21,0,4,7,9,7,14.355555555555554,0,5,8,8,8,13.49375,0,15.5,2.8,-4.06,Graduate,2,0,1.0,0.0,1.0,0.0,-0.8618055555555539,1,0.78
1,15,1,4,1,14,1,22,28,10,10,0,0,1,1,0,1,19,0,0,6,8,6,13.0,0,0,6,11,5,13.0,0,15.5,2.8,-4.06,Graduate,2,0,1.0,0.0,0.8333333333333334,0.16666666666666663,0.0,-1,2.12
1,1,1,15,1,1,1,23,27,10,10,0,0,0,1,0,1,19,0,0,6,6,6,12.833333333333334,0,0,6,6,6,13.5,0,16.2,0.3,-0.92,Graduate,2,0,1.0,0.0,1.0,0.0,0.6666666666666661,0,0.0
1,1,2,14,1,1,1,22,28,10,10,0,0,0,1,0,1,21,0,0,5,5,5,13.2,0,0,5,5,4,13.0,0,9.4,-0.8,-3.12,Graduate,2,0,1.0,0.0,0.8,0.19999999999999996,-0.1999999999999993,-1,0.0
1,12,1,12,1,3,1,3,27,3,11,0,0,0,1,0,0,28,0,0,7,9,7,17.005555555555556,0,1,8,9,8,16.582222222222224,0,15.5,2.8,-4.06,Graduate,2,0,1.0,0.0,1.0,0.0,-0.423333333333332,1,0.78
1,1,1,10,1,1,1,22,28,10,10,1,0,1,0,0,1,19,0,0,6,8,5,10.6,0,0,6,8,5,11.0,0,10.8,1.4,1.74,Graduate,2,0,0.8333333333333334,0.16666666666666663,0.8333333333333334,0.16666666666666663,0.40000000000000036,0,3.81
1,1,1,9,1,1,1,22,27,10,7,0,0,0,1,0,1,18,0,0,5,5,5,14.0,0,0,5,6,5,13.6,0,12.4,0.5,1.79,Graduate,2,0,1.0,0.0,1.0,0.0,-0.40000000000000036,0,0.0
5,8,5,12,1,1,1,22,28,6,9,1,0,0,1,0,1,18,0,0,8,8,7,12.114285714285714,0,0,8,8,7,12.114285714285714,0,12.7,3.7,-1.7,Graduate,2,0,0.875,0.125,0.875,0.125,0.0,0,0.44
1,1,3,12,1,1,1,13,27,8,8,1,0,0,1,0,1,18,0,0,8,8,8,13.05875,0,0,8,8,8,13.05875,0,9.4,-0.8,-3.12,Graduate,2,0,1.0,0.0,1.0,0.0,0.0,0,0.0
1,13,1,12,1,1,1,1,2,10,4,1,0,0,1,0,0,22,0,4,8,8,7,13.285714285714286,0,4,8,8,7,13.285714285714286,0,12.7,3.7,-1.7,Graduate,2,0,0.875,0.125,0.875,0.125,0.0,0,0.44
1,1,1,9,1,1,1,22,27,32,36,1,0,0,1,0,0,19,0,0,5,9,4,11.0,0,0,5,8,3,10.666666666666666,0,12.4,0.5,1.79,Enrolled,1,0,0.8,0.19999999999999996,0.6,0.4,-0.3333333333333339,-1,1.94
1,1,1,12,1,1,1,13,1,10,6,0,0,0,1,0,1,18,0,0,7,7,7,14.071428571428571,0,0,8,8,8,15.1625,0,13.9,-0.3,0.79,Graduate,2,0,1.0,0.0,1.0,0.0,1.0910714285714285,1,0.0
1,8,1,11,1,1,1,22,27,6,7,0,0,0,0,0,0,20,0,0,6,0,0,0.0,0,0,6,0,0,0.0,0,15.5,2.8,-4.06,Dropout,0,1,0.0,1.0,0.0,1.0,0.0,0,6.75
1,15,1,2,1,14,1,22,27,6,7,0,0,0,0,0,0,26,0,4,9,9,4,11.25,0,3,10,12,3,11.0,0,12.4,0.5,1.79,Dropout,0,1,0.4444444444444444,0.5555555555555556,0.3,0.7,-0.25,-1,3.19
1,1,3,5,1,1,1,22,28,10,10,1,0,0,1,0,1,18,0,0,6,6,6,14.0,0,0,6,8,6,13.625,0,10.8,1.4,1.74,Graduate,2,0,1.0,0.0,1.0,0.0,-0.375,0,0.0
1,1,1,11,1,1,1,1,28,5,10,1,0,0,1,0,1,21,0,0,6,8,6,12.166666666666666,0,0,6,11,3,11.666666666666666,0,10.8,1.4,1.74,Dropout,0,1,1.0,0.0,0.5,0.5,-0.5,-3,0.88
1,8,4,12,1,1,1,23,27,4,4,1,0,0,1,0,0,18,0,0,8,8,7,13.297142857142855,0,0,8,8,7,13.297142857142855,0,10.8,1.4,1.74,Graduate,2,0,0.875,0.125,0.875,0.125,0.0,0,0.44
1,1,1,6,1,1,1,13,14,5,7,1,0,0,1,0,0,20,0,0,6,14,6,13.923076923076923,0,0,6,9,6,14.25,0,15.5,2.8,-4.06,Graduate,2,0,1.0,0.0,1.0,0.0,0.32692307692307665,0,2.0
1,1,6,12,1,1,1,23,14,6,7,1,0,0,1,0,0,18,0,0,7,11,7,13.37,0,0,8,13,7,12.833333333333334,0,15.5,2.8,-4.06,Graduate,2,0,1.0,0.0,0.875,0.125,-0.5366666666666653,0,1.27
1,8,6,9,1,1,1,13,28,8,10,0,0,0,1,0,1,19,0,0,5,5,5,12.4,0,0,5,8,3,11.0,0,12.7,3.7,-1.7,Enrolled,1,0,1.0,0.0,0.6,0.4,-1.4000000000000004,-2,0.0
1,1,1,14,1,1,1,1,1,3,3,1,0,0,1,0,0,20,0,0,5,5,4,15.0,0,0,5,5,4,13.75,0,7.6,2.6,0.32,Dropout,0,1,0.8,0.19999999999999996,0.8,0.19999999999999996,-1.25,0,0.7
1,1,1,16,1,1,1,13,14,10,6,0,0,1,1,0,1,18,0,0,6,6,6,13.333333333333334,0,0,6,7,6,12.571428571428571,0,12.7,3.7,-1.7,Graduate,2,0,1.0,0.0,1.0,0.0,-0.7619047619047628,0,1.25
1,7,2,9,1,1,1,22,27,10,10,1,0,0,1,0,1,20,0,0,5,8,3,12.0,0,0,5,9,4,12.625,0,10.8,1.4,1.74,Enrolled,1,0,0.6,0.4,0.8,0.19999999999999996,0.625,1,2.19
1,1,2,3,0,1,1,13,9,1,1,1,0,0,1,0,0,22,0,0,6,7,5,13.4,0,0,6,9,5,12.2,0,7.6,2.6,0.32,Graduate,2,0,0.8333333333333334,0.16666666666666663,0.8333333333333334,0.16666666666666663,-1.200000000000001,0,1.0
1,1,1,2,1,1,1,13,28,5,6,1,0,0,1,0,0,18,0,0,0,0,0,0.0,0,0,0,0,0,0.0,0,7.6,2.6,0.32,Enrolled,1,0,0.0,1.0,0.0,1.0,0.0,0,5.5
1,16,1,17,0,1,1,13,28,6,8,0,0,0,1,0,0,21,0,1,5,9,4,11.5,0,1,5,5,5,11.4,0,8.9,1.4,3.51,Graduate,2,0,0.8,0.19999999999999996,1.0,0.0,-0.09999999999999964,1,1.94
1,9,2,16,1,1,1,1,1,10,1,0,0,0,1,0,0,18,0,0,7,12,6,12.0,0,0,7,11,6,12.166666666666666,0,13.9,-0.3,0.79,Enrolled,1,0,0.8571428571428571,0.1428571428571429,0.8571428571428571,0.1428571428571429,0.16666666666666607,0,1.75
1,1,1,12,1,1,1,13,14,5,5,0,0,0,1,0,0,18,0,0,8,8,7,13.485714285714284,0,0,8,8,7,13.485714285714284,0,12.7,3.7,-1.7,Graduate,2,0,0.875,0.125,0.875,0.125,0.0,0,0.44
1,1,1,5,1,1,1,10,14,5,6,0,1,0,1,0,1,18,0,0,6,6,6,12.0,0,0,6,8,6,11.285714285714286,0,8.9,1.4,3.51,Graduate,2,0,1.0,0.0,1.0,0.0,-0.7142857142857135,0,0.0
1,8,1,2,1,1,1,22,27,10,2,1,0,0,1,0,0,19,0,0,0,0,0,0.0,0,0,0,0,0,0.0,0,15.5,2.8,-4.06,Dropout,0,1,0.0,1.0,0.0,1.0,0.0,0,5.5
1,8,3,9,1,1,1,1,14,4,6,1,0,0,1,0,0,19,0,0,5,7,3,10.333333333333334,0,0,5,11,3,14.428571428571429,0,10.8,1.4,1.74,Enrolled,1,0,0.6,0.4,0.6,0.4,4.095238095238095,0,2.0
1,1,1,12,1,1,1,23,1,10,5,1,0,0,1,0,0,19,0,0,7,10,5,12.94,0,0,7,7,5,13.76,0,16.2,0.3,-0.92,Enrolled,1,0,0.7142857142857143,0.2857142857142857,0.7142857142857143,0.2857142857142857,0.8200000000000003,0,1.75
1,1,3,12,1,1,1,1,27,8,8,1,0,0,1,0,0,19,0,0,8,11,7,13.258571428571427,0,0,8,11,7,13.258571428571427,0,10.8,1.4,1.74,Graduate,2,0,0.875,0.125,0.875,0.125,0.0,0,1.27
1,1,1,9,1,1,1,1,2,11,11,1,0,0,1,0,0,19,0,0,5,9,4,12.25,0,0,5,10,4,12.0,0,8.9,1.4,3.51,Enrolled,1,0,0.8,0.19999999999999996,0.8,0.19999999999999996,-0.25,0,1.94
1,8,1,11,1,1,1,23,27,10,8,1,0,0,0,0,0,19,0,0,6,9,3,11.666666666666666,0,0,6,15,1,10.0,0,10.8,1.4,1.74,Dropout,0,1,0.5,0.5,0.16666666666666666,0.8333333333333334,-1.666666666666666,-2,3.58
1,7,4,11,1,1,1,23,27,10,8,1,0,0,1,0,1,21,0,0,6,7,6,13.571428571428571,0,0,6,6,6,12.5,0,8.9,1.4,3.51,Graduate,2,0,1.0,0.0,1.0,0.0,-1.0714285714285712,0,0.5
1,1,2,15,1,1,14,1,27,10,8,0,0,0,1,0,1,20,1,0,6,9,5,11.8,0,0,6,9,5,11.833333333333334,0,15.5,2.8,-4.06,Graduate,2,0,0.8333333333333334,0.16666666666666663,0.8333333333333334,0.16666666666666663,0.033333333333333215,0,1.56
1,1,1,9,1,1,1,13,14,4,10,1,0,0,1,0,1,20,0,0,5,7,5,14.2,0,0,5,7,5,13.285714285714286,0,11.1,0.6,2.02,Graduate,2,0,1.0,0.0,1.0,0.0,-0.9142857142857128,0,1.0
1,12,1,17,0,12,1,22,27,10,10,0,0,0,1,0,0,41,0,0,5,8,5,11.0,0,0,5,6,5,11.8,1,7.6,2.6,0.32,Graduate,2,0,1.0,0.0,1.0,0.0,0.8000000000000007,0,1.31
4,4,1,12,1,15,1,22,27,4,4,1,0,0,1,0,0,32,0,0,7,16,4,13.625,0,0,7,8,7,12.6375,0,12.4,0.5,1.79,Enrolled,1,0,0.5714285714285714,0.4285714285714286,1.0,0.0,-0.9875000000000007,3,2.62
1,8,3,12,1,1,1,23,1,10,6,1,0,0,1,0,0,18,0,0,8,8,7,14.652857142857142,0,0,8,8,7,14.652857142857142,0,10.8,1.4,1.74,Graduate,2,0,0.875,0.125,0.875,0.125,0.0,0,0.44
4,12,1,3,0,1,1,22,27,4,5,0,0,0,1,0,1,35,0,0,6,9,6,11.333333333333334,0,0,6,6,6,11.333333333333334,0,15.5,2.8,-4.06,Graduate,2,0,1.0,0.0,1.0,0.0,0.0,0,1.17
1,12,1,12,1,1,1,22,27,10,10,0,0,1,0,0,0,32,0,0,7,12,4,13.7,0,0,7,7,0,0.0,0,16.2,0.3,-0.92,Dropout,0,1,0.5714285714285714,0.4285714285714286,0.0,1.0,-13.7,-4,4.83
1,12,1,3,0,15,1,13,27,6,10,0,0,0,1,0,0,37,0,7,11,11,11,13.727272727272728,0,4,8,8,8,14.75,0,12.4,0.5,1.79,Graduate,2,0,1.0,0.0,1.0,0.0,1.0227272727272716,-3,0.0
2,12,2,9,1,3,1,3,27,10,10,0,0,0,1,0,0,30,0,4,7,9,7,11.75,0,3,8,12,7,11.142857142857142,0,12.7,3.7,-1.7,Dropout,0,1,1.0,0.0,0.875,0.125,-0.6071428571428577,0,0.78
1,14,2,15,1,1,1,13,14,1,1,0,0,0,1,1,0,23,0,0,6,9,6,12.333333333333334,0,0,6,11,5,13.0,0,7.6,2.6,0.32,Graduate,2,0,1.0,0.0,0.8333333333333334,0.16666666666666663,0.6666666666666661,-1,1.17
1,8,2,15,1,1,1,3,1,3,8,1,0,0,1,0,1,20,0,0,6,6,6,14.0,0,0,6,7,6,13.857142857142858,0,15.5,2.8,-4.06,Dropout,0,1,1.0,0.0,1.0,0.0,-0.14285714285714235,0,0.0
1,1,1,14,1,1,1,13,27,6,8,0,0,0,1,1,0,21,0,0,5,7,4,11.5,0,0,5,6,4,11.75,0,9.4,-0.8,-3.12,Graduate,2,0,0.8,0.19999999999999996,0.8,0.19999999999999996,0.25,0,1.5
1,1,1,9,1,1,1,23,14,6,8,0,0,0,1,1,0,19,0,0,5,6,5,11.2,0,0,5,5,5,13.2,0,12.4,0.5,1.79,Graduate,2,0,1.0,0.0,1.0,0.0,2.0,0,0.58
1,8,4,12,1,1,1,1,14,5,4,1,0,0,1,1,1,18,0,0,8,8,7,15.07,0,0,8,8,7,15.07,0,10.8,1.4,1.74,Graduate,2,0,0.875,0.125,0.875,0.125,0.0,0,0.44
1,13,1,7,1,1,1,19,24,1,1,0,0,0,1,1,0,18,0,0,5,6,1,10.0,0,0,5,7,1,12.0,0,10.8,1.4,1.74,Dropout,0,1,0.2,0.8,0.2,0.8,2.0,0,2.92
1,12,1,17,0,1,1,1,1,5,11,0,0,0,1,1,0,24,0,0,5,5,4,12.0,0,0,5,6,5,12.666666666666666,0,12.4,0.5,1.79,Enrolled,1,0,0.8,0.19999999999999996,1.0,0.0,0.6666666666666661,1,0.7
1,9,1,14,1,1,1,1,27,10,10,1,0,0,1,1,0,22,0,0,6,11,4,13.0,0,0,6,11,4,12.6,0,12.7,3.7,-1.7,Graduate,2,0,0.6666666666666666,0.33333333333333337,0.6666666666666666,0.33333333333333337,-0.40000000000000036,0,2.23
1,8,4,11,1,1,1,13,1,6,6,1,0,0,1,1,0,18,0,0,6,7,4,11.0,0,0,6,7,3,11.25,0,16.2,0.3,-0.92,Dropout,0,1,0.6666666666666666,0.33333333333333337,0.5,0.5,0.25,-1,1.5
1,7,2,10,1,1,1,22,27,6,7,1,0,0,1,0,0,18,0,0,6,8,6,13.571428571428571,0,0,6,11,5,12.166666666666666,0,9.4,-0.8,-3.12,Graduate,2,0,1.0,0.0,0.8333333333333334,0.16666666666666663,-1.404761904761905,-1,0.88
1,1,2,5,1,1,17,2,1,10,2,1,0,0,1,1,0,21,1,0,6,7,5,14.6,0,0,6,6,5,14.2,0,16.2,0.3,-0.92,Graduate,2,0,0.8333333333333334,0.16666666666666663,0.8333333333333334,0.16666666666666663,-0.40000000000000036,0,1.0
4,12,1,12,1,1,1,22,27,10,10,0,0,1,1,0,0,38,0,0,7,13,3,11.833333333333334,0,0,7,14,2,10.0,0,16.2,0.3,-0.92,Dropout,0,1,0.42857142857142855,0.5714285714285714,0.2857142857142857,0.7142857142857143,-1.833333333333334,-1,3.94
1,9,1,13,1,1,1,23,27,10,10,0,0,0,1,0,1,19,0,0,7,11,7,12.625,0,0,8,11,8,12.5125,0,12.7,3.7,-1.7,Graduate,2,0,1.0,0.0,1.0,0.0,-0.11250000000000071,1,1.27
6,12,1,12,1,1,1,22,27,10,10,0,0,0,1,0,0,36,0,0,7,12,4,11.5,0,0,7,14,3,12.333333333333334,0,16.2,0.3,-0.92,Dropout,0,1,0.5714285714285714,0.4285714285714286,0.42857142857142855,0.5714285714285714,0.8333333333333339,-1,2.33
1,7,1,6,1,1,1,1,1,10,10,1,0,0,1,0,0,18,0,0,5,8,4,13.25,1,0,5,10,4,10.5,0,12.7,3.7,-1.7,Graduate,2,0,0.8,0.19999999999999996,0.8,0.19999999999999996,-2.75,0,2.15
1,1,3,12,1,1,1,13,14,6,6,1,0,0,1,0,0,19,0,0,7,9,7,12.60625,0,0,8,12,6,11.9,0,12.4,0.5,1.79,Graduate,2,0,1.0,0.0,0.75,0.25,-0.7062499999999989,-1,0.78
1,17,1,6,1,16,1,13,28,10,10,0,0,1,0,0,0,21,0,7,10,15,8,13.75,0,4,9,17,5,13.2,0,8.9,1.4,3.51,Dropout,0,1,0.8,0.19999999999999996,0.5555555555555556,0.4444444444444444,-0.5500000000000007,-3,4.13
1,1,2,12,1,1,1,13,28,30,43,1,0,0,1,0,0,19,0,0,7,10,6,13.598333333333334,0,0,8,11,6,11.933333333333332,0,11.1,0.6,2.02,Enrolled,1,0,0.8571428571428571,0.1428571428571429,0.75,0.25,-1.6650000000000027,0,1.4
1,1,1,10,1,1,1,13,14,10,10,0,0,0,1,0,1,18,0,0,6,11,5,11.142857142857142,0,0,6,8,6,12.285714285714286,0,16.2,0.3,-0.92,Graduate,2,0,0.8333333333333334,0.16666666666666663,1.0,0.0,1.1428571428571441,1,1.91
2,4,1,12,1,3,1,22,14,10,8,1,0,0,1,0,0,45,0,7,11,11,11,12.7,0,6,10,12,10,12.96818181818182,0,13.9,-0.3,0.79,Enrolled,1,0,1.0,0.0,1.0,0.0,0.2681818181818212,-1,0.0
1,8,1,9,1,1,1,22,27,10,8,1,0,0,1,0,0,20,0,0,5,9,1,10.0,0,0,5,10,1,11.0,0,7.6,2.6,0.32,Dropout,0,1,0.2,0.8,0.2,0.8,1.0,0,3.11
1,8,1,11,1,1,1,13,1,6,8,1,0,1,1,0,0,18,0,0,6,8,6,11.666666666666666,0,0,6,10,4,11.5,0,13.9,-0.3,0.79,Graduate,2,0,1.0,0.0,0.6666666666666666,0.33333333333333337,-0.16666666666666607,-2,2.12
1,1,1,14,1,1,1,1,14,5,5,0,0,0,1,0,1,18,0,0,6,8,6,14.0,0,0,6,7,6,13.142857142857142,0,11.1,0.6,2.02,Graduate,2,0,1.0,0.0,1.0,0.0,-0.8571428571428577,0,0.88
1,4,2,8,1,3,1,19,24,1,1,0,0,0,1,0,0,25,0,0,5,9,0,0.0,4,0,5,9,0,0.0,3,10.8,1.4,1.74,Dropout,0,1,0.0,1.0,0.0,1.0,0.0,0,7.1
1,1,6,12,1,1,1,1,1,5,5,1,0,0,1,0,0,19,0,0,8,9,7,12.04142857142857,0,0,8,9,7,12.04142857142857,0,10.8,1.4,1.74,Graduate,2,0,0.875,0.125,0.875,0.125,0.0,0,0.78
1,1,1,2,1,1,1,13,14,8,8,1,0,0,1,0,1,18,0,0,0,0,0,0.0,0,0,0,0,0,0.0,0,13.9,-0.3,0.79,Graduate,2,0,0.0,1.0,0.0,1.0,0.0,0,5.5
1,4,1,11,1,15,1,1,1,4,7,0,0,0,1,0,0,39,0,12,13,14,13,13.76923076923077,0,9,12,16,12,14.583333333333334,0,13.9,-0.3,0.79,Graduate,2,0,1.0,0.0,1.0,0.0,0.8141025641025639,-1,0.25
2,12,1,4,1,1,1,23,27,10,10,0,0,0,1,0,0,29,0,13,18,20,18,15.444444444444445,0,11,13,13,13,15.307692307692308,0,15.5,2.8,-4.06,Graduate,2,0,1.0,0.0,1.0,0.0,-0.13675213675213627,-5,0.35
1,8,1,16,1,1,1,13,14,5,8,1,0,0,1,0,0,18,0,0,7,9,6,11.5,0,0,7,8,7,12.714285714285714,0,13.9,-0.3,0.79,Enrolled,1,0,0.8571428571428571,0.1428571428571429,1.0,0.0,1.2142857142857135,1,1.17
1,4,1,5,1,3,1,22,2,10,4,0,0,0,0,0,0,23,0,0,3,3,2,10.0,0,0,6,0,0,0.0,0,10.8,1.4,1.74,Dropout,0,1,0.6666666666666666,0.33333333333333337,0.0,1.0,-10.0,-2,2.42
1,13,1,16,1,1,1,1,27,6,6,1,0,0,1,0,0,21,0,0,6,8,4,12.25,0,0,6,13,3,10.333333333333334,0,12.7,3.7,-1.7,Dropout,0,1,0.6666666666666666,0.33333333333333337,0.5,0.5,-1.916666666666666,-1,1.75
1,1,1,10,1,1,1,1,14,5,5,0,0,0,0,0,0,18,0,0,6,6,6,14.5,0,0,6,6,6,15.166666666666666,0,10.8,1.4,1.74,Graduate,2,0,1.0,0.0,1.0,0.0,0.6666666666666661,0,1.25
1,4,1,6,1,15,1,1,14,6,6,1,0,0,1,0,0,23,0,0,6,7,6,15.571428571428571,0,0,6,8,6,16.375,0,12.4,0.5,1.79,Graduate,2,0,1.0,0.0,1.0,0.0,0.8035714285714288,0,0.5
1,1,1,8,1,1,1,1,14,5,5,0,0,0,1,0,0,18,0,0,6,7,6,15.571428571428571,0,0,6,7,6,14.714285714285714,0,11.1,0.6,2.02,Graduate,2,0,1.0,0.0,1.0,0.0,-0.8571428571428577,0,0.5
2,12,1,3,0,12,1,22,27,5,9,0,0,0,1,0,0,32,0,0,6,8,5,13.8,0,0,6,7,6,12.166666666666666,0,9.4,-0.8,-3.12,Graduate,2,0,0.8333333333333334,0.16666666666666663,1.0,0.0,-1.6333333333333346,1,1.31
2,12,2,9,1,1,1,13,27,10,8,0,0,1,0,0,0,29,0,0,5,8,3,10.666666666666666,0,0,5,14,2,14.8,0,10.8,1.4,1.74,Dropout,0,1,0.6,0.4,0.4,0.6,4.133333333333335,-1,4.69
1,1,6,10,1,1,1,1,28,32,35,1,0,1,1,0,1,20,0,0,6,8,5,11.6,0,0,6,8,4,11.75,0,8.9,1.4,3.51,Graduate,2,0,0.8333333333333334,0.16666666666666663,0.6666666666666666,0.33333333333333337,0.15000000000000036,-1,2.56
1,12,1,10,1,1,1,19,24,1,1,1,0,0,0,0,0,28,0,0,6,11,1,13.0,0,0,6,12,0,0.0,0,9.4,-0.8,-3.12,Dropout,0,1,0.16666666666666666,0.8333333333333334,0.0,1.0,-13.0,-1,4.43
1,4,1,9,1,3,1,23,28,2,10,0,0,0,1,0,0,27,0,0,5,9,3,12.0,0,0,5,11,4,13.625,0,10.8,1.4,1.74,Graduate,2,0,0.6,0.4,0.8,0.19999999999999996,1.625,1,2.33
1,14,2,12,1,1,1,22,24,12,1,0,0,1,1,0,0,22,0,11,14,14,12,12.333333333333334,2,11,14,14,12,12.333333333333334,2,7.6,2.6,0.32,Graduate,2,0,0.8571428571428571,0.1428571428571429,0.8571428571428571,0.1428571428571429,0.0,0,2.04
2,12,1,4,1,12,1,13,27,10,11,0,0,1,1,0,0,37,0,0,6,10,6,12.875,0,0,6,12,6,12.9,0,16.2,0.3,-0.92,Enrolled,1,0,1.0,0.0,1.0,0.0,0.025000000000000355,0,2.65
1,4,1,3,0,3,1,22,28,1,6,0,0,0,0,0,0,28,0,0,6,12,1,11.0,0,0,6,0,0,0.0,0,12.7,3.7,-1.7,Dropout,0,1,0.16666666666666666,0.8333333333333334,0.0,1.0,-11.0,-1,4.46
2,12,1,4,1,1,1,22,27,10,10,0,0,1,0,0,0,43,0,0,6,10,4,12.25,0,0,6,13,4,10.5,0,8.9,1.4,3.51,Dropout,0,1,0.6666666666666666,0.33333333333333337,0.6666666666666666,0.33333333333333337,-1.75,0,4.6
1,14,1,13,1,1,1,22,27,10,10,1,0,0,0,0,0,32,0,0,7,7,0,0.0,7,0,8,8,0,0.0,7,10.8,1.4,1.74,Dropout,0,1,0.0,1.0,0.0,1.0,0.0,0,8.75
1,8,1,10,1,1,1,1,1,10,10,0,0,0,1,0,1,20,0,0,6,11,4,10.75,0,0,6,13,5,11.5,0,15.5,2.8,-4.06,Enrolled,1,0,0.6666666666666666,0.33333333333333337,0.8333333333333334,0.16666666666666663,0.75,1,2.23
4,12,1,12,1,12,1,23,1,10,5,0,0,0,1,0,1,35,0,0,8,9,8,13.63,1,0,8,9,8,13.63,1,9.4,-0.8,-3.12,Graduate,2,0,1.0,0.0,1.0,0.0,0.0,0,0.64
1,1,1,14,1,1,1,22,27,1,1,1,0,0,1,0,0,21,0,0,5,8,3,13.0,0,0,5,7,4,11.5,1,7.6,2.6,0.32,Graduate,2,0,0.6,0.4,0.8,0.19999999999999996,-1.5,1,2.19
1,1,4,12,1,1,1,13,14,8,10,1,0,0,1,0,1,18,0,0,7,9,6,13.533333333333331,0,0,7,7,7,12.228571428571428,0,12.4,0.5,1.79,Enrolled,1,0,0.8571428571428571,0.1428571428571429,1.0,0.0,-1.3047619047619037,1,1.17
1,1,1,12,1,1,1,3,28,4,8,0,0,0,1,0,1,18,0,0,7,7,7,16.9,0,0,8,9,8,16.37777777777778,0,16.2,0.3,-0.92,Graduate,2,0,1.0,0.0,1.0,0.0,-0.5222222222222186,1,0.0
1,8,4,10,1,1,1,13,14,6,9,1,0,0,1,0,0,18,0,0,6,10,5,12.0,0,0,6,11,4,12.0,0,16.2,0.3,-0.92,Graduate,2,0,0.8333333333333334,0.16666666666666663,0.6666666666666666,0.33333333333333337,0.0,-1,1.75
1,15,1,3,0,14,1,13,27,8,7,1,0,0,1,0,0,22,0,3,6,6,6,12.5,0,2,6,7,6,13.285714285714286,0,12.4,0.5,1.79,Graduate,2,0,1.0,0.0,1.0,0.0,0.7857142857142865,0,0.0
1,1,2,12,1,1,1,1,1,5,11,1,0,0,1,0,0,19,0,0,8,8,7,12.764285714285714,0,0,8,8,7,12.764285714285714,0,10.8,1.4,1.74,Graduate,2,0,0.875,0.125,0.875,0.125,0.0,0,0.44
1,9,2,9,1,1,1,13,28,10,8,1,0,0,1,0,1,18,0,0,5,8,5,13.75,0,0,5,6,5,12.166666666666666,0,13.9,-0.3,0.79,Graduate,2,0,1.0,0.0,1.0,0.0,-1.583333333333334,0,1.31
1,1,2,2,1,1,1,24,1,4,5,1,0,1,1,0,0,19,0,0,0,0,0,0.0,0,0,0,0,0,0.0,0,12.4,0.5,1.79,Dropout,0,1,0.0,1.0,0.0,1.0,0.0,0,6.75
1,1,1,12,1,1,1,13,1,10,6,0,0,0,1,0,1,18,0,0,7,7,7,14.604285714285712,0,0,8,9,8,15.68333333333333,0,11.1,0.6,2.02,Graduate,2,0,1.0,0.0,1.0,0.0,1.0790476190476177,1,0.0
2,12,1,17,0,12,1,13,29,6,4,0,0,1,0,0,0,31,0,0,5,7,0,0.0,0,0,5,7,0,0.0,0,16.2,0.3,-0.92,Dropout,0,1,0.0,1.0,0.0,1.0,0.0,0,8.0
2,12,1,3,0,12,1,1,14,2,6,0,0,1,1,0,1,33,0,0,6,9,5,13.833333333333334,0,0,6,7,6,12.5,0,9.4,-0.8,-3.12,Graduate,2,0,0.8333333333333334,0.16666666666666663,1.0,0.0,-1.333333333333334,1,2.81
1,1,3,12,1,1,1,13,28,8,8,1,0,0,1,0,1,19,0,0,8,8,8,13.57625,0,0,8,8,8,13.57625,0,9.4,-0.8,-3.12,Graduate,2,0,1.0,0.0,1.0,0.0,0.0,0,0.0
1,8,1,10,1,1,1,23,28,8,8,1,0,0,1,0,1,18,0,0,6,7,6,15.142857142857142,0,0,6,6,6,15.833333333333334,0,12.7,3.7,-1.7,Graduate,2,0,1.0,0.0,1.0,0.0,0.6904761904761916,0,0.5
1,1,1,9,1,1,1,7,14,5,4,0,0,0,1,0,0,23,0,0,5,8,3,10.666666666666666,0,0,5,8,5,11.6,0,7.6,2.6,0.32,Graduate,2,0,0.6,0.4,1.0,0.0,0.9333333333333336,2,2.19
1,8,1,10,1,1,1,23,28,6,8,1,0,0,1,0,0,20,0,0,6,11,5,11.2,0,0,6,6,6,12.0,0,9.4,-0.8,-3.12,Graduate,2,0,0.8333333333333334,0.16666666666666663,1.0,0.0,0.8000000000000007,1,1.91
1,1,5,12,1,1,1,23,28,5,9,1,0,0,1,0,0,18,0,0,8,8,8,13.76375,0,0,8,8,8,13.76375,0,9.4,-0.8,-3.12,Graduate,2,0,1.0,0.0,1.0,0.0,0.0,0,0.0
1,17,1,6,1,16,1,1,1,5,4,1,0,1,1,0,0,21,0,7,9,10,8,13.25,0,4,9,14,5,12.2,0,8.9,1.4,3.51,Enrolled,1,0,0.8888888888888888,0.11111111111111116,0.5555555555555556,0.4444444444444444,-1.0500000000000007,-3,1.95
1,1,1,10,1,1,1,13,28,6,7,0,0,0,1,0,1,22,0,0,6,10,5,10.714285714285714,0,0,6,10,5,12.2,0,12.7,3.7,-1.7,Graduate,2,0,0.8333333333333334,0.16666666666666663,0.8333333333333334,0.16666666666666663,1.4857142857142858,0,1.75
1,1,1,10,1,1,1,1,14,5,5,1,0,1,1,0,0,20,0,0,6,6,6,12.166666666666666,0,0,6,7,6,11.666666666666666,0,9.4,-0.8,-3.12,Graduate,2,0,1.0,0.0,1.0,0.0,-0.5,0,1.25
1,4,1,12,1,3,1,13,28,5,11,1,0,0,1,0,0,23,0,1,7,8,6,14.357142857142858,0,1,7,8,6,14.357142857142858,0,7.6,2.6,0.32,Graduate,2,0,0.8571428571428571,0.1428571428571429,0.8571428571428571,0.1428571428571429,0.0,0,0.88
1,8,2,15,1,1,1,3,1,5,6,1,0,0,1,0,0,19,0,0,6,6,6,12.833333333333334,0,0,6,6,6,12.666666666666666,0,16.2,0.3,-0.92,Graduate,2,0,1.0,0.0,1.0,0.0,-0.16666666666666785,0,0.0
1,8,6,12,1,1,1,1,27,2,2,1,0,0,1,0,0,19,0,0,8,8,7,13.925714285714283,0,0,8,8,7,13.925714285714283,0,10.8,1.4,1.74,Graduate,2,0,0.875,0.125,0.875,0.125,0.0,0,0.44
1,12,1,17,0,1,1,13,28,8,5,0,0,0,1,0,0,26,0,0,5,9,2,12.0,0,0,5,9,3,11.0,0,10.8,1.4,1.74,Dropout,0,1,0.4,0.6,0.6,0.4,-1.0,1,2.72
1,1,6,12,1,1,1,1,27,5,4,1,0,0,1,0,0,18,0,0,7,7,7,13.44285714285714,0,0,8,9,8,13.744444444444444,0,16.2,0.3,-0.92,Graduate,2,0,1.0,0.0,1.0,0.0,0.30158730158730407,1,0.0
1,9,1,7,1,1,1,1,27,8,8,1,0,0,1,1,0,18,0,0,5,5,1,16.0,0,0,5,5,0,0.0,0,9.4,-0.8,-3.12,Dropout,0,1,0.2,0.8,0.0,1.0,-16.0,-1,2.8
1,15,1,4,1,14,1,23,27,10,10,1,0,0,1,1,0,20,0,0,6,8,6,13.125,0,0,6,10,6,13.2,0,16.2,0.3,-0.92,Graduate,2,0,1.0,0.0,1.0,0.0,0.07499999999999929,0,0.88
1,1,1,14,1,1,1,3,1,5,5,0,0,0,1,1,0,19,0,0,6,7,0,0.0,0,0,6,6,0,0.0,0,15.5,2.8,-4.06,Dropout,0,1,0.0,1.0,0.0,1.0,0.0,0,5.5
1,14,1,17,0,1,1,22,27,10,10,0,0,0,0,1,0,32,0,5,9,9,5,11.4,0,4,4,4,4,11.0,0,10.8,1.4,1.74,Dropout,0,1,0.5555555555555556,0.4444444444444444,1.0,0.0,-0.40000000000000036,-1,2.81
2,12,1,8,1,1,1,13,14,5,5,0,0,0,0,1,0,31,0,0,4,12,2,11.0,2,0,5,9,3,11.666666666666666,0,9.4,-0.8,-3.12,Dropout,0,1,0.5,0.5,0.6,0.4,0.6666666666666661,1,5.17
1,12,1,7,1,12,1,1,14,5,6,0,0,0,1,1,0,25,0,0,5,13,1,11.0,0,0,5,11,1,10.0,0,13.9,-0.3,0.79,Enrolled,1,0,0.2,0.8,0.2,0.8,-1.0,0,3.23
1,13,1,6,1,14,1,13,3,10,2,1,0,0,1,0,0,21,0,2,6,14,5,13.666666666666666,0,2,6,10,5,13.0,0,16.2,0.3,-0.92,Graduate,2,0,0.8333333333333334,0.16666666666666663,0.8333333333333334,0.16666666666666663,-0.6666666666666661,0,2.25
2,14,1,17,0,1,1,22,27,5,10,0,0,0,0,0,0,31,0,2,6,10,4,11.75,0,0,5,6,1,10.0,0,12.7,3.7,-1.7,Dropout,0,1,0.6666666666666666,0.33333333333333337,0.2,0.8,-1.75,-3,3.35
2,12,1,16,1,1,1,22,27,6,6,0,0,0,1,0,0,34,0,0,7,11,1,10.0,0,0,7,7,1,13.0,0,16.2,0.3,-0.92,Dropout,0,1,0.14285714285714285,0.8571428571428572,0.14285714285714285,0.8571428571428572,3.0,0,3.18
1,1,1,10,1,1,1,13,14,10,10,0,0,0,1,0,1,18,0,0,6,8,6,13.5,0,0,6,9,6,12.833333333333334,0,11.1,0.6,2.02,Graduate,2,0,1.0,0.0,1.0,0.0,-0.6666666666666661,0,0.88
1,1,3,10,1,1,1,13,14,10,10,1,0,1,1,0,0,19,0,0,6,0,0,0.0,0,0,6,0,0,0.0,0,12.4,0.5,1.79,Dropout,0,1,0.0,1.0,0.0,1.0,0.0,0,6.75
1,17,1,14,1,16,1,13,27,4,7,1,0,1,1,0,0,21,0,0,6,12,1,12.0,0,0,6,11,1,11.0,0,8.9,1.4,3.51,Enrolled,1,0,0.16666666666666666,0.8333333333333334,0.16666666666666666,0.8333333333333334,-1.0,0,4.46
1,1,2,16,1,1,1,23,27,6,4,1,0,0,0,0,0,18,0,0,6,11,3,13.0,0,0,6,10,5,11.8,0,9.4,-0.8,-3.12,Dropout,0,1,0.5,0.5,0.8333333333333334,0.16666666666666663,-1.1999999999999993,2,3.8
1,1,1,11,1,1,1,13,29,5,9,1,0,0,1,0,0,20,0,0,6,7,6,14.833333333333334,0,0,6,6,6,16.0,0,11.1,0.6,2.02,Graduate,2,0,1.0,0.0,1.0,0.0,1.166666666666666,0,0.5
1,14,1,15,1,1,1,23,27,10,6,1,0,0,1,0,0,20,0,0,6,6,6,11.833333333333334,0,0,6,7,6,12.857142857142858,0,15.5,2.8,-4.06,Graduate,2,0,1.0,0.0,1.0,0.0,1.0238095238095237,0,0.0
1,8,3,14,1,1,1,23,28,8,9,1,1,0,1,0,1,18,0,0,6,10,5,12.0,0,0,6,11,5,12.333333333333334,0,11.1,0.6,2.02,Graduate,2,0,0.8333333333333334,0.16666666666666663,0.8333333333333334,0.16666666666666663,0.3333333333333339,0,1.75
1,1,1,10,1,1,1,23,28,8,9,1,0,0,1,0,0,19,0,0,6,11,4,12.75,0,0,6,7,6,11.333333333333334,0,7.6,2.6,0.32,Graduate,2,0,0.6666666666666666,0.33333333333333337,1.0,0.0,-1.416666666666666,2,2.23
1,14,1,6,1,1,1,13,14,6,2,1,0,0,1,0,0,19,0,0,5,5,0,0.0,5,0,5,7,4,14.75,1,12.7,3.7,-1.7,Enrolled,1,0,0.0,1.0,0.8,0.19999999999999996,14.75,4,7.5
4,12,1,8,1,1,1,3,1,6,6,1,0,0,1,0,1,30,0,0,6,7,0,0.0,0,0,6,16,1,10.0,0,11.1,0.6,2.02,Dropout,0,1,0.0,1.0,0.16666666666666666,0.8333333333333334,10.0,1,5.5
1,8,1,10,1,1,1,13,28,6,6,1,0,0,1,0,0,19,0,0,6,6,6,12.0,0,0,6,7,6,12.857142857142858,0,11.1,0.6,2.02,Graduate,2,0,1.0,0.0,1.0,0.0,0.8571428571428577,0,0.0
1,1,3,13,1,1,1,23,27,8,8,1,0,0,1,0,0,19,0,0,7,9,7,11.677777777777775,0,0,8,8,8,13.8,0,12.7,3.7,-1.7,Graduate,2,0,1.0,0.0,1.0,0.0,2.1222222222222253,1,0.78
1,1,4,12,1,1,1,1,27,5,8,1,0,0,1,0,1,19,0,0,8,8,7,13.6,0,0,8,8,7,13.6,0,12.7,3.7,-1.7,Graduate,2,0,0.875,0.125,0.875,0.125,0.0,0,0.44
1,1,1,6,1,1,1,13,28,10,10,1,0,0,1,0,0,19,0,0,6,7,6,16.0,0,0,6,8,6,15.875,0,12.4,0.5,1.79,Graduate,2,0,1.0,0.0,1.0,0.0,-0.125,0,0.5
1,1,3,10,1,1,1,1,1,4,4,1,0,0,1,0,0,20,0,0,6,9,5,11.8,0,0,6,7,6,11.5,0,7.6,2.6,0.32,Graduate,2,0,0.8333333333333334,0.16666666666666663,1.0,0.0,-0.3000000000000007,1,1.56
1,13,1,7,1,1,1,13,27,10,4,0,0,1,1,1,0,25,0,0,5,5,0,0.0,0,2,6,7,2,14.0,0,13.9,-0.3,0.79,Dropout,0,1,0.0,1.0,0.3333333333333333,0.6666666666666667,14.0,2,6.75
1,1,2,15,1,1,1,13,14,10,10,0,0,0,1,1,0,19,0,0,6,0,0,0.0,0,0,6,0,0,0.0,0,12.4,0.5,1.79,Dropout,0,1,0.0,1.0,0.0,1.0,0.0,0,5.5
2,12,1,16,1,1,1,22,14,8,4,0,0,1,1,0,1,34,0,0,6,7,6,16.142857142857142,0,0,6,10,6,16.2,0,9.4,-0.8,-3.12,Graduate,2,0,1.0,0.0,1.0,0.0,0.05714285714285694,0,1.75
1,9,2,12,1,1,1,23,27,10,6,1,0,0,1,0,1,18,0,0,8,8,7,11.785714285714286,0,0,8,8,7,11.785714285714286,0,12.7,3.7,-1.7,Graduate,2,0,0.875,0.125,0.875,0.125,0.0,0,0.44
1,1,6,12,1,1,1,1,1,5,6,1,0,0,1,0,1,18,0,0,8,8,8,13.42375,0,0,8,8,8,13.42375,0,9.4,-0.8,-3.12,Graduate,2,0,1.0,0.0,1.0,0.0,0.0,0,0.0
1,1,1,14,1,1,1,23,28,10,11,0,0,0,1,0,0,20,0,0,6,8,6,12.5,0,0,6,10,5,14.166666666666666,0,11.1,0.6,2.02,Graduate,2,0,1.0,0.0,0.8333333333333334,0.16666666666666663,1.666666666666666,-1,0.88
1,8,2,12,1,1,1,13,27,10,8,1,0,0,1,0,1,20,0,0,8,8,7,12.464285714285714,0,0,8,8,7,12.464285714285714,0,10.8,1.4,1.74,Graduate,2,0,0.875,0.125,0.875,0.125,0.0,0,0.44
1,17,1,17,0,1,1,23,28,29,44,0,0,1,1,0,0,23,0,6,11,18,8,12.375,0,3,9,15,5,12.6,0,8.9,1.4,3.51,Enrolled,1,0,0.7272727272727273,0.2727272727272727,0.5555555555555556,0.4444444444444444,0.22499999999999964,-3,3.19
1,12,1,14,1,1,1,22,27,7,7,0,0,0,1,0,0,28,0,0,6,8,1,10.0,0,0,6,9,0,0.0,0,10.8,1.4,1.74,Dropout,0,1,0.16666666666666666,0.8333333333333334,0.0,1.0,-10.0,-1,3.06
1,8,1,15,1,1,1,22,14,10,11,0,0,0,1,0,0,18,0,0,6,8,5,12.6,0,0,6,10,6,12.428571428571429,0,15.5,2.8,-4.06,Enrolled,1,0,0.8333333333333334,0.16666666666666663,1.0,0.0,-0.17142857142857082,1,1.31
1,14,1,9,1,1,1,13,28,10,10,1,0,0,1,0,0,19,0,0,5,5,5,12.6,0,0,5,6,4,12.4,0,16.2,0.3,-0.92,Graduate,2,0,1.0,0.0,0.8,0.19999999999999996,-0.1999999999999993,-1,0.0
2,1,1,9,1,1,1,23,27,10,9,1,0,0,1,0,0,34,0,0,5,7,2,10.0,0,0,5,6,4,12.0,0,7.6,2.6,0.32,Dropout,0,1,0.4,0.6,0.8,0.19999999999999996,2.0,2,2.5
2,16,1,16,1,1,1,22,27,8,9,0,0,0,1,0,0,35,0,0,7,7,0,0.0,0,0,6,0,0,0.0,0,8.9,1.4,3.51,Dropout,0,1,0.0,1.0,0.0,1.0,0.0,0,5.5
1,4,1,17,0,15,1,22,27,10,8,0,0,0,1,0,0,32,0,0,5,7,5,11.6,0,0,5,8,5,12.333333333333334,0,12.4,0.5,1.79,Graduate,2,0,1.0,0.0,1.0,0.0,0.7333333333333343,0,1.0
1,8,2,11,1,1,1,13,14,5,8,1,0,0,1,0,0,19,0,0,6,8,6,12.166666666666666,0,0,6,6,6,13.5,0,11.1,0.6,2.02,Graduate,2,0,1.0,0.0,1.0,0.0,1.333333333333334,0,0.88
1,8,5,14,1,1,1,1,14,10,8,1,0,0,1,0,0,18,0,0,6,10,4,13.6,0,0,6,7,5,12.666666666666666,0,11.1,0.6,2.02,Graduate,2,0,0.6666666666666666,0.33333333333333337,0.8333333333333334,0.16666666666666663,-0.9333333333333336,1,2.1
2,12,1,9,1,1,1,22,27,10,10,0,0,0,0,0,0,35,0,0,5,8,4,12.5,1,0,5,8,5,11.8,0,9.4,-0.8,-3.12,Dropout,0,1,0.8,0.19999999999999996,1.0,0.0,-0.6999999999999993,1,3.4
1,12,1,3,0,1,1,1,10,5,6,0,0,0,1,1,1,24,0,0,6,6,4,12.25,0,0,6,10,4,11.5,0,12.4,0.5,1.79,Enrolled,1,0,0.6666666666666666,0.33333333333333337,0.6666666666666666,0.33333333333333337,-0.75,0,1.17
1,8,1,10,1,1,1,13,27,10,10,1,0,0,1,0,1,20,0,0,6,7,6,11.714285714285714,0,0,6,8,6,12.625,0,13.9,-0.3,0.79,Graduate,2,0,1.0,0.0,1.0,0.0,0.9107142857142865,0,0.5
1,1,3,15,1,1,4,13,14,5,10,1,0,0,1,1,1,18,1,0,6,7,6,13.5,0,0,6,7,6,13.0,0,16.2,0.3,-0.92,Graduate,2,0,1.0,0.0,1.0,0.0,-0.5,0,0.5
1,1,3,12,1,1,1,23,14,8,10,1,0,0,1,1,1,20,0,0,8,8,7,13.024285714285714,0,0,8,8,7,13.024285714285714,0,10.8,1.4,1.74,Graduate,2,0,0.875,0.125,0.875,0.125,0.0,0,0.44
1,8,5,11,1,1,1,1,14,5,8,1,0,0,0,1,0,18,0,0,6,12,0,0.0,0,0,6,0,0,0.0,0,9.4,-0.8,-3.12,Dropout,0,1,0.0,1.0,0.0,1.0,0.0,0,6.75
1,1,1,7,1,1,1,13,14,5,5,0,0,0,1,1,1,18,0,0,5,6,5,17.333333333333332,0,0,5,8,5,18.571428571428573,0,12.4,0.5,1.79,Graduate,2,0,1.0,0.0,1.0,0.0,1.2380952380952408,0,0.58
1,1,1,14,1,1,1,13,27,6,8,0,0,0,1,1,1,20,0,0,5,7,4,11.0,0,0,5,7,4,11.5,0,9.4,-0.8,-3.12,Graduate,2,0,0.8,0.19999999999999996,0.8,0.19999999999999996,0.5,0,1.5
1,8,2,16,1,1,1,13,28,4,4,1,0,0,1,1,0,19,0,0,7,10,6,13.666666666666666,0,0,7,9,6,12.5,0,12.4,0.5,1.79,Dropout,0,1,0.8571428571428571,0.1428571428571429,0.8571428571428571,0.1428571428571429,-1.166666666666666,0,1.4
1,1,2,5,1,1,1,1,1,5,10,1,0,0,1,1,1,20,0,0,6,9,6,11.375,0,0,6,6,5,13.8,0,7.6,2.6,0.32,Enrolled,1,0,1.0,0.0,0.8333333333333334,0.16666666666666663,2.4250000000000007,-1,1.17
1,1,1,10,1,1,1,13,1,10,10,0,0,0,1,1,0,19,0,0,6,6,6,12.833333333333334,0,0,6,8,6,11.833333333333334,0,10.8,1.4,1.74,Graduate,2,0,1.0,0.0,1.0,0.0,-1.0,0,0.0
1,1,1,15,1,1,1,21,27,1,1,1,0,0,1,1,0,20,0,0,6,9,5,12.6,0,0,6,11,4,11.5,0,7.6,2.6,0.32,Graduate,2,0,0.8333333333333334,0.16666666666666663,0.6666666666666666,0.33333333333333337,-1.0999999999999996,-1,1.56
1,1,1,12,1,1,1,13,14,10,8,1,0,0,1,1,0,22,0,0,7,8,6,14.333333333333334,0,0,8,9,7,13.771428571428572,0,11.1,0.6,2.02,Graduate,2,0,0.8571428571428571,0.1428571428571429,0.875,0.125,-0.5619047619047617,1,0.88
1,8,2,7,1,1,1,1,14,10,9,0,0,0,1,1,1,18,0,0,5,8,4,13.5,0,0,6,10,6,13.625,0,11.1,0.6,2.02,Enrolled,1,0,0.8,0.19999999999999996,1.0,0.0,0.125,2,1.75
1,1,1,12,1,1,1,23,28,10,10,0,0,0,1,1,0,19,0,0,8,8,7,14.285714285714286,0,0,8,8,7,14.285714285714286,0,12.7,3.7,-1.7,Graduate,2,0,0.875,0.125,0.875,0.125,0.0,0,0.44
1,15,1,4,1,14,1,1,14,10,8,0,0,0,1,1,0,22,0,2,6,15,3,11.75,0,0,6,12,2,10.0,0,13.9,-0.3,0.79,Dropout,0,1,0.5,0.5,0.3333333333333333,0.6666666666666667,-1.75,-1,2.8
1,8,5,7,1,1,4,4,10,3,10,1,0,0,1,1,0,20,1,0,5,5,5,14.8,0,0,5,5,5,17.6,0,8.9,1.4,3.51,Graduate,2,0,1.0,0.0,1.0,0.0,2.8000000000000007,0,0.0
2,12,1,4,1,1,1,1,31,10,4,0,0,1,0,1,0,34,0,0,6,7,0,0.0,0,0,6,0,0,0.0,0,12.4,0.5,1.79,Dropout,0,1,0.0,1.0,0.0,1.0,0.0,0,8.0
2,12,1,3,0,12,1,1,1,5,5,0,0,0,1,1,0,24,0,0,6,14,1,10.0,0,0,5,5,0,0.0,0,16.2,0.3,-0.92,Dropout,0,1,0.16666666666666666,0.8333333333333334,0.0,1.0,-10.0,-1,3.25
1,12,2,14,1,1,1,19,24,1,1,1,0,0,1,1,0,26,0,0,5,5,0,0.0,0,0,5,5,0,0.0,0,7.6,2.6,0.32,Dropout,0,1,0.0,1.0,0.0,1.0,0.0,0,5.5
1,12,1,12,1,1,1,22,27,10,7,0,0,0,1,1,0,35,0,0,7,10,4,12.6,0,0,7,9,5,12.38,0,12.4,0.5,1.79,Dropout,0,1,0.5714285714285714,0.4285714285714286,0.7142857142857143,0.2857142857142857,-0.21999999999999886,1,2.1
1,1,1,17,0,1,1,2,27,5,10,1,0,0,1,1,0,22,0,0,5,9,5,12.428571428571429,1,0,5,7,5,11.8,0,7.6,2.6,0.32,Graduate,2,0,1.0,0.0,1.0,0.0,-0.6285714285714281,0,1.96
1,9,1,11,1,1,1,23,28,6,6,1,0,0,1,1,0,26,0,0,6,10,4,10.0,0,0,6,11,3,12.0,0,9.4,-0.8,-3.12,Enrolled,1,0,0.6666666666666666,0.33333333333333337,0.5,0.5,2.0,-1,2.1
1,8,1,9,1,1,1,1,14,4,5,0,0,0,1,1,0,19,0,0,5,7,3,12.333333333333334,0,0,5,5,0,0.0,0,8.9,1.4,3.51,Dropout,0,1,0.6,0.4,0.0,1.0,-12.333333333333334,-3,2.0
1,1,5,11,1,1,1,3,14,4,10,1,0,0,0,1,0,19,0,0,6,0,0,0.0,0,0,6,0,0,0.0,0,8.9,1.4,3.51,Dropout,0,1,0.0,1.0,0.0,1.0,0.0,0,6.75
1,15,1,2,1,14,1,3,3,3,3,0,0,1,1,1,0,20,0,0,0,0,0,0.0,0,0,0,0,0,0.0,0,15.5,2.8,-4.06,Graduate,2,0,0.0,1.0,0.0,1.0,0.0,0,6.75
1,16,1,14,1,1,1,3,3,2,11,0,0,1,1,1,0,21,0,5,11,12,10,12.1,0,2,8,9,8,13.333333333333334,0,11.1,0.6,2.02,Graduate,2,0,0.9090909090909091,0.09090909090909094,1.0,0.0,1.2333333333333343,-2,1.83
1,1,2,15,1,1,1,1,14,8,8,1,0,0,1,0,1,19,0,0,6,7,6,14.714285714285714,0,0,6,6,6,15.0,0,13.9,-0.3,0.79,Graduate,2,0,1.0,0.0,1.0,0.0,0.2857142857142865,0,0.5
1,1,3,15,1,1,1,13,14,10,10,1,0,0,1,0,0,18,0,0,6,6,6,12.666666666666666,0,0,6,7,6,12.833333333333334,0,12.7,3.7,-1.7,Graduate,2,0,1.0,0.0,1.0,0.0,0.16666666666666785,0,0.0
1,17,1,4,1,16,1,1,28,9,9,0,0,0,1,0,1,23,0,7,12,14,12,14.384615384615383,0,5,10,12,10,13.3,0,8.9,1.4,3.51,Graduate,2,0,1.0,0.0,1.0,0.0,-1.0846153846153825,-2,0.5
1,8,3,9,1,1,1,13,28,6,8,1,0,0,1,0,1,18,0,0,5,5,5,13.4,0,0,5,6,5,12.2,0,12.7,3.7,-1.7,Graduate,2,0,1.0,0.0,1.0,0.0,-1.200000000000001,0,0.0
1,9,1,12,1,1,1,22,28,6,8,1,0,0,1,0,0,18,0,0,8,8,7,13.314285714285717,0,0,8,8,7,13.314285714285717,0,12.7,3.7,-1.7,Graduate,2,0,0.875,0.125,0.875,0.125,0.0,0,0.44
1,1,3,12,1,1,1,23,28,10,10,1,0,0,1,0,0,19,0,0,8,8,7,11.98857142857143,0,0,8,8,7,11.98857142857143,0,10.8,1.4,1.74,Graduate,2,0,0.875,0.125,0.875,0.125,0.0,0,0.44
1,17,1,9,1,16,1,1,14,21,37,1,0,0,1,0,0,21,0,6,11,17,11,11.545454545454543,0,3,9,13,8,12.88888888888889,0,8.9,1.4,3.51,Graduate,2,0,1.0,0.0,0.8888888888888888,0.11111111111111116,1.343434343434346,-3,1.24
1,1,1,6,1,1,1,22,27,10,7,1,0,0,1,0,1,18,0,0,6,13,6,16.46153846153846,0,0,6,8,6,13.875,0,15.5,2.8,-4.06,Graduate,2,0,1.0,0.0,1.0,0.0,-2.58653846153846,0,1.88
1,1,1,15,1,1,1,23,27,10,6,1,0,0,1,0,1,24,0,0,6,7,6,13.666666666666666,0,0,6,6,6,12.833333333333334,0,10.8,1.4,1.74,Graduate,2,0,1.0,0.0,1.0,0.0,-0.8333333333333321,0,0.5
1,1,4,12,1,1,1,3,29,3,4,1,0,0,1,0,0,18,0,0,7,8,7,12.65,0,0,8,9,8,13.411111111111111,0,16.2,0.3,-0.92,Dropout,0,1,1.0,0.0,1.0,0.0,0.7611111111111111,1,0.44
1,1,1,14,1,1,1,13,1,6,8,1,0,0,1,0,0,18,0,0,6,7,6,12.333333333333334,0,0,6,10,3,12.0,0,13.9,-0.3,0.79,Enrolled,1,0,1.0,0.0,0.5,0.5,-0.3333333333333339,-3,0.5
1,8,2,12,1,1,1,13,27,10,8,1,0,0,1,0,0,20,0,0,7,8,6,14.37,0,0,8,10,7,14.65,0,12.4,0.5,1.79,Graduate,2,0,0.8571428571428571,0.1428571428571429,0.875,0.125,0.28000000000000114,1,0.88
1,8,2,6,1,1,1,1,14,5,10,1,0,0,1,0,0,19,0,0,5,13,3,12.0,2,0,5,8,4,11.75,0,9.4,-0.8,-3.12,Enrolled,1,0,0.6,0.4,0.8,0.19999999999999996,-0.25,1,3.49
1,1,5,15,1,1,1,19,28,1,9,1,0,0,0,0,1,18,0,0,6,12,3,12.0,0,0,6,15,3,10.666666666666666,0,7.6,2.6,0.32,Dropout,0,1,0.5,0.5,0.5,0.5,-1.333333333333334,0,3.87
1,14,1,11,1,1,1,1,14,6,8,0,0,0,1,0,1,19,0,0,6,11,4,12.0,0,0,6,14,3,11.0,0,10.8,1.4,1.74,Dropout,0,1,0.6666666666666666,0.33333333333333337,0.5,0.5,-1.0,-1,2.23
1,8,2,16,1,1,1,1,28,5,9,1,0,0,1,0,0,19,0,0,6,10,5,12.6,0,0,6,7,5,11.2,0,10.8,1.4,1.74,Graduate,2,0,0.8333333333333334,0.16666666666666663,0.8333333333333334,0.16666666666666663,-1.4000000000000004,0,1.75
1,1,5,10,1,3,1,1,28,10,4,0,0,1,1,0,0,18,0,0,6,6,6,12.166666666666666,0,0,6,6,6,12.333333333333334,0,10.8,1.4,1.74,Graduate,2,0,1.0,0.0,1.0,0.0,0.16666666666666785,0,1.25
1,1,2,16,1,1,1,13,1,32,16,1,0,0,1,0,0,20,0,0,7,8,6,13.5,0,0,7,8,6,14.0,0,11.1,0.6,2.02,Enrolled,1,0,0.8571428571428571,0.1428571428571429,0.8571428571428571,0.1428571428571429,0.5,0,0.88
1,1,5,12,1,1,1,23,28,10,10,1,0,0,1,0,1,18,0,0,8,8,8,13.76375,0,0,8,8,8,13.76375,0,9.4,-0.8,-3.12,Graduate,2,0,1.0,0.0,1.0,0.0,0.0,0,0.0
1,8,6,13,1,1,1,23,28,6,6,1,0,0,1,0,1,19,0,0,7,11,6,12.4,0,0,7,8,6,12.8,0,11.1,0.6,2.02,Graduate,2,0,0.8571428571428571,0.1428571428571429,0.8571428571428571,0.1428571428571429,0.40000000000000036,0,1.59
1,8,3,9,1,1,1,3,28,3,11,1,0,0,1,0,0,18,0,0,5,16,4,10.666666666666666,0,0,5,11,2,12.0,0,13.9,-0.3,0.79,Enrolled,1,0,0.8,0.19999999999999996,0.4,0.6,1.333333333333334,-2,2.62
1,1,2,12,1,1,1,22,27,10,10,1,0,0,1,0,0,18,0,0,7,7,6,14.333333333333334,0,0,7,7,6,14.333333333333334,0,7.6,2.6,0.32,Graduate,2,0,0.8571428571428571,0.1428571428571429,0.8571428571428571,0.1428571428571429,0.0,0,0.5
1,1,1,6,1,1,1,1,27,5,10,1,0,0,1,0,0,21,0,0,6,12,4,12.5,0,0,6,13,2,12.666666666666666,0,11.1,0.6,2.02,Enrolled,1,0,0.6666666666666666,0.33333333333333337,0.3333333333333333,0.6666666666666667,0.16666666666666607,-2,2.33
1,8,1,11,1,1,1,19,28,1,8,1,0,1,0,0,0,19,0,0,6,14,1,10.0,0,0,6,13,0,0.0,0,7.6,2.6,0.32,Dropout,0,1,0.16666666666666666,0.8333333333333334,0.0,1.0,-10.0,-1,5.75
1,1,4,12,1,1,1,1,1,4,4,1,0,0,1,0,0,21,0,0,7,8,7,14.69625,0,0,8,9,8,14.622222222222224,0,12.4,0.5,1.79,Graduate,2,0,1.0,0.0,1.0,0.0,-0.07402777777777558,1,0.44
1,1,1,6,1,1,1,4,1,3,10,0,0,0,1,0,0,18,0,0,6,14,4,11.5,0,0,6,17,3,13.75,0,11.1,0.6,2.02,Enrolled,1,0,0.6666666666666666,0.33333333333333337,0.5,0.5,2.25,-1,2.5
1,8,3,13,1,1,1,13,28,10,8,0,0,0,1,0,1,18,0,0,7,9,7,12.855555555555556,0,0,8,8,8,13.9125,0,12.7,3.7,-1.7,Graduate,2,0,1.0,0.0,1.0,0.0,1.0569444444444436,1,0.78
1,1,1,12,1,1,1,1,1,4,11,0,0,0,1,0,0,18,0,0,7,7,7,13.7,0,0,8,9,8,13.994444444444444,0,11.1,0.6,2.02,Graduate,2,0,1.0,0.0,1.0,0.0,0.2944444444444443,1,0.0
1,1,1,8,1,1,1,3,1,2,4,0,0,0,0,0,0,23,0,0,5,9,0,0.0,3,1,5,10,1,12.0,3,10.8,1.4,1.74,Dropout,0,1,0.0,1.0,0.2,0.8,12.0,1,7.95
1,1,1,10,1,1,1,13,27,8,8,1,0,0,1,0,0,20,0,0,6,13,3,11.2,0,0,6,9,4,12.0,0,16.2,0.3,-0.92,Enrolled,1,0,0.5,0.5,0.6666666666666666,0.33333333333333337,0.8000000000000007,1,2.69
1,1,1,12,1,1,1,23,28,6,6,0,0,0,1,0,0,18,0,0,7,7,7,13.285714285714286,0,0,8,9,8,13.333333333333334,0,16.2,0.3,-0.92,Graduate,2,0,1.0,0.0,1.0,0.0,0.04761904761904745,1,0.0
1,8,2,16,1,1,1,1,14,3,11,1,0,0,1,0,0,19,0,0,6,9,5,13.0,0,0,6,8,5,10.4,0,7.6,2.6,0.32,Enrolled,1,0,0.8333333333333334,0.16666666666666663,0.8333333333333334,0.16666666666666663,-2.5999999999999996,0,1.56
1,12,1,12,1,1,1,1,28,4,8,0,0,0,1,0,1,27,0,0,7,8,6,12.6,0,0,7,9,6,11.685714285714283,0,12.4,0.5,1.79,Enrolled,1,0,0.8571428571428571,0.1428571428571429,0.8571428571428571,0.1428571428571429,-0.9142857142857164,0,0.88
1,8,1,9,1,1,1,22,27,10,7,1,0,1,0,0,1,19,0,0,5,5,5,12.8,0,0,5,5,4,12.0,0,11.1,0.6,2.02,Enrolled,1,0,1.0,0.0,0.8,0.19999999999999996,-0.8000000000000007,-1,2.5
1,14,1,8,1,1,1,1,14,10,10,1,0,0,1,0,0,21,0,0,6,14,5,11.5,1,0,6,13,5,11.0,1,15.5,2.8,-4.06,Dropout,0,1,0.8333333333333334,0.16666666666666663,0.8333333333333334,0.16666666666666663,-0.5,0,2.58
1,9,1,12,1,1,1,22,28,8,9,1,0,0,1,0,1,19,0,0,8,8,7,11.4,0,0,8,8,7,11.4,0,10.8,1.4,1.74,Graduate,2,0,0.875,0.125,0.875,0.125,0.0,0,0.44
1,15,1,10,1,1,1,22,27,7,10,0,0,0,1,0,1,21,0,3,6,6,6,12.333333333333334,0,2,6,8,6,11.333333333333334,0,13.9,-0.3,0.79,Graduate,2,0,1.0,0.0,1.0,0.0,-1.0,0,0.0
1,1,5,15,1,1,1,13,14,10,10,1,0,0,1,0,0,18,0,0,6,7,5,12.8,0,0,6,10,4,12.2,0,10.8,1.4,1.74,Graduate,2,0,0.8333333333333334,0.16666666666666663,0.6666666666666666,0.33333333333333337,-0.6000000000000014,-1,1.0
1,8,1,6,1,1,1,13,28,8,8,1,0,0,1,0,1,20,0,0,5,8,5,12.0,1,0,5,8,4,15.0,1,12.7,3.7,-1.7,Graduate,2,0,1.0,0.0,0.8,0.19999999999999996,3.0,-1,1.71
1,1,1,16,1,1,1,22,27,10,8,1,0,0,1,0,1,18,0,0,6,8,5,13.0,0,0,6,9,5,13.5,0,9.4,-0.8,-3.12,Graduate,2,0,0.8333333333333334,0.16666666666666663,0.8333333333333334,0.16666666666666663,0.5,0,1.31
1,8,1,5,1,1,1,1,1,5,9,1,0,1,0,0,1,18,0,0,6,6,6,11.833333333333334,0,0,6,8,6,11.0,0,12.7,3.7,-1.7,Dropout,0,1,1.0,0.0,1.0,0.0,-0.8333333333333339,0,2.5
1,1,3,6,1,1,1,1,3,5,5,1,0,0,1,0,0,18,0,0,6,8,6,14.0,0,0,6,9,6,13.333333333333334,0,8.9,1.4,3.51,Graduate,2,0,1.0,0.0,1.0,0.0,-0.6666666666666661,0,0.88
1,8,4,15,1,1,1,1,1,4,4,1,0,0,1,0,1,18,0,0,6,6,6,12.333333333333334,0,0,6,6,6,13.5,0,16.2,0.3,-0.92,Graduate,2,0,1.0,0.0,1.0,0.0,1.166666666666666,0,0.0
1,1,3,12,1,1,1,1,1,8,8,1,0,0,1,0,1,19,0,0,7,10,5,13.04,0,0,7,7,7,12.5,0,12.4,0.5,1.79,Enrolled,1,0,0.7142857142857143,0.2857142857142857,1.0,0.0,-0.5399999999999991,2,1.75
1,17,1,6,1,16,1,13,28,9,10,1,0,1,0,0,0,23,0,7,11,18,11,13.166666666666666,0,4,9,15,8,13.333333333333334,0,8.9,1.4,3.51,Enrolled,1,0,1.0,0.0,0.8888888888888888,0.11111111111111116,0.16666666666666785,-3,3.86
1,12,1,6,1,12,1,13,14,5,10,1,0,0,1,0,1,24,0,1,6,7,6,12.5,0,0,6,11,6,12.833333333333334,0,8.9,1.4,3.51,Graduate,2,0,1.0,0.0,1.0,0.0,0.3333333333333339,0,0.5
1,1,1,2,1,1,1,1,1,4,4,1,0,0,1,0,0,19,0,0,0,0,0,0.0,0,0,0,0,0,0.0,0,10.8,1.4,1.74,Graduate,2,0,0.0,1.0,0.0,1.0,0.0,0,5.5
1,1,3,12,1,1,1,13,14,10,10,1,0,0,1,0,0,18,0,0,8,8,7,15.657142857142857,0,0,8,8,7,15.657142857142857,0,12.7,3.7,-1.7,Graduate,2,0,0.875,0.125,0.875,0.125,0.0,0,0.44
1,1,2,5,1,1,1,1,14,5,4,0,0,0,1,0,0,19,0,0,6,6,6,12.166666666666666,0,0,6,6,6,11.333333333333334,0,12.7,3.7,-1.7,Graduate,2,0,1.0,0.0,1.0,0.0,-0.8333333333333321,0,0.0
1,8,2,16,1,1,1,23,14,5,10,1,0,0,1,0,0,19,0,0,6,0,0,0.0,0,0,6,0,0,0.0,0,10.8,1.4,1.74,Dropout,0,1,0.0,1.0,0.0,1.0,0.0,0,5.5
1,1,1,10,1,1,1,1,28,6,9,0,0,0,1,0,1,20,0,0,6,11,5,10.6,0,0,6,9,5,11.166666666666666,0,11.1,0.6,2.02,Enrolled,1,0,0.8333333333333334,0.16666666666666663,0.8333333333333334,0.16666666666666663,0.5666666666666664,0,1.91
1,1,1,6,1,1,1,1,10,5,6,0,0,0,1,0,0,20,0,0,6,10,6,13.428571428571429,0,0,6,11,5,12.666666666666666,0,13.9,-0.3,0.79,Enrolled,1,0,1.0,0.0,0.8333333333333334,0.16666666666666663,-0.7619047619047628,-1,1.4
1,12,1,15,1,1,1,19,27,1,1,0,0,0,1,0,0,26,0,0,6,8,4,11.75,0,0,6,12,0,0.0,0,7.6,2.6,0.32,Dropout,0,1,0.6666666666666666,0.33333333333333337,0.0,1.0,-11.75,-4,1.75
1,12,1,11,1,12,1,13,1,10,6,0,0,1,0,1,0,36,0,0,5,10,0,0.0,0,0,5,5,0,0.0,0,15.5,2.8,-4.06,Dropout,0,1,0.0,1.0,0.0,1.0,0.0,0,8.0
1,8,1,2,1,1,1,1,1,5,11,0,0,0,0,1,0,19,0,0,0,0,0,0.0,0,0,0,0,0,0.0,0,10.8,1.4,1.74,Dropout,0,1,0.0,1.0,0.0,1.0,0.0,0,6.75
1,13,1,7,1,1,1,13,27,10,10,0,0,0,0,1,0,27,0,0,5,0,0,0.0,0,0,5,0,0,0.0,0,15.5,2.8,-4.06,Dropout,0,1,0.0,1.0,0.0,1.0,0.0,0,6.75
1,1,4,7,1,1,1,3,1,15,31,0,0,0,1,1,0,18,0,0,5,9,1,13.0,0,0,5,5,0,0.0,0,8.9,1.4,3.51,Dropout,0,1,0.2,0.8,0.0,1.0,-13.0,-1,3.11
1,1,4,12,1,1,1,22,28,10,10,1,0,0,1,1,1,18,0,0,8,8,7,13.331428571428573,0,0,8,8,7,13.331428571428573,0,10.8,1.4,1.74,Graduate,2,0,0.875,0.125,0.875,0.125,0.0,0,0.44
1,12,1,5,1,1,1,23,28,6,6,0,0,0,1,1,0,28,0,0,6,0,0,0.0,0,0,6,0,0,0.0,0,12.4,0.5,1.79,Dropout,0,1,0.0,1.0,0.0,1.0,0.0,0,5.5
1,15,1,2,1,14,1,13,1,10,10,1,0,0,1,1,0,21,0,0,0,0,0,0.0,0,0,0,0,0,0.0,0,12.4,0.5,1.79,Graduate,2,0,0.0,1.0,0.0,1.0,0.0,0,5.5
1,1,1,12,1,1,1,13,27,5,10,0,0,0,1,1,0,19,0,0,7,7,6,13.7,0,0,7,7,6,13.7,0,7.6,2.6,0.32,Graduate,2,0,0.8571428571428571,0.1428571428571429,0.8571428571428571,0.1428571428571429,0.0,0,0.5
1,12,1,14,1,7,1,6,16,4,4,0,0,1,0,1,0,26,0,0,5,5,0,0.0,0,0,5,5,0,0.0,5,9.4,-0.8,-3.12,Dropout,0,1,0.0,1.0,0.0,1.0,0.0,0,8.0
1,16,1,7,1,1,1,1,14,4,6,1,0,0,1,1,0,20,0,4,9,12,9,13.454545454545457,0,2,7,9,6,13.875,0,11.1,0.6,2.02,Dropout,0,1,1.0,0.0,0.8571428571428571,0.1428571428571429,0.4204545454545432,-3,0.88
1,1,6,12,1,1,1,23,28,10,10,1,0,0,1,1,0,19,0,0,8,8,7,12.2,0,0,8,8,7,12.2,0,12.7,3.7,-1.7,Graduate,2,0,0.875,0.125,0.875,0.125,0.0,0,0.44
1,1,1,9,1,1,1,13,14,8,4,1,0,0,1,1,0,21,0,0,5,8,3,10.0,0,0,5,10,4,11.0,0,12.7,3.7,-1.7,Dropout,0,1,0.6,0.4,0.8,0.19999999999999996,1.0,1,2.19
1,17,1,14,1,16,1,1,14,10,10,0,0,0,1,1,1,23,0,0,6,7,5,13.0,0,0,6,7,6,12.857142857142858,0,8.9,1.4,3.51,Graduate,2,0,0.8333333333333334,0.16666666666666663,1.0,0.0,-0.14285714285714235,1,1.0
1,12,1,3,0,13,1,23,27,5,9,0,0,0,1,1,0,29,0,0,6,11,6,12.0,0,0,6,6,6,14.0,0,11.1,0.6,2.02,Graduate,2,0,1.0,0.0,1.0,0.0,2.0,0,1.59
1,1,1,12,1,1,1,1,1,10,10,0,0,0,1,1,0,20,0,0,8,8,7,15.028571428571428,0,0,8,8,7,15.028571428571428,0,12.7,3.7,-1.7,Graduate,2,0,0.875,0.125,0.875,0.125,0.0,0,0.44
1,1,1,10,1,1,1,1,14,6,10,0,0,0,1,1,0,18,0,0,6,8,6,12.0,0,0,6,7,6,11.714285714285714,0,15.5,2.8,-4.06,Graduate,2,0,1.0,0.0,1.0,0.0,-0.2857142857142865,0,0.88
1,1,1,15,1,1,1,1,28,4,6,1,0,0,1,1,0,19,0,0,6,8,5,12.0,0,0,6,8,5,12.4,0,9.4,-0.8,-3.12,Graduate,2,0,0.8333333333333334,0.16666666666666663,0.8333333333333334,0.16666666666666663,0.40000000000000036,0,1.31
1,4,1,13,1,3,1,1,27,5,9,0,0,0,0,1,0,23,0,3,7,7,3,13.666666666666666,0,3,8,8,3,11.333333333333334,4,10.8,1.4,1.74,Dropout,0,1,0.42857142857142855,0.5714285714285714,0.375,0.625,-2.333333333333332,0,3.25
1,1,1,2,1,1,1,23,1,6,2,0,0,0,1,1,0,21,0,0,0,0,0,0.0,0,0,0,0,0,0.0,0,13.9,-0.3,0.79,Dropout,0,1,0.0,1.0,0.0,1.0,0.0,0,5.5
1,8,1,9,1,1,1,1,1,10,4,1,0,0,1,1,0,18,0,0,5,6,5,12.0,0,0,5,7,4,12.5,0,15.5,2.8,-4.06,Enrolled,1,0,1.0,0.0,0.8,0.19999999999999996,0.5,-1,0.58
1,1,1,2,1,1,1,22,14,8,8,1,0,0,1,1,1,18,0,0,0,0,0,0.0,0,0,0,0,0,0.0,0,10.8,1.4,1.74,Graduate,2,0,0.0,1.0,0.0,1.0,0.0,0,5.5
1,1,5,5,1,1,1,13,27,6,6,1,0,1,0,1,0,21,0,0,6,6,1,14.0,0,0,6,7,0,0.0,7,9.4,-0.8,-3.12,Dropout,0,1,0.16666666666666666,0.8333333333333334,0.0,1.0,-14.0,-1,5.42
1,16,1,10,1,1,1,1,1,6,10,0,0,0,1,1,0,22,0,0,6,6,0,0.0,0,0,6,7,0,0.0,0,11.1,0.6,2.02,Dropout,0,1,0.0,1.0,0.0,1.0,0.0,0,5.5
1,9,1,13,1,1,1,3,14,3,9,1,0,0,1,1,0,21,0,0,7,8,7,12.375,0,0,7,11,5,12.583333333333334,0,8.9,1.4,3.51,Graduate,2,0,1.0,0.0,0.7142857142857143,0.2857142857142857,0.20833333333333393,-2,0.44
1,12,1,12,1,1,1,23,14,10,10,1,0,0,0,1,0,32,0,0,7,0,0,0.0,0,0,8,0,0,0.0,0,16.2,0.3,-0.92,Dropout,0,1,0.0,1.0,0.0,1.0,0.0,0,6.75
1,4,1,4,1,3,1,1,14,5,2,1,0,0,1,1,0,27,0,14,18,21,18,11.421052631578949,0,10,13,16,13,11.076923076923077,1,15.5,2.8,-4.06,Graduate,2,0,1.0,0.0,1.0,0.0,-0.344129554655872,-5,0.5
1,1,1,12,1,1,1,13,28,10,9,1,0,0,1,1,0,18,0,0,7,7,6,13.35,0,0,7,7,6,13.35,0,7.6,2.6,0.32,Graduate,2,0,0.8571428571428571,0.1428571428571429,0.8571428571428571,0.1428571428571429,0.0,0,0.5
1,12,1,5,1,1,1,1,1,6,4,1,0,0,1,1,1,24,0,0,6,6,6,15.0,0,0,6,6,2,16.0,0,15.5,2.8,-4.06,Graduate,2,0,1.0,0.0,0.3333333333333333,0.6666666666666667,1.0,-4,0.0
1,1,1,8,1,1,1,13,27,2,10,1,0,0,1,1,0,22,0,0,5,9,2,10.5,0,0,5,5,0,0.0,0,12.7,3.7,-1.7,Dropout,0,1,0.4,0.6,0.0,1.0,-10.5,-2,2.72
1,14,1,8,1,1,1,2,3,4,3,1,0,0,0,1,0,22,0,0,6,0,0,0.0,0,0,4,6,0,0.0,2,10.8,1.4,1.74,Dropout,0,1,0.0,1.0,0.0,1.0,0.0,0,6.75
1,1,3,9,1,1,1,22,27,10,6,1,0,0,1,1,0,19,0,0,5,8,5,13.25,0,0,5,6,5,11.833333333333334,0,13.9,-0.3,0.79,Graduate,2,0,1.0,0.0,1.0,0.0,-1.416666666666666,0,1.31
1,8,6,7,1,1,1,22,11,5,12,1,0,0,1,1,0,19,0,0,5,10,0,0.0,0,0,5,5,0,0.0,0,7.6,2.6,0.32,Dropout,0,1,0.0,1.0,0.0,1.0,0.0,0,5.5
1,1,2,6,1,1,1,1,14,4,4,1,0,0,1,1,0,21,0,0,5,7,4,11.5,0,0,5,15,3,10.6,4,10.8,1.4,1.74,Enrolled,1,0,0.8,0.19999999999999996,0.6,0.4,-0.9000000000000004,-1,1.5
1,1,2,12,1,1,1,1,1,3,8,1,0,0,1,0,1,18,0,0,8,8,8,13.88125,0,0,8,8,8,13.88125,0,9.4,-0.8,-3.12,Graduate,2,0,1.0,0.0,1.0,0.0,0.0,0,0.0
1,1,2,11,1,1,1,3,14,4,11,1,0,0,1,0,0,18,0,0,6,8,6,11.333333333333334,0,0,6,8,5,12.6,0,9.4,-0.8,-3.12,Graduate,2,0,1.0,0.0,0.8333333333333334,0.16666666666666663,1.2666666666666657,-1,0.88
1,1,1,2,1,1,1,13,14,10,10,1,0,1,1,0,0,20,0,0,0,0,0,0.0,0,0,0,0,0,0.0,0,16.2,0.3,-0.92,Dropout,0,1,0.0,1.0,0.0,1.0,0.0,0,6.75
1,8,1,10,1,1,1,1,14,5,10,1,0,0,1,0,0,19,0,0,6,7,6,12.857142857142858,0,0,6,7,6,13.666666666666666,0,13.9,-0.3,0.79,Graduate,2,0,1.0,0.0,1.0,0.0,0.8095238095238084,0,0.5
1,8,5,15,1,1,1,23,28,29,39,1,0,1,1,0,0,19,0,0,6,6,5,11.6,0,0,6,6,6,12.5,0,8.9,1.4,3.51,Graduate,2,0,0.8333333333333334,0.16666666666666663,1.0,0.0,0.9000000000000004,1,1.83
1,8,1,11,1,1,1,10,1,10,4,1,0,0,1,0,1,18,0,0,6,9,5,11.4,0,0,6,6,6,11.333333333333334,0,12.4,0.5,1.79,Graduate,2,0,0.8333333333333334,0.16666666666666663,1.0,0.0,-0.06666666666666643,1,1.56
1,1,1,8,1,1,1,1,1,4,10,1,0,0,1,0,0,20,0,0,6,11,6,13.333333333333334,0,0,6,10,6,13.0,0,16.2,0.3,-0.92,Enrolled,1,0,1.0,0.0,1.0,0.0,-0.3333333333333339,0,1.59
1,15,1,5,1,14,1,10,27,4,10,0,0,1,1,0,1,22,0,2,7,7,7,13.571428571428571,0,5,9,9,9,13.77777777777778,0,12.4,0.5,1.79,Graduate,2,0,1.0,0.0,1.0,0.0,0.20634920634920917,2,1.25
2,12,1,13,1,12,1,22,28,10,10,0,0,0,1,0,0,31,0,0,7,13,6,11.833333333333334,0,0,7,8,7,12.228571428571428,0,12.4,0.5,1.79,Graduate,2,0,0.8571428571428571,0.1428571428571429,1.0,0.0,0.39523809523809383,1,1.88
1,8,1,16,1,1,1,13,14,10,9,0,0,0,1,0,1,19,0,0,7,7,7,14.428571428571429,0,0,7,7,7,14.142857142857142,0,16.2,0.3,-0.92,Graduate,2,0,1.0,0.0,1.0,0.0,-0.2857142857142865,0,0.0
1,1,2,2,1,1,1,1,3,4,4,1,0,0,1,0,0,18,0,0,0,0,0,0.0,0,0,0,0,0,0.0,0,12.4,0.5,1.79,Enrolled,1,0,0.0,1.0,0.0,1.0,0.0,0,5.5
1,1,2,11,1,1,1,23,28,10,8,1,0,0,1,0,1,18,0,0,6,8,6,12.285714285714286,0,0,6,9,5,12.4,0,8.9,1.4,3.51,Graduate,2,0,1.0,0.0,0.8333333333333334,0.16666666666666663,0.11428571428571388,-1,0.88
1,1,1,6,1,1,1,10,1,2,12,0,0,0,1,0,0,21,0,0,5,7,5,14.4,0,0,5,5,5,13.8,0,7.6,2.6,0.32,Graduate,2,0,1.0,0.0,1.0,0.0,-0.5999999999999996,0,1.0
1,8,5,12,1,1,1,23,1,10,8,1,0,0,1,0,1,18,0,0,7,8,7,13.15,0,0,8,9,8,15.06875,0,13.9,-0.3,0.79,Graduate,2,0,1.0,0.0,1.0,0.0,1.9187499999999993,1,0.44
1,15,1,9,1,14,9,2,27,3,9,0,0,1,0,1,0,25,1,0,5,6,0,0.0,0,0,5,5,0,0.0,0,15.5,2.8,-4.06,Dropout,0,1,0.0,1.0,0.0,1.0,0.0,0,8.0
1,6,1,7,1,1,14,1,3,6,9,0,0,1,1,1,0,21,1,0,5,5,0,0.0,0,0,6,8,0,0.0,0,11.1,0.6,2.02,Dropout,0,1,0.0,1.0,0.0,1.0,0.0,0,6.75
1,9,2,12,1,1,1,23,27,6,6,1,0,0,1,0,1,19,0,0,8,8,7,12.342857142857143,0,0,8,8,7,12.342857142857143,0,10.8,1.4,1.74,Graduate,2,0,0.875,0.125,0.875,0.125,0.0,0,0.44
1,1,2,15,1,1,1,23,1,10,10,1,0,0,1,0,0,19,0,0,6,6,5,12.2,0,0,6,7,5,10.8,0,10.8,1.4,1.74,Enrolled,1,0,0.8333333333333334,0.16666666666666663,0.8333333333333334,0.16666666666666663,-1.3999999999999986,0,0.58
1,8,1,11,1,1,1,9,24,6,1,1,0,0,1,0,0,22,0,0,6,10,4,10.5,0,0,6,14,1,11.0,0,7.6,2.6,0.32,Dropout,0,1,0.6666666666666666,0.33333333333333337,0.16666666666666666,0.8333333333333334,0.5,-3,2.1
1,6,1,9,1,1,1,23,1,10,2,0,0,0,1,1,0,19,0,0,5,5,5,10.6,0,0,5,8,5,11.6,0,12.4,0.5,1.79,Graduate,2,0,1.0,0.0,1.0,0.0,1.0,0,0.0
1,12,1,3,0,12,1,22,27,10,6,0,0,0,1,0,0,58,0,0,6,6,0,0.0,0,0,6,6,0,0.0,0,11.1,0.6,2.02,Dropout,0,1,0.0,1.0,0.0,1.0,0.0,0,5.5
1,7,2,10,1,1,1,13,27,10,8,1,0,0,1,0,1,19,0,0,6,8,4,11.25,0,0,6,6,6,12.0,0,10.8,1.4,1.74,Graduate,2,0,0.6666666666666666,0.33333333333333337,1.0,0.0,0.75,2,1.75
1,14,1,14,1,1,9,22,27,10,10,1,0,0,1,1,0,23,1,3,9,11,6,10.5,0,4,10,10,10,11.7,0,9.4,-0.8,-3.12,Graduate,2,0,0.6666666666666666,0.33333333333333337,1.0,0.0,1.1999999999999993,4,1.59
1,1,2,15,1,1,1,22,27,10,10,1,0,0,1,0,1,19,0,0,6,11,4,11.0,0,0,6,11,3,11.666666666666666,0,9.4,-0.8,-3.12,Enrolled,1,0,0.6666666666666666,0.33333333333333337,0.5,0.5,0.6666666666666661,-1,2.23
1,9,3,12,1,1,1,13,1,5,8,1,0,0,1,0,0,18,0,0,7,7,7,13.457142857142856,0,0,8,8,8,14.5125,0,13.9,-0.3,0.79,Graduate,2,0,1.0,0.0,1.0,0.0,1.0553571428571438,1,0.0
1,1,2,6,1,1,1,13,14,12,12,0,0,0,1,0,0,20,0,0,5,6,5,12.6,0,0,5,8,4,12.333333333333334,0,7.6,2.6,0.32,Graduate,2,0,1.0,0.0,0.8,0.19999999999999996,-0.2666666666666657,-1,0.58
1,8,5,6,1,1,1,13,14,12,8,0,0,0,0,0,0,18,0,0,6,0,0,0.0,0,0,6,0,0,0.0,0,12.7,3.7,-1.7,Dropout,0,1,0.0,1.0,0.0,1.0,0.0,0,6.75
1,8,1,14,1,1,1,3,14,6,6,0,0,0,1,0,0,18,0,0,6,6,6,13.666666666666666,0,0,6,8,5,13.6,0,8.9,1.4,3.51,Graduate,2,0,1.0,0.0,0.8333333333333334,0.16666666666666663,-0.06666666666666643,-1,0.0
1,8,4,9,1,1,1,13,14,6,8,1,0,1,1,0,1,18,0,0,5,5,5,11.6,0,0,5,5,5,11.8,0,11.1,0.6,2.02,Graduate,2,0,1.0,0.0,1.0,0.0,0.20000000000000107,0,1.25
1,12,1,8,1,1,1,23,28,10,11,0,0,0,1,0,0,24,0,0,6,9,6,12.571428571428571,0,0,6,10,5,12.833333333333334,0,11.1,0.6,2.02,Dropout,0,1,1.0,0.0,0.8333333333333334,0.16666666666666663,0.26190476190476275,-1,1.17
1,8,4,16,1,1,1,22,27,10,6,1,0,0,1,0,0,18,0,0,6,7,5,11.8,0,0,6,7,5,11.4,0,10.8,1.4,1.74,Dropout,0,1,0.8333333333333334,0.16666666666666663,0.8333333333333334,0.16666666666666663,-0.40000000000000036,0,1.0
1,1,3,9,1,1,1,1,28,6,8,1,0,0,1,0,1,19,0,0,5,5,5,11.6,0,0,5,11,3,12.666666666666666,0,9.4,-0.8,-3.12,Enrolled,1,0,1.0,0.0,0.6,0.4,1.0666666666666664,-2,0.0
1,8,3,10,1,1,1,13,28,10,8,1,0,0,1,0,1,19,0,0,6,8,6,11.333333333333334,0,0,6,6,6,11.833333333333334,0,8.9,1.4,3.51,Graduate,2,0,1.0,0.0,1.0,0.0,0.5,0,0.88
1,1,1,11,1,1,1,23,28,7,7,1,0,0,1,0,0,18,0,0,6,6,6,10.666666666666666,0,0,6,6,6,11.5,0,7.6,2.6,0.32,Graduate,2,0,1.0,0.0,1.0,0.0,0.8333333333333339,0,0.0
1,1,2,8,1,1,1,13,27,10,10,1,0,0,1,0,0,18,0,0,5,10,4,13.5,1,0,5,5,5,13.4,0,12.7,3.7,-1.7,Enrolled,1,0,0.8,0.19999999999999996,1.0,0.0,-0.09999999999999964,1,2.5
1,1,1,2,1,1,1,13,14,6,6,1,0,0,1,0,1,19,0,0,0,0,0,0.0,0,0,0,0,0,0.0,0,10.8,1.4,1.74,Graduate,2,0,0.0,1.0,0.0,1.0,0.0,0,5.5
1,15,1,6,1,1,1,4,4,3,7,0,0,0,1,0,0,22,0,2,6,9,6,13.333333333333334,0,1,6,9,4,11.5,0,13.9,-0.3,0.79,Graduate,2,0,1.0,0.0,0.6666666666666666,0.33333333333333337,-1.833333333333334,-2,1.17
1,1,1,11,1,1,1,2,27,2,2,1,0,0,1,0,0,19,0,0,6,9,5,13.4,0,0,6,16,2,13.5,0,10.8,1.4,1.74,Enrolled,1,0,0.8333333333333334,0.16666666666666663,0.3333333333333333,0.6666666666666667,0.09999999999999964,-3,1.56
3,8,1,10,1,1,1,22,27,10,10,1,0,0,1,0,1,21,0,0,6,8,3,10.2,0,0,6,13,4,12.25,0,12.7,3.7,-1.7,Enrolled,1,0,0.5,0.5,0.6666666666666666,0.33333333333333337,2.0500000000000007,1,2.19
1,8,1,15,1,1,1,13,28,10,8,1,0,0,1,0,1,21,0,0,6,6,5,13.0,0,0,6,7,6,12.833333333333334,0,8.9,1.4,3.51,Graduate,2,0,0.8333333333333334,0.16666666666666663,1.0,0.0,-0.16666666666666607,1,0.58
1,1,3,12,1,1,1,23,28,6,8,1,0,0,1,0,1,18,0,0,8,11,7,12.90857142857143,0,0,8,11,7,12.90857142857143,0,10.8,1.4,1.74,Graduate,2,0,0.875,0.125,0.875,0.125,0.0,0,1.27
1,1,5,16,1,1,1,1,10,5,10,1,0,0,1,0,0,20,0,0,6,12,4,12.0,0,0,6,11,1,10.0,0,10.8,1.4,1.74,Dropout,0,1,0.6666666666666666,0.33333333333333337,0.16666666666666666,0.8333333333333334,-2.0,-3,2.33
1,1,3,11,1,1,1,22,28,8,8,1,0,0,1,0,1,18,0,0,6,9,6,10.833333333333334,0,0,6,8,5,11.0,0,7.6,2.6,0.32,Enrolled,1,0,1.0,0.0,0.8333333333333334,0.16666666666666663,0.16666666666666607,-1,1.17
1,7,3,5,1,1,1,1,28,5,9,1,0,0,1,0,0,19,0,0,6,6,6,15.333333333333334,0,0,6,9,6,15.833333333333334,0,12.7,3.7,-1.7,Graduate,2,0,1.0,0.0,1.0,0.0,0.5,0,0.0
1,1,2,12,1,1,1,1,28,10,10,1,0,0,1,0,1,18,0,0,7,9,6,12.816666666666668,0,0,8,11,6,12.875,0,11.1,0.6,2.02,Enrolled,1,0,0.8571428571428571,0.1428571428571429,0.75,0.25,0.058333333333331794,0,1.17
1,6,1,9,1,1,14,26,1,4,5,0,0,1,0,1,0,26,1,6,7,7,6,13.0,0,2,6,6,2,14.0,0,11.1,0.6,2.02,Dropout,0,1,0.8571428571428571,0.1428571428571429,0.3333333333333333,0.6666666666666667,1.0,-4,3.0
1,6,1,7,1,1,13,1,3,21,31,0,0,1,1,0,0,19,1,0,6,11,2,13.5,1,0,5,11,2,11.0,0,8.9,1.4,3.51,Enrolled,1,0,0.3333333333333333,0.6666666666666667,0.4,0.6,-2.5,0,4.45
2,12,1,3,0,1,1,22,27,10,10,0,0,0,1,0,0,35,0,0,6,7,6,12.5,0,0,6,6,6,12.166666666666666,0,15.5,2.8,-4.06,Graduate,2,0,1.0,0.0,1.0,0.0,-0.3333333333333339,0,0.5
1,9,1,14,1,1,1,1,1,10,10,1,0,0,1,0,1,19,0,0,6,7,6,13.0,0,0,6,6,6,14.333333333333334,0,12.4,0.5,1.79,Graduate,2,0,1.0,0.0,1.0,0.0,1.333333333333334,0,0.5
1,1,1,6,1,1,1,23,27,10,7,1,0,0,1,1,0,18,0,0,5,6,4,11.75,0,0,5,10,5,12.571428571428571,1,10.8,1.4,1.74,Graduate,2,0,0.8,0.19999999999999996,1.0,0.0,0.8214285714285712,1,1.17
1,1,5,14,1,1,1,13,14,8,4,0,0,0,1,1,0,19,0,0,5,5,4,12.5,0,0,5,5,4,14.25,0,7.6,2.6,0.32,Graduate,2,0,0.8,0.19999999999999996,0.8,0.19999999999999996,1.75,0,0.7
1,1,1,2,1,1,1,1,1,10,10,1,0,0,1,1,0,25,0,16,17,19,17,11.61111111111111,0,14,17,22,17,12.055555555555555,0,12.4,0.5,1.79,Graduate,2,0,1.0,0.0,1.0,0.0,0.44444444444444464,0,0.37
1,8,6,11,1,1,1,1,1,5,4,1,0,0,1,1,0,18,0,0,6,6,6,14.0,0,0,6,6,6,14.666666666666666,0,11.1,0.6,2.02,Graduate,2,0,1.0,0.0,1.0,0.0,0.6666666666666661,0,0.0
1,8,1,4,1,1,1,1,4,10,6,1,0,1,0,1,0,26,0,0,6,8,0,0.0,0,0,6,10,0,0.0,0,16.2,0.3,-0.92,Dropout,0,1,0.0,1.0,0.0,1.0,0.0,0,8.0
1,14,1,17,0,1,1,1,1,7,7,0,0,0,1,1,0,34,0,0,5,5,5,13.8,0,0,5,6,5,13.833333333333334,0,9.4,-0.8,-3.12,Graduate,2,0,1.0,0.0,1.0,0.0,0.033333333333333215,0,0.0
1,1,2,11,1,1,1,4,14,5,4,1,0,0,0,1,0,18,0,0,5,6,0,0.0,0,0,5,5,0,0.0,0,12.7,3.7,-1.7,Dropout,0,1,0.0,1.0,0.0,1.0,0.0,0,6.75
1,1,1,2,1,1,1,3,20,4,6,0,0,0,0,1,0,18,0,0,0,0,0,0.0,0,0,0,0,0,0.0,0,9.4,-0.8,-3.12,Dropout,0,1,0.0,1.0,0.0,1.0,0.0,0,6.75
1,8,3,7,1,1,1,1,14,5,4,1,0,0,1,1,1,18,0,0,5,9,4,12.25,0,0,5,9,3,12.333333333333334,0,8.9,1.4,3.51,Dropout,0,1,0.8,0.19999999999999996,0.6,0.4,0.08333333333333393,-1,1.94
1,15,1,4,1,14,1,22,27,10,5,0,0,0,1,1,0,20,0,0,6,12,3,11.5,0,0,6,12,3,13.666666666666666,0,12.4,0.5,1.79,Dropout,0,1,0.5,0.5,0.5,0.5,2.166666666666666,0,2.62
1,15,1,5,1,14,1,1,14,5,5,0,0,0,1,1,0,25,0,2,7,9,6,12.571428571428571,0,5,9,9,9,12.555555555555555,0,16.2,0.3,-0.92,Graduate,2,0,0.8571428571428571,0.1428571428571429,1.0,0.0,-0.015873015873015817,3,1.17
1,8,1,8,1,1,1,2,1,5,2,0,0,0,1,1,0,18,0,0,6,9,6,12.0,0,0,6,10,5,12.166666666666666,0,11.1,0.6,2.02,Dropout,0,1,1.0,0.0,0.8333333333333334,0.16666666666666663,0.16666666666666607,-1,1.17
1,1,1,4,1,1,1,13,27,10,10,1,0,0,1,1,0,19,0,8,12,17,11,12.0,2,4,12,21,12,12.307692307692308,0,15.5,2.8,-4.06,Graduate,2,0,0.9166666666666666,0.08333333333333337,1.0,0.0,0.3076923076923084,1,1.57
1,1,1,2,1,1,1,1,1,5,2,1,0,0,1,1,0,20,0,0,0,0,0,0.0,0,0,0,0,0,0.0,0,10.8,1.4,1.74,Dropout,0,1,0.0,1.0,0.0,1.0,0.0,0,5.5
1,9,2,10,1,1,1,13,27,6,8,1,0,0,1,1,1,20,0,1,7,9,6,12.0,0,2,6,6,6,11.166666666666666,0,10.8,1.4,1.74,Graduate,2,0,0.8571428571428571,0.1428571428571429,1.0,0.0,-0.8333333333333339,0,1.17
1,1,1,7,1,1,1,3,1,3,4,0,0,0,1,1,0,20,0,0,5,9,4,11.6,0,0,5,7,4,12.25,2,7.6,2.6,0.32,Enrolled,1,0,0.8,0.19999999999999996,0.8,0.19999999999999996,0.6500000000000004,0,1.94
1,1,2,9,1,1,1,1,27,5,10,1,0,0,1,1,1,19,0,0,5,5,0,0.0,0,0,5,5,0,0.0,0,11.1,0.6,2.02,Dropout,0,1,0.0,1.0,0.0,1.0,0.0,0,5.5
1,1,1,9,1,1,1,1,14,5,6,0,0,0,1,1,0,20,0,0,5,9,5,12.0,0,0,5,9,4,13.0,0,8.9,1.4,3.51,Enrolled,1,0,1.0,0.0,0.8,0.19999999999999996,1.0,-1,1.56
1,1,6,12,1,1,1,1,1,4,8,1,0,0,1,1,0,18,0,0,7,8,6,13.976666666666668,0,0,8,12,6,12.041666666666666,1,11.1,0.6,2.02,Enrolled,1,0,0.8571428571428571,0.1428571428571429,0.75,0.25,-1.9350000000000023,0,0.88
1,1,1,14,1,1,1,2,28,21,35,1,0,0,1,1,0,19,0,0,6,10,4,12.5,0,0,6,12,1,10.0,3,16.2,0.3,-0.92,Enrolled,1,0,0.6666666666666666,0.33333333333333337,0.16666666666666666,0.8333333333333334,-2.5,-3,2.1
1,9,1,9,1,1,1,22,27,8,8,1,0,0,0,1,0,20,0,0,5,5,0,0.0,0,0,5,0,0,0.0,0,9.4,-0.8,-3.12,Dropout,0,1,0.0,1.0,0.0,1.0,0.0,0,6.75
1,12,1,14,1,1,1,23,27,8,8,0,0,0,1,1,0,24,0,0,6,15,4,10.5,0,0,6,16,4,12.5,0,15.5,2.8,-4.06,Dropout,0,1,0.6666666666666666,0.33333333333333337,0.6666666666666666,0.33333333333333337,2.0,0,2.57
1,15,1,4,1,14,1,23,28,10,9,1,0,0,1,1,0,20,0,0,6,8,5,12.857142857142858,0,0,6,11,6,12.3,0,16.2,0.3,-0.92,Graduate,2,0,0.8333333333333334,0.16666666666666663,1.0,0.0,-0.5571428571428569,1,1.31
1,1,3,14,1,1,1,3,14,3,9,1,0,0,1,1,0,19,0,0,5,7,3,11.666666666666666,0,0,5,5,4,12.0,0,9.4,-0.8,-3.12,Enrolled,1,0,0.6,0.4,0.8,0.19999999999999996,0.3333333333333339,1,2.0
1,16,1,7,1,1,1,1,14,5,5,0,0,0,1,1,0,23,0,0,5,7,2,13.0,0,0,5,11,1,10.0,0,8.9,1.4,3.51,Dropout,0,1,0.4,0.6,0.2,0.8,-3.0,-1,2.5
1,8,2,11,1,1,1,13,14,5,4,1,0,0,1,1,0,20,0,0,6,8,6,11.833333333333334,0,0,6,9,5,10.4,0,7.6,2.6,0.32,Enrolled,1,0,1.0,0.0,0.8333333333333334,0.16666666666666663,-1.4333333333333336,-1,0.88
1,14,4,3,0,1,1,19,24,1,1,0,0,0,1,1,0,21,0,9,11,11,11,12.454545454545457,0,3,11,17,8,12.75,0,9.4,-0.8,-3.12,Graduate,2,0,1.0,0.0,0.7272727272727273,0.2727272727272727,0.2954545454545432,-3,0.0
1,8,2,7,1,1,1,8,10,10,10,1,0,0,1,1,0,20,0,0,5,6,3,11.0,0,0,5,6,0,0.0,0,10.8,1.4,1.74,Dropout,0,1,0.6,0.4,0.0,1.0,-11.0,-3,1.75
2,8,5,7,1,1,1,22,28,5,5,1,0,0,1,1,0,21,0,0,5,10,4,13.2,0,0,5,7,4,14.25,2,7.6,2.6,0.32,Enrolled,1,0,0.8,0.19999999999999996,0.8,0.19999999999999996,1.0500000000000007,0,2.1
1,1,1,15,1,1,1,1,14,10,8,0,0,0,1,1,1,18,0,0,6,6,6,15.5,0,0,6,6,6,14.166666666666666,0,11.1,0.6,2.02,Graduate,2,0,1.0,0.0,1.0,0.0,-1.333333333333334,0,0.0
1,1,3,11,1,1,1,1,1,5,4,1,0,0,1,1,0,18,0,0,6,8,6,12.333333333333334,0,0,6,6,6,13.666666666666666,0,11.1,0.6,2.02,Graduate,2,0,1.0,0.0,1.0,0.0,1.3333333333333321,0,0.88
1,8,1,9,1,1,1,3,28,4,8,1,0,0,1,1,0,18,0,0,5,13,5,12.0,0,0,5,9,4,11.4,0,13.9,-0.3,0.79,Enrolled,1,0,1.0,0.0,0.8,0.19999999999999996,-0.5999999999999996,-1,2.15
1,15,1,4,1,14,1,3,3,8,2,1,0,0,1,1,0,20,0,0,6,12,4,11.6,0,0,6,11,5,11.5,0,15.5,2.8,-4.06,Enrolled,1,0,0.6666666666666666,0.33333333333333337,0.8333333333333334,0.16666666666666663,-0.09999999999999964,1,2.33
1,8,1,15,1,1,1,13,28,5,10,0,0,0,1,1,1,18,0,0,6,7,6,11.333333333333334,0,0,6,8,6,12.285714285714286,0,16.2,0.3,-0.92,Graduate,2,0,1.0,0.0,1.0,0.0,0.9523809523809526,0,0.5
1,8,1,15,1,1,1,22,27,1,5,1,0,0,1,1,0,19,0,0,6,12,0,0.0,1,0,6,0,0,0.0,0,9.4,-0.8,-3.12,Dropout,0,1,0.0,1.0,0.0,1.0,0.0,0,5.83
1,8,1,7,1,1,1,1,3,10,11,1,0,0,1,1,0,20,0,0,5,7,4,12.0,0,0,5,8,2,12.5,0,10.8,1.4,1.74,Enrolled,1,0,0.8,0.19999999999999996,0.4,0.6,0.5,-2,1.5
1,8,1,8,1,1,1,13,28,5,8,0,0,0,1,1,0,19,0,0,5,11,4,12.0,1,0,5,9,5,12.6,0,9.4,-0.8,-3.12,Graduate,2,0,0.8,0.19999999999999996,1.0,0.0,0.5999999999999996,1,2.63
1,12,1,17,0,1,1,22,27,10,6,1,0,1,1,1,0,33,0,0,5,11,2,12.5,0,0,5,9,2,11.5,1,12.7,3.7,-1.7,Dropout,0,1,0.4,0.6,0.4,0.6,-1.0,0,4.11
1,16,1,2,1,1,1,2,1,4,4,1,0,0,1,1,0,21,0,6,12,12,12,13.666666666666666,0,4,11,16,11,13.0,0,8.9,1.4,3.51,Graduate,2,0,1.0,0.0,1.0,0.0,-0.6666666666666661,-1,0.0
2,12,1,4,1,1,1,1,14,5,5,0,0,1,0,1,0,25,0,0,6,17,2,14.5,2,0,6,13,0,0.0,1,15.5,2.8,-4.06,Dropout,0,1,0.3333333333333333,0.6666666666666667,0.0,1.0,-14.5,-2,6.25
1,1,1,6,1,1,1,1,1,5,10,1,0,0,1,1,1,20,0,0,6,10,4,13.2,0,0,6,8,0,0.0,0,12.4,0.5,1.79,Dropout,0,1,0.6666666666666666,0.33333333333333337,0.0,1.0,-13.2,-4,2.1
1,17,1,6,1,16,1,1,1,10,5,1,0,0,1,1,1,22,0,1,7,11,5,12.166666666666666,0,4,8,14,5,14.8,0,8.9,1.4,3.51,Dropout,0,1,0.7142857142857143,0.2857142857142857,0.625,0.375,2.6333333333333346,0,1.91
4,12,1,15,1,12,1,22,27,10,2,0,0,0,1,0,0,39,0,0,6,10,4,11.25,0,0,6,6,6,11.333333333333334,0,10.8,1.4,1.74,Graduate,2,0,0.6666666666666666,0.33333333333333337,1.0,0.0,0.08333333333333393,2,2.1
1,1,2,14,1,1,1,3,1,3,7,1,0,0,1,1,1,21,0,0,6,8,6,15.166666666666666,0,0,6,7,6,14.428571428571429,0,8.9,1.4,3.51,Graduate,2,0,1.0,0.0,1.0,0.0,-0.7380952380952372,0,0.88
1,8,1,11,1,1,1,1,1,10,10,0,0,0,1,0,1,19,0,0,6,8,6,11.166666666666666,0,0,6,7,4,13.4,0,16.2,0.3,-0.92,Graduate,2,0,1.0,0.0,0.6666666666666666,0.33333333333333337,2.2333333333333343,-2,0.88
1,12,1,12,1,12,1,22,27,10,8,0,0,0,1,0,1,26,0,0,7,8,6,10.983333333333334,0,0,7,8,6,10.983333333333334,0,7.6,2.6,0.32,Graduate,2,0,0.8571428571428571,0.1428571428571429,0.8571428571428571,0.1428571428571429,0.0,0,0.88
1,9,2,10,1,1,1,13,1,5,4,1,0,0,1,0,1,19,0,0,6,8,4,10.75,0,0,6,11,5,11.5,0,15.5,2.8,-4.06,Graduate,2,0,0.6666666666666666,0.33333333333333337,0.8333333333333334,0.16666666666666663,0.75,1,1.75
1,17,1,6,1,16,1,1,3,5,3,1,0,0,0,0,1,20,0,7,12,15,11,13.384615384615383,0,4,9,13,7,14.285714285714286,0,8.9,1.4,3.51,Graduate,2,0,0.9166666666666666,0.08333333333333337,0.7777777777777778,0.2222222222222222,0.9010989010989032,-4,2.18
1,8,1,14,1,1,1,1,27,5,10,1,0,0,1,0,1,25,0,0,6,8,6,11.285714285714286,0,0,6,10,5,12.2,0,15.5,2.8,-4.06,Enrolled,1,0,1.0,0.0,0.8333333333333334,0.16666666666666663,0.9142857142857128,-1,0.88
1,14,1,3,0,1,1,13,27,9,6,0,0,0,1,1,0,24,0,0,6,13,0,0.0,3,0,6,6,0,0.0,0,16.2,0.3,-0.92,Dropout,0,1,0.0,1.0,0.0,1.0,0.0,0,6.5
1,8,6,7,1,1,1,13,14,5,1,1,0,0,1,1,0,20,0,0,5,7,4,13.0,0,0,5,9,5,14.833333333333334,3,7.6,2.6,0.32,Graduate,2,0,0.8,0.19999999999999996,1.0,0.0,1.833333333333334,1,1.5
2,12,1,4,1,1,1,22,27,10,10,0,0,0,1,1,0,29,0,0,6,9,6,16.11111111111111,0,0,6,7,6,13.5,0,13.9,-0.3,0.79,Graduate,2,0,1.0,0.0,1.0,0.0,-2.6111111111111107,0,1.17
1,1,1,15,1,1,1,1,3,10,10,0,0,0,1,1,0,20,0,0,6,8,6,11.5,0,0,6,8,6,11.0,0,16.2,0.3,-0.92,Graduate,2,0,1.0,0.0,1.0,0.0,-0.5,0,0.88
1,15,1,8,1,14,1,3,4,3,3,1,0,0,1,1,0,20,0,0,6,15,4,10.75,0,0,6,12,2,10.5,0,13.9,-0.3,0.79,Dropout,0,1,0.6666666666666666,0.33333333333333337,0.3333333333333333,0.6666666666666667,-0.25,-2,2.57
1,12,1,14,1,12,1,13,1,6,9,1,0,0,1,1,1,24,0,0,6,10,4,11.6,0,0,6,8,5,13.0,0,11.1,0.6,2.02,Graduate,2,0,0.6666666666666666,0.33333333333333337,0.8333333333333334,0.16666666666666663,1.4000000000000004,1,2.1
1,12,1,12,1,12,1,1,3,3,3,0,0,1,1,1,0,24,0,0,7,21,0,0.0,3,0,7,7,0,0.0,0,16.2,0.3,-0.92,Dropout,0,1,0.0,1.0,0.0,1.0,0.0,0,7.61
1,4,1,7,1,15,1,3,1,3,6,0,0,0,1,1,0,23,0,0,5,5,5,13.8,0,0,5,7,5,14.142857142857142,0,11.1,0.6,2.02,Graduate,2,0,1.0,0.0,1.0,0.0,0.34285714285714164,0,0.0
1,14,1,13,1,1,1,1,27,6,6,1,0,0,1,1,0,20,0,0,7,8,7,13.585714285714284,0,0,8,8,8,14.6875,0,15.5,2.8,-4.06,Graduate,2,0,1.0,0.0,1.0,0.0,1.1017857142857164,1,0.44
1,8,2,14,1,1,1,1,1,5,11,1,0,0,1,1,0,19,0,0,6,8,6,13.857142857142858,0,0,6,8,5,13.0,0,15.5,2.8,-4.06,Graduate,2,0,1.0,0.0,0.8333333333333334,0.16666666666666663,-0.8571428571428577,-1,0.88
4,12,1,4,1,1,1,22,27,10,9,0,0,0,1,1,0,28,0,0,6,12,5,12.0,0,0,6,10,6,12.333333333333334,0,11.1,0.6,2.02,Enrolled,1,0,0.8333333333333334,0.16666666666666663,1.0,0.0,0.3333333333333339,1,2.04
1,15,1,4,1,14,1,1,28,5,5,1,0,0,1,1,1,20,0,0,6,9,6,13.444444444444445,0,0,6,9,5,12.6,0,13.9,-0.3,0.79,Graduate,2,0,1.0,0.0,0.8333333333333334,0.16666666666666663,-0.844444444444445,-1,1.17
1,1,1,5,1,1,1,23,27,4,4,0,0,0,1,1,0,18,0,0,6,6,6,14.0,0,0,6,7,6,13.857142857142858,0,8.9,1.4,3.51,Graduate,2,0,1.0,0.0,1.0,0.0,-0.14285714285714235,0,0.0
1,1,1,14,1,1,1,1,1,12,12,1,0,1,1,1,0,20,0,0,6,10,1,12.0,1,0,6,0,0,0.0,0,10.8,1.4,1.74,Dropout,0,1,0.16666666666666666,0.8333333333333334,0.0,1.0,-12.0,-1,4.73
2,12,1,17,0,1,1,22,14,6,4,1,0,0,1,1,0,33,0,0,5,5,5,14.2,0,0,5,6,5,13.833333333333334,0,10.8,1.4,1.74,Graduate,2,0,1.0,0.0,1.0,0.0,-0.36666666666666536,0,0.0
2,12,1,12,1,1,1,22,27,29,42,0,0,0,1,0,0,35,0,0,7,11,5,13.34,0,0,7,9,5,10.84,0,12.4,0.5,1.79,Enrolled,1,0,0.7142857142857143,0.2857142857142857,0.7142857142857143,0.2857142857142857,-2.5,0,1.91
1,12,1,12,1,15,1,22,27,10,8,0,0,0,1,0,0,27,0,3,8,12,7,12.457142857142856,0,3,8,12,7,12.457142857142856,0,12.7,3.7,-1.7,Enrolled,1,0,0.875,0.125,0.875,0.125,0.0,0,1.46
1,8,5,15,1,1,1,23,28,8,8,1,0,0,0,0,0,19,0,0,6,12,3,11.0,0,0,6,12,3,12.0,0,9.4,-0.8,-3.12,Dropout,0,1,0.5,0.5,0.5,0.5,1.0,0,3.87
1,12,1,17,0,1,14,22,14,10,10,0,0,0,1,0,1,31,1,0,5,13,4,10.5,0,0,5,10,4,10.5,0,15.5,2.8,-4.06,Enrolled,1,0,0.8,0.19999999999999996,0.8,0.19999999999999996,0.0,0,2.42
1,1,1,2,1,1,1,13,27,8,8,1,0,0,1,1,0,19,0,0,0,0,0,0.0,0,0,0,0,0,0.0,0,9.4,-0.8,-3.12,Graduate,2,0,0.0,1.0,0.0,1.0,0.0,0,5.5
1,14,1,5,1,1,1,13,27,8,8,1,0,0,1,1,0,22,0,9,13,13,13,14.0,0,7,12,13,12,13.0,0,15.5,2.8,-4.06,Graduate,2,0,1.0,0.0,1.0,0.0,-1.0,-1,0.0
1,14,1,12,1,1,16,1,1,7,7,0,0,0,1,0,0,39,1,0,7,0,0,0.0,0,0,8,0,0,0.0,0,12.7,3.7,-1.7,Dropout,0,1,0.0,1.0,0.0,1.0,0.0,0,5.5
1,8,1,11,1,1,1,1,1,5,9,1,0,0,0,1,0,22,0,0,1,1,0,0.0,0,0,6,0,0,0.0,0,12.4,0.5,1.79,Dropout,0,1,0.0,1.0,0.0,1.0,0.0,0,6.75
2,12,1,17,0,1,1,22,14,10,11,0,0,0,1,1,0,47,0,0,5,8,4,10.0,0,0,5,8,4,12.5,0,9.4,-0.8,-3.12,Enrolled,1,0,0.8,0.19999999999999996,0.8,0.19999999999999996,2.5,0,1.75
1,8,1,2,1,1,1,13,27,6,10,1,0,0,1,1,1,19,0,0,0,0,0,0.0,0,0,0,0,0,0.0,0,11.1,0.6,2.02,Graduate,2,0,0.0,1.0,0.0,1.0,0.0,0,5.5
1,5,1,11,1,1,10,3,1,10,10,1,0,0,1,0,0,19,1,0,6,6,6,13.5,0,0,6,6,6,14.333333333333334,0,12.4,0.5,1.79,Graduate,2,0,1.0,0.0,1.0,0.0,0.8333333333333339,0,0.0
1,8,1,12,1,1,1,13,27,10,10,1,0,0,1,0,0,19,0,0,7,0,0,0.0,0,0,8,0,0,0.0,0,15.5,2.8,-4.06,Dropout,0,1,0.0,1.0,0.0,1.0,0.0,0,5.5
1,1,1,2,1,1,1,13,27,10,8,1,0,0,1,0,1,21,0,15,17,18,17,13.38888888888889,0,15,17,18,17,14.88888888888889,0,11.1,0.6,2.02,Graduate,2,0,1.0,0.0,1.0,0.0,1.5,0,0.19
1,4,1,12,1,5,1,13,1,5,2,1,0,0,0,0,0,39,0,0,7,0,0,0.0,0,0,8,0,0,0.0,0,12.4,0.5,1.79,Dropout,0,1,0.0,1.0,0.0,1.0,0.0,0,6.75
1,8,1,2,1,1,1,13,1,5,2,1,0,0,1,1,0,19,0,6,12,12,12,13.583333333333334,0,4,11,12,11,13.583333333333334,0,8.9,1.4,3.51,Graduate,2,0,1.0,0.0,1.0,0.0,0.0,-1,0.0
1,1,1,2,1,1,1,22,14,10,9,0,0,0,1,1,1,20,0,0,0,0,0,0.0,0,0,0,0,0,0.0,0,13.9,-0.3,0.79,Enrolled,1,0,0.0,1.0,0.0,1.0,0.0,0,5.5
1,12,1,9,1,9,1,1,1,10,5,1,0,1,0,1,0,24,0,0,5,5,0,0.0,0,0,5,5,0,0.0,0,12.7,3.7,-1.7,Dropout,0,1,0.0,1.0,0.0,1.0,0.0,0,8.0
1,12,1,17,0,1,1,13,14,10,10,1,0,0,1,1,0,27,0,0,5,9,1,10.0,0,0,5,5,0,0.0,0,12.7,3.7,-1.7,Dropout,0,1,0.2,0.8,0.0,1.0,-10.0,-1,3.11
2,12,1,17,0,1,1,22,27,10,10,0,0,0,1,1,0,29,0,0,5,5,5,15.2,0,0,5,5,5,15.2,0,11.1,0.6,2.02,Graduate,2,0,1.0,0.0,1.0,0.0,0.0,0,0.0
1,8,1,6,1,1,1,13,1,10,5,1,0,0,1,1,0,20,0,0,6,12,4,12.8,0,0,6,17,0,0.0,0,12.4,0.5,1.79,Dropout,0,1,0.6666666666666666,0.33333333333333337,0.0,1.0,-12.8,-4,2.33
1,1,1,14,1,1,1,13,1,8,5,0,0,0,1,1,0,21,0,0,5,7,5,11.166666666666666,0,0,5,5,4,11.0,0,9.4,-0.8,-3.12,Dropout,0,1,1.0,0.0,0.8,0.19999999999999996,-0.16666666666666607,-1,1.0
1,1,1,2,1,1,1,3,2,3,3,1,0,0,1,1,0,18,0,0,0,0,0,0.0,0,0,0,0,0,0.0,0,7.6,2.6,0.32,Enrolled,1,0,0.0,1.0,0.0,1.0,0.0,0,5.5
1,1,1,12,1,1,1,1,1,5,4,0,0,0,1,1,0,19,0,0,8,9,7,12.828571428571427,0,0,8,9,7,12.828571428571427,0,12.7,3.7,-1.7,Graduate,2,0,0.875,0.125,0.875,0.125,0.0,0,0.78
1,8,1,15,1,1,1,1,1,6,2,0,0,1,0,1,0,19,0,0,6,6,6,12.5,0,0,6,10,4,12.6,0,15.5,2.8,-4.06,Dropout,0,1,1.0,0.0,0.6666666666666666,0.33333333333333337,0.09999999999999964,-2,2.5
1,12,1,7,1,1,1,22,27,10,10,0,0,0,1,1,1,28,0,0,5,12,3,10.0,0,0,5,10,3,12.4,0,12.4,0.5,1.79,Graduate,2,0,0.6,0.4,0.6,0.4,2.4000000000000004,0,2.62
1,6,1,11,1,1,12,13,1,10,8,1,0,0,0,0,0,21,1,0,6,6,6,11.5,0,0,6,10,4,13.25,0,13.9,-0.3,0.79,Graduate,2,0,1.0,0.0,0.6666666666666666,0.33333333333333337,1.75,-2,1.25
1,5,1,12,1,1,10,3,3,3,10,1,0,1,0,0,0,23,1,0,8,11,7,11.328571428571427,0,0,8,11,7,11.328571428571427,0,12.7,3.7,-1.7,Dropout,0,1,0.875,0.125,0.875,0.125,0.0,0,3.77
4,12,1,4,1,1,1,13,14,10,5,0,0,0,1,0,0,39,0,0,6,15,2,13.0,2,0,6,13,3,13.0,1,15.5,2.8,-4.06,Enrolled,1,0,0.3333333333333333,0.6666666666666667,0.5,0.5,0.0,1,3.7
1,8,3,12,1,1,1,23,1,10,6,1,0,0,1,0,0,18,0,0,7,7,6,13.033333333333331,0,0,7,7,6,13.033333333333331,0,7.6,2.6,0.32,Graduate,2,0,0.8571428571428571,0.1428571428571429,0.8571428571428571,0.1428571428571429,0.0,0,0.5
2,6,1,15,1,1,14,22,27,10,7,0,0,0,1,0,0,59,1,0,6,8,6,12.166666666666666,0,0,6,7,4,11.75,0,11.1,0.6,2.02,Graduate,2,0,1.0,0.0,0.6666666666666666,0.33333333333333337,-0.4166666666666661,-2,0.88
1,4,1,7,1,4,1,4,3,3,8,0,0,1,1,1,0,30,0,0,5,6,4,14.5,0,0,5,10,3,16.2,0,13.9,-0.3,0.79,Enrolled,1,0,0.8,0.19999999999999996,0.6,0.4,1.6999999999999993,-1,2.42
1,1,1,6,1,1,1,1,28,10,10,1,0,0,1,0,0,18,0,0,5,7,5,14.4,1,0,5,5,5,13.6,0,12.7,3.7,-1.7,Graduate,2,0,1.0,0.0,1.0,0.0,-0.8000000000000007,0,1.4
2,15,1,17,0,14,1,22,27,10,10,0,0,0,1,0,0,41,0,2,6,10,4,12.25,0,3,7,9,6,12.5,0,9.4,-0.8,-3.12,Enrolled,1,0,0.6666666666666666,0.33333333333333337,0.8571428571428571,0.1428571428571429,0.25,2,2.1
1,12,1,12,1,1,1,22,14,10,9,1,0,0,1,0,0,27,0,0,7,14,0,0.0,0,0,7,14,0,0.0,0,11.1,0.6,2.02,Dropout,0,1,0.0,1.0,0.0,1.0,0.0,0,5.5
1,1,1,10,1,1,1,23,14,10,11,1,0,0,1,0,1,18,0,0,6,6,6,12.666666666666666,0,0,6,6,6,12.0,0,9.4,-0.8,-3.12,Graduate,2,0,1.0,0.0,1.0,0.0,-0.6666666666666661,0,0.0
1,9,5,16,1,1,1,23,14,8,8,1,0,1,0,0,0,20,0,0,6,14,2,12.0,0,0,6,14,3,11.666666666666666,0,10.8,1.4,1.74,Dropout,0,1,0.3333333333333333,0.6666666666666667,0.5,0.5,-0.3333333333333339,1,5.5
2,12,1,7,1,3,1,22,27,5,8,0,0,0,0,0,0,32,0,0,5,6,0,0.0,0,0,5,5,0,0.0,0,12.7,3.7,-1.7,Dropout,0,1,0.0,1.0,0.0,1.0,0.0,0,6.75
1,8,1,9,1,1,1,23,27,4,6,1,0,0,1,0,0,19,0,0,5,5,3,11.666666666666666,0,0,5,10,4,10.8,0,9.4,-0.8,-3.12,Dropout,0,1,0.6,0.4,0.8,0.19999999999999996,-0.8666666666666654,1,1.4
2,12,1,16,1,9,1,22,27,8,9,0,0,0,1,0,0,41,0,0,6,0,0,0.0,0,0,6,0,0,0.0,0,16.2,0.3,-0.92,Dropout,0,1,0.0,1.0,0.0,1.0,0.0,0,5.5
4,8,5,3,0,1,1,13,14,12,12,0,0,0,1,0,0,38,0,0,5,12,1,10.0,0,0,5,10,0,0.0,0,10.8,1.4,1.74,Dropout,0,1,0.2,0.8,0.0,1.0,-10.0,-1,3.21
1,4,1,8,1,2,3,27,1,5,10,0,0,0,1,1,0,35,1,0,7,8,0,0.0,1,0,6,9,0,0.0,0,8.9,1.4,3.51,Dropout,0,1,0.0,1.0,0.0,1.0,0.0,0,5.79
1,12,1,3,0,1,1,19,24,1,1,1,0,0,1,0,0,27,0,0,6,11,4,12.25,0,0,6,16,3,12.0,0,7.6,2.6,0.32,Dropout,0,1,0.6666666666666666,0.33333333333333337,0.5,0.5,-0.25,-1,2.23
1,8,1,5,1,1,1,1,27,5,10,1,0,0,1,0,0,19,0,0,6,10,4,12.0,1,0,6,6,6,12.5,0,7.6,2.6,0.32,Graduate,2,0,0.6666666666666666,0.33333333333333337,1.0,0.0,0.5,2,2.43
1,9,1,15,1,1,1,13,27,10,6,0,0,0,0,0,0,18,0,0,6,7,5,12.6,0,0,6,6,5,11.8,0,11.1,0.6,2.02,Enrolled,1,0,0.8333333333333334,0.16666666666666663,0.8333333333333334,0.16666666666666663,-0.7999999999999989,0,2.25
2,12,1,17,0,7,1,19,24,1,1,0,0,0,0,0,0,39,0,0,5,5,0,0.0,0,0,5,5,0,0.0,0,7.6,2.6,0.32,Dropout,0,1,0.0,1.0,0.0,1.0,0.0,0,6.75
2,4,1,11,1,2,1,22,27,10,10,0,0,0,0,0,0,37,0,0,5,5,0,0.0,0,0,5,10,0,0.0,0,10.8,1.4,1.74,Dropout,0,1,0.0,1.0,0.0,1.0,0.0,0,6.75
5,12,1,12,1,1,1,23,28,10,10,0,0,0,0,0,0,37,0,0,8,8,0,0.0,1,0,8,8,0,0.0,1,12.7,3.7,-1.7,Dropout,0,1,0.0,1.0,0.0,1.0,0.0,0,7.0
2,14,1,3,0,1,1,19,24,1,1,0,0,0,1,0,1,35,0,11,16,16,16,12.6875,0,11,13,13,13,12.0,0,9.4,-0.8,-3.12,Graduate,2,0,1.0,0.0,1.0,0.0,-0.6875,-3,0.0
1,14,1,9,1,1,1,22,27,10,10,0,0,0,1,0,0,49,0,9,13,22,10,10.4,0,4,9,18,6,10.666666666666666,0,12.7,3.7,-1.7,Graduate,2,0,0.7692307692307693,0.23076923076923073,0.6666666666666666,0.33333333333333337,0.2666666666666657,-4,1.91
1,4,1,9,1,15,1,22,27,10,10,0,0,0,1,0,0,52,0,11,15,26,14,10.466666666666669,0,9,12,16,12,10.923076923076923,0,13.9,-0.3,0.79,Graduate,2,0,0.9333333333333333,0.06666666666666665,1.0,0.0,0.4564102564102548,-2,1.62
1,1,2,6,1,1,1,1,28,6,6,1,0,0,1,0,0,18,0,0,5,10,5,14.333333333333334,2,0,5,8,5,13.0,1,9.4,-0.8,-3.12,Graduate,2,0,1.0,0.0,1.0,0.0,-1.333333333333334,0,2.55
1,12,1,3,0,1,1,22,27,10,10,0,0,0,1,0,1,30,0,0,7,7,6,14.666666666666666,1,0,6,7,6,14.333333333333334,0,10.8,1.4,1.74,Graduate,2,0,0.8571428571428571,0.1428571428571429,1.0,0.0,-0.33333333333333215,0,0.79
1,1,2,12,1,1,1,1,14,3,8,1,0,0,1,0,0,21,0,0,7,7,7,12.835714285714284,0,0,8,8,8,14.23125,0,11.1,0.6,2.02,Graduate,2,0,1.0,0.0,1.0,0.0,1.3955357142857157,1,0.0
1,1,1,7,1,1,1,22,14,10,6,1,0,0,1,1,0,20,0,0,5,5,0,0.0,0,0,5,0,0,0.0,0,9.4,-0.8,-3.12,Dropout,0,1,0.0,1.0,0.0,1.0,0.0,0,5.5
1,8,1,9,1,1,1,1,28,7,7,1,0,1,1,1,0,18,0,0,5,9,0,0.0,0,0,5,5,0,0.0,0,7.6,2.6,0.32,Enrolled,1,0,0.0,1.0,0.0,1.0,0.0,0,6.75
1,7,1,2,1,1,1,22,27,10,10,1,0,0,1,1,0,19,0,0,0,0,0,0.0,0,0,0,0,0,0.0,0,7.6,2.6,0.32,Dropout,0,1,0.0,1.0,0.0,1.0,0.0,0,5.5
1,1,3,12,1,1,1,3,14,3,11,1,0,0,1,1,0,18,0,0,8,8,8,13.24875,0,0,8,8,8,13.24875,0,9.4,-0.8,-3.12,Graduate,2,0,1.0,0.0,1.0,0.0,0.0,0,0.0
1,6,1,1,1,1,14,2,3,3,5,0,0,0,1,1,0,20,1,0,7,10,7,12.857142857142858,0,0,7,7,4,12.75,0,8.9,1.4,3.51,Enrolled,1,0,1.0,0.0,0.5714285714285714,0.4285714285714286,-0.10714285714285765,-3,1.05
1,8,1,8,1,1,1,23,14,6,8,1,0,0,1,0,0,21,0,0,6,12,5,13.6,0,0,6,10,4,14.25,0,12.4,0.5,1.79,Enrolled,1,0,0.8333333333333334,0.16666666666666663,0.6666666666666666,0.33333333333333337,0.6500000000000004,-1,2.04
1,1,4,9,1,1,1,1,1,4,5,1,0,0,1,0,1,22,0,0,5,6,3,14.0,0,0,5,8,5,12.4,0,11.1,0.6,2.02,Graduate,2,0,0.6,0.4,1.0,0.0,-1.5999999999999996,2,1.75
1,15,1,8,1,14,1,13,14,6,6,1,0,1,0,0,0,20,0,1,6,11,3,12.0,0,0,6,11,2,11.0,0,12.4,0.5,1.79,Enrolled,1,0,0.5,0.5,0.3333333333333333,0.6666666666666667,-1.0,-1,5.05
1,8,4,6,1,1,1,22,1,4,10,0,0,0,1,0,0,20,0,0,6,9,6,13.166666666666666,0,0,6,8,4,14.0,0,13.9,-0.3,0.79,Enrolled,1,0,1.0,0.0,0.6666666666666666,0.33333333333333337,0.8333333333333339,-2,1.17
1,8,6,10,1,1,1,1,14,8,8,1,0,0,1,0,1,19,0,0,6,8,6,13.625,0,0,6,7,6,12.166666666666666,0,12.7,3.7,-1.7,Graduate,2,0,1.0,0.0,1.0,0.0,-1.458333333333334,0,0.88
1,8,5,12,1,1,1,13,28,10,6,1,0,0,1,0,1,18,0,0,7,8,7,14.85,0,0,8,9,8,15.61111111111111,0,13.9,-0.3,0.79,Graduate,2,0,1.0,0.0,1.0,0.0,0.7611111111111111,1,0.44
1,1,2,9,1,1,1,1,14,5,5,1,0,0,1,1,0,21,0,0,5,9,4,10.75,0,0,5,6,5,11.4,0,11.1,0.6,2.02,Graduate,2,0,0.8,0.19999999999999996,1.0,0.0,0.6500000000000004,1,1.94
1,6,1,13,1,1,12,13,1,10,5,0,0,1,1,0,0,19,1,0,7,11,0,0.0,4,0,7,11,2,11.666666666666666,0,8.9,1.4,3.51,Enrolled,1,0,0.0,1.0,0.2857142857142857,0.7142857142857143,11.666666666666666,2,7.89
1,14,1,8,1,1,3,22,27,10,7,0,0,0,1,0,0,37,1,0,6,0,0,0.0,0,0,6,0,0,0.0,0,13.9,-0.3,0.79,Dropout,0,1,0.0,1.0,0.0,1.0,0.0,0,5.5
2,1,1,3,0,1,1,22,27,10,10,1,0,0,1,0,0,45,0,8,12,14,12,14.0,0,2,7,12,7,13.857142857142858,0,7.6,2.6,0.32,Enrolled,1,0,1.0,0.0,1.0,0.0,-0.14285714285714235,-5,0.5
1,12,1,4,1,12,1,22,27,10,11,0,0,1,0,1,0,38,0,0,6,8,0,0.0,0,0,6,10,0,0.0,0,16.2,0.3,-0.92,Dropout,0,1,0.0,1.0,0.0,1.0,0.0,0,8.0
6,12,1,17,0,9,1,22,27,12,12,1,0,0,0,1,0,55,0,0,5,5,0,0.0,0,0,5,5,0,0.0,0,7.6,2.6,0.32,Dropout,0,1,0.0,1.0,0.0,1.0,0.0,0,6.75
5,12,1,4,1,1,1,22,27,10,8,0,0,1,0,0,0,28,0,0,6,17,5,13.0,0,0,6,11,4,11.75,0,13.9,-0.3,0.79,Dropout,0,1,0.8333333333333334,0.16666666666666663,0.6666666666666666,0.33333333333333337,-1.25,-1,4.97
5,4,1,17,0,2,1,22,27,7,7,0,0,0,1,0,0,46,0,6,8,12,8,12.375,0,4,9,11,5,12.4,0,8.9,1.4,3.51,Graduate,2,0,1.0,0.0,0.5555555555555556,0.4444444444444444,0.025000000000000355,-3,1.17
1,1,4,2,1,1,1,13,14,5,5,1,1,0,1,0,0,22,0,0,0,0,0,0.0,0,0,0,0,0,0.0,0,16.2,0.3,-0.92,Graduate,2,0,0.0,1.0,0.0,1.0,0.0,0,5.5
2,12,2,14,1,12,1,22,27,10,10,0,0,0,1,0,0,46,0,0,6,10,5,11.4,0,0,6,9,4,13.75,0,12.4,0.5,1.79,Dropout,0,1,0.8333333333333334,0.16666666666666663,0.6666666666666666,0.33333333333333337,2.3499999999999996,-1,1.75
1,12,1,17,0,1,1,13,27,6,6,0,0,0,1,0,0,28,0,0,5,9,4,11.25,0,0,5,7,4,13.0,0,7.6,2.6,0.32,Enrolled,1,0,0.8,0.19999999999999996,0.8,0.19999999999999996,1.75,0,1.94
1,1,3,6,1,1,1,22,14,10,9,1,0,1,0,0,0,18,0,0,5,7,3,13.0,0,0,5,8,3,12.0,0,7.6,2.6,0.32,Dropout,0,1,0.6,0.4,0.6,0.4,-1.0,0,4.5
1,7,1,2,1,1,1,23,27,10,10,1,0,0,1,1,1,18,0,0,0,0,0,0.0,0,0,0,0,0,0.0,0,10.8,1.4,1.74,Enrolled,1,0,0.0,1.0,0.0,1.0,0.0,0,5.5
1,1,1,15,1,1,1,22,27,10,8,1,0,0,1,1,1,21,0,0,6,6,6,13.5,0,0,6,6,6,14.166666666666666,0,12.7,3.7,-1.7,Graduate,2,0,1.0,0.0,1.0,0.0,0.6666666666666661,0,0.0
1,7,2,5,1,1,1,1,3,5,3,1,0,0,1,0,0,18,0,0,6,11,1,11.0,1,0,6,11,4,11.0,4,7.6,2.6,0.32,Enrolled,1,0,0.16666666666666666,0.8333333333333334,0.6666666666666666,0.33333333333333337,0.0,3,3.52
1,14,1,17,0,1,1,13,27,4,10,0,0,0,1,0,0,34,0,0,5,9,0,0.0,0,0,5,10,1,11.0,0,13.9,-0.3,0.79,Dropout,0,1,0.0,1.0,0.2,0.8,11.0,1,5.5
1,8,1,16,1,1,1,22,28,10,10,1,0,0,1,0,1,21,0,0,6,9,5,12.0,0,0,6,8,5,11.2,0,10.8,1.4,1.74,Dropout,0,1,0.8333333333333334,0.16666666666666663,0.8333333333333334,0.16666666666666663,-0.8000000000000007,0,1.56
1,1,1,15,1,1,1,22,14,10,10,1,0,0,1,0,1,18,0,0,6,8,5,13.0,0,0,6,7,6,13.0,0,15.5,2.8,-4.06,Graduate,2,0,0.8333333333333334,0.16666666666666663,1.0,0.0,0.0,1,1.31
1,1,1,2,1,1,1,17,28,10,9,1,0,0,1,1,0,20,0,0,0,0,0,0.0,0,0,0,0,0,0.0,0,7.6,2.6,0.32,Graduate,2,0,0.0,1.0,0.0,1.0,0.0,0,5.5
1,1,1,9,1,1,1,23,27,8,8,1,0,0,1,0,0,18,0,0,5,8,4,12.0,0,0,5,8,4,12.25,0,9.4,-0.8,-3.12,Enrolled,1,0,0.8,0.19999999999999996,0.8,0.19999999999999996,0.25,0,1.75
1,8,2,7,1,1,1,1,2,4,4,1,0,0,1,1,0,21,0,0,5,10,5,11.166666666666666,0,0,5,10,3,10.8,0,12.4,0.5,1.79,Enrolled,1,0,1.0,0.0,0.6,0.4,-0.36666666666666536,-2,1.75
1,8,1,11,1,1,1,22,27,6,5,1,0,0,1,1,0,19,0,0,6,13,2,10.5,0,0,6,11,1,12.0,0,10.8,1.4,1.74,Dropout,0,1,0.3333333333333333,0.6666666666666667,0.16666666666666666,0.8333333333333334,1.5,-1,2.96
1,8,2,3,0,1,1,1,14,5,13,1,0,0,1,1,0,22,0,0,6,7,6,12.666666666666666,0,0,6,6,6,12.166666666666666,0,7.6,2.6,0.32,Graduate,2,0,1.0,0.0,1.0,0.0,-0.5,0,0.5
1,15,1,4,1,14,1,1,14,5,8,0,0,0,1,1,0,23,0,1,6,6,1,11.0,0,0,6,8,0,0.0,0,15.5,2.8,-4.06,Dropout,0,1,0.16666666666666666,0.8333333333333334,0.0,1.0,-11.0,-1,2.92
1,8,4,2,1,1,1,3,1,3,11,1,0,0,1,1,0,19,0,0,0,0,0,0.0,0,0,0,0,0,0.0,0,9.4,-0.8,-3.12,Dropout,0,1,0.0,1.0,0.0,1.0,0.0,0,5.5
1,1,4,9,1,1,1,13,28,6,6,1,0,0,1,1,0,18,0,0,5,6,4,11.5,0,0,5,12,2,10.333333333333334,0,10.8,1.4,1.74,Enrolled,1,0,0.8,0.19999999999999996,0.4,0.6,-1.166666666666666,-2,1.17
1,1,3,2,1,1,1,23,27,10,4,1,0,1,0,1,1,19,0,0,0,0,0,0.0,0,0,0,0,0,0.0,0,9.4,-0.8,-3.12,Dropout,0,1,0.0,1.0,0.0,1.0,0.0,0,8.0
1,8,1,9,1,1,1,1,28,10,10,1,0,0,1,1,0,19,0,0,5,10,2,10.5,0,0,5,5,4,11.75,0,12.4,0.5,1.79,Enrolled,1,0,0.4,0.6,0.8,0.19999999999999996,1.25,2,2.8
1,1,1,14,1,1,1,1,27,5,10,0,0,0,1,1,0,19,0,0,5,8,4,12.5,0,0,5,6,4,11.0,0,7.6,2.6,0.32,Enrolled,1,0,0.8,0.19999999999999996,0.8,0.19999999999999996,-1.5,0,1.75
1,1,2,12,1,1,1,22,27,10,10,1,0,0,1,1,0,22,0,0,7,9,6,12.833333333333334,0,0,8,12,6,12.5,0,16.2,0.3,-0.92,Enrolled,1,0,0.8571428571428571,0.1428571428571429,0.75,0.25,-0.3333333333333339,0,1.17
1,1,1,15,1,1,1,13,1,10,10,0,0,0,1,1,1,18,0,0,6,7,6,15.571428571428571,0,0,6,7,6,16.142857142857142,0,13.9,-0.3,0.79,Graduate,2,0,1.0,0.0,1.0,0.0,0.5714285714285712,0,0.5
1,8,1,10,1,1,1,22,27,8,8,1,0,0,1,1,0,18,0,0,6,10,4,12.0,0,0,6,7,5,11.8,0,9.4,-0.8,-3.12,Dropout,0,1,0.6666666666666666,0.33333333333333337,0.8333333333333334,0.16666666666666663,-0.1999999999999993,1,2.1
1,8,1,15,1,1,1,23,28,10,10,0,0,1,1,1,0,19,0,0,6,6,4,11.25,0,0,6,6,3,11.333333333333334,0,16.2,0.3,-0.92,Dropout,0,1,0.6666666666666666,0.33333333333333337,0.5,0.5,0.08333333333333393,-1,2.42
1,1,4,2,1,1,1,1,1,1,4,1,0,0,1,1,0,18,0,0,0,0,0,0.0,0,0,0,0,0,0.0,0,11.1,0.6,2.02,Graduate,2,0,0.0,1.0,0.0,1.0,0.0,0,5.5
1,8,6,14,1,1,1,1,14,5,11,0,0,0,1,1,0,21,0,0,6,10,6,12.285714285714286,0,0,6,11,4,14.25,0,15.5,2.8,-4.06,Enrolled,1,0,1.0,0.0,0.6666666666666666,0.33333333333333337,1.9642857142857135,-2,1.4
1,1,2,11,1,1,1,1,14,5,2,1,0,0,1,1,0,18,0,0,6,12,5,11.0,0,0,6,11,3,10.333333333333334,0,9.4,-0.8,-3.12,Enrolled,1,0,0.8333333333333334,0.16666666666666663,0.5,0.5,-0.6666666666666661,-2,2.04
1,15,1,4,1,14,1,13,28,7,7,1,0,0,1,1,0,19,0,0,6,8,6,12.142857142857142,0,0,6,11,5,13.6,0,12.4,0.5,1.79,Graduate,2,0,1.0,0.0,0.8333333333333334,0.16666666666666663,1.4571428571428573,-1,0.88
1,12,1,4,1,12,1,1,14,10,9,0,0,1,0,1,0,27,0,0,6,11,2,11.5,0,0,6,7,0,0.0,0,8.9,1.4,3.51,Dropout,0,1,0.3333333333333333,0.6666666666666667,0.0,1.0,-11.5,-2,5.36
1,17,1,4,1,16,1,23,28,10,10,1,0,1,1,1,0,20,0,7,12,16,11,12.545454545454543,0,5,10,12,8,11.625,0,8.9,1.4,3.51,Enrolled,1,0,0.9166666666666666,0.08333333333333337,0.8,0.19999999999999996,-0.9204545454545432,-3,2.34
1,1,5,11,1,1,1,3,14,4,10,1,0,0,1,1,0,20,0,0,6,10,4,13.0,0,0,6,6,6,13.0,0,12.4,0.5,1.79,Graduate,2,0,0.6666666666666666,0.33333333333333337,1.0,0.0,0.0,2,2.1
1,1,6,12,1,1,1,4,3,3,2,1,0,0,1,1,0,18,0,0,8,9,8,12.8875,1,0,8,9,8,12.8875,1,9.4,-0.8,-3.12,Graduate,2,0,1.0,0.0,1.0,0.0,0.0,0,0.64
1,8,1,15,1,1,1,23,14,10,11,1,0,0,1,1,0,18,0,0,6,6,6,12.666666666666666,0,0,6,7,5,13.6,0,12.4,0.5,1.79,Enrolled,1,0,1.0,0.0,0.8333333333333334,0.16666666666666663,0.9333333333333336,-1,0.0
1,1,2,5,1,1,1,23,14,8,8,1,0,0,1,1,0,18,0,0,6,7,6,12.833333333333334,0,0,6,7,6,12.571428571428571,0,8.9,1.4,3.51,Graduate,2,0,1.0,0.0,1.0,0.0,-0.26190476190476275,0,0.5
1,1,1,9,1,1,1,1,28,5,8,1,0,0,1,1,0,18,0,0,5,10,3,10.666666666666666,1,0,5,11,2,12.5,0,9.4,-0.8,-3.12,Dropout,0,1,0.6,0.4,0.4,0.6,1.833333333333334,-1,2.85
1,7,5,6,1,1,1,13,27,9,9,1,0,0,1,1,0,18,0,0,5,11,5,13.0,2,0,5,7,5,12.4,0,9.4,-0.8,-3.12,Enrolled,1,0,1.0,0.0,1.0,0.0,-0.5999999999999996,0,2.71
1,8,2,12,1,1,1,13,14,6,6,1,0,0,1,0,0,18,0,0,7,11,6,11.983333333333334,0,0,8,12,8,12.28125,0,16.2,0.3,-0.92,Graduate,2,0,0.8571428571428571,0.1428571428571429,1.0,0.0,0.2979166666666657,2,1.59
1,12,1,3,0,11,1,19,24,1,1,1,0,0,0,0,0,37,0,0,5,9,0,0.0,0,0,5,5,0,0.0,5,9.4,-0.8,-3.12,Dropout,0,1,0.0,1.0,0.0,1.0,0.0,0,6.75
2,12,1,3,0,1,1,23,27,6,4,0,0,0,1,0,1,36,0,0,6,6,6,11.833333333333334,0,0,6,6,6,11.5,0,10.8,1.4,1.74,Graduate,2,0,1.0,0.0,1.0,0.0,-0.3333333333333339,0,0.0
2,12,1,6,1,12,1,13,14,10,6,1,0,0,1,0,0,26,0,0,6,21,3,12.666666666666666,0,0,6,15,2,11.0,0,15.5,2.8,-4.06,Dropout,0,1,0.5,0.5,0.3333333333333333,0.6666666666666667,-1.666666666666666,-1,3.0
1,1,1,6,1,1,1,22,28,7,10,0,0,0,1,0,0,19,0,0,5,9,4,13.75,1,0,5,8,4,14.5,0,7.6,2.6,0.32,Graduate,2,0,0.8,0.19999999999999996,0.8,0.19999999999999996,0.75,0,2.34
1,12,1,3,0,1,1,22,1,8,5,1,0,0,1,0,0,24,0,0,6,8,5,11.4,0,0,6,8,5,11.8,0,15.5,2.8,-4.06,Dropout,0,1,0.8333333333333334,0.16666666666666663,0.8333333333333334,0.16666666666666663,0.40000000000000036,0,1.31
1,1,2,15,1,1,21,13,1,10,10,1,0,0,1,0,1,19,1,0,6,8,6,13.166666666666666,0,0,6,6,6,13.0,0,11.1,0.6,2.02,Dropout,0,1,1.0,0.0,1.0,0.0,-0.16666666666666607,0,0.88
1,13,1,14,1,1,1,1,1,10,11,1,0,0,1,0,1,20,0,3,7,10,6,12.833333333333334,0,2,8,8,5,11.8,0,12.7,3.7,-1.7,Graduate,2,0,0.8571428571428571,0.1428571428571429,0.625,0.375,-1.0333333333333332,-1,1.4
1,9,1,14,1,1,1,13,3,10,8,1,0,0,1,0,0,19,0,0,6,8,6,14.125,0,0,6,10,5,14.5,0,11.1,0.6,2.02,Graduate,2,0,1.0,0.0,0.8333333333333334,0.16666666666666663,0.375,-1,0.88
1,1,1,6,1,1,1,23,27,10,10,1,0,0,1,0,0,21,0,0,5,10,3,11.666666666666666,0,0,5,5,5,13.0,0,10.8,1.4,1.74,Graduate,2,0,0.6,0.4,1.0,0.0,1.333333333333334,2,2.45
2,12,1,13,1,1,1,22,27,10,5,0,0,0,0,0,0,50,0,0,7,18,6,10.25,0,0,7,14,4,11.25,0,12.7,3.7,-1.7,Dropout,0,1,0.8571428571428571,0.1428571428571429,0.5714285714285714,0.4285714285714286,1.0,-2,3.58
2,12,1,13,1,1,1,22,27,10,10,0,0,0,1,0,0,47,0,1,7,16,6,12.514285714285716,0,0,7,15,4,11.75,0,12.7,3.7,-1.7,Dropout,0,1,0.8571428571428571,0.1428571428571429,0.5714285714285714,0.4285714285714286,-0.764285714285716,-2,2.19
1,13,1,16,1,1,1,1,14,5,8,0,0,0,1,0,0,24,0,9,13,17,10,11.5,0,7,13,18,9,10.444444444444445,0,16.2,0.3,-0.92,Dropout,0,1,0.7692307692307693,0.23076923076923073,0.6923076923076923,0.3076923076923077,-1.0555555555555554,-1,1.44
1,12,1,17,0,1,1,22,27,8,11,0,0,0,0,0,0,48,0,0,5,5,1,10.0,0,0,5,5,0,0.0,0,15.5,2.8,-4.06,Dropout,0,1,0.2,0.8,0.0,1.0,-10.0,-1,4.05
1,1,1,6,1,1,1,22,2,10,5,1,0,0,1,0,1,18,0,0,6,7,6,15.714285714285714,0,0,6,17,5,12.77777777777778,0,12.4,0.5,1.79,Graduate,2,0,1.0,0.0,0.8333333333333334,0.16666666666666663,-2.936507936507933,-1,0.5
1,15,1,17,0,14,1,22,27,6,6,1,0,0,1,1,0,32,0,2,6,9,4,12.5,0,3,7,7,4,11.0,0,9.4,-0.8,-3.12,Dropout,0,1,0.6666666666666666,0.33333333333333337,0.5714285714285714,0.4285714285714286,-1.5,0,1.94
1,1,1,14,1,1,1,13,3,5,1,1,0,0,0,1,0,20,0,0,5,6,3,12.0,0,0,5,5,4,12.75,0,7.6,2.6,0.32,Dropout,0,1,0.6,0.4,0.8,0.19999999999999996,0.75,1,3.0
1,12,1,7,1,1,1,22,28,10,9,0,0,1,1,1,0,24,0,0,5,11,0,0.0,0,0,5,5,0,0.0,0,16.2,0.3,-0.92,Dropout,0,1,0.0,1.0,0.0,1.0,0.0,0,6.75
2,12,1,8,1,12,1,22,28,10,10,0,0,0,1,1,0,53,0,0,5,9,4,12.25,2,0,5,8,4,11.75,0,9.4,-0.8,-3.12,Graduate,2,0,0.8,0.19999999999999996,0.8,0.19999999999999996,-0.5,0,2.74
2,12,1,15,1,12,1,13,14,10,5,0,0,1,0,1,0,42,0,0,4,5,0,0.0,0,0,4,4,0,0.0,0,13.9,-0.3,0.79,Dropout,0,1,0.0,1.0,0.0,1.0,0.0,0,8.0
2,12,1,17,0,9,1,22,27,10,10,1,0,0,1,1,0,52,0,0,5,5,5,13.6,0,0,5,5,5,14.2,0,7.6,2.6,0.32,Graduate,2,0,1.0,0.0,1.0,0.0,0.5999999999999996,0,0.0
1,14,1,3,0,1,1,23,3,18,20,0,0,0,1,1,0,54,0,9,13,14,13,13.307692307692308,0,7,11,12,11,12.818181818181818,0,12.7,3.7,-1.7,Enrolled,1,0,1.0,0.0,1.0,0.0,-0.48951048951049003,-2,0.25
2,12,1,17,0,1,1,22,27,10,11,0,0,0,1,1,0,49,0,0,5,6,5,12.2,0,0,5,9,5,11.8,0,15.5,2.8,-4.06,Graduate,2,0,1.0,0.0,1.0,0.0,-0.3999999999999986,0,0.58
1,8,1,14,1,1,1,23,27,8,6,0,0,0,1,1,1,18,0,0,6,7,6,12.285714285714286,0,0,6,7,6,13.333333333333334,1,16.2,0.3,-0.92,Graduate,2,0,1.0,0.0,1.0,0.0,1.0476190476190474,0,0.5
2,12,1,8,1,1,1,1,14,7,7,1,0,0,1,1,0,37,0,1,5,12,3,12.0,2,1,5,8,4,13.0,1,10.8,1.4,1.74,Graduate,2,0,0.6,0.4,0.8,0.19999999999999996,1.0,1,3.42
1,1,1,12,1,1,1,1,1,5,5,0,0,0,1,1,1,21,0,0,7,9,6,13.342857142857143,0,0,8,10,7,11.65,0,12.4,0.5,1.79,Graduate,2,0,0.8571428571428571,0.1428571428571429,0.875,0.125,-1.692857142857143,1,1.17
1,12,1,14,1,7,1,22,27,6,4,0,0,1,1,1,0,26,0,0,5,5,0,0.0,0,0,5,5,0,0.0,0,9.4,-0.8,-3.12,Dropout,0,1,0.0,1.0,0.0,1.0,0.0,0,6.75
1,1,1,5,1,1,1,3,1,3,4,1,0,0,1,1,0,20,0,5,12,12,11,14.272727272727272,0,5,12,12,11,14.818181818181818,0,16.2,0.3,-0.92,Graduate,2,0,0.9166666666666666,0.08333333333333337,0.9166666666666666,0.08333333333333337,0.5454545454545467,0,0.29
1,1,4,12,1,1,1,1,27,5,4,1,0,0,1,0,1,19,0,0,7,9,7,12.1375,0,0,8,9,8,12.91111111111111,0,12.4,0.5,1.79,Graduate,2,0,1.0,0.0,1.0,0.0,0.7736111111111104,1,0.78
1,1,2,5,1,1,1,23,28,10,8,1,0,0,1,0,0,18,0,0,6,7,6,14.166666666666666,0,0,6,7,6,14.857142857142858,0,9.4,-0.8,-3.12,Graduate,2,0,1.0,0.0,1.0,0.0,0.6904761904761916,0,0.5
1,8,5,12,1,1,1,1,1,5,5,1,0,0,1,0,0,18,0,0,7,7,7,13.528571428571428,0,0,8,9,8,14.655555555555557,0,12.4,0.5,1.79,Graduate,2,0,1.0,0.0,1.0,0.0,1.1269841269841283,1,0.0
1,8,2,3,0,1,1,22,14,10,10,0,0,0,1,0,0,20,0,0,6,8,5,12.0,0,0,6,8,6,11.0,0,10.8,1.4,1.74,Graduate,2,0,0.8333333333333334,0.16666666666666663,1.0,0.0,-1.0,1,1.31
1,8,4,11,1,1,1,3,3,4,4,1,0,0,1,0,0,20,0,0,5,5,5,11.4,0,0,6,11,1,11.0,0,10.8,1.4,1.74,Dropout,0,1,1.0,0.0,0.16666666666666666,0.8333333333333334,-0.40000000000000036,-4,0.0
1,1,2,2,1,1,1,3,14,5,8,1,0,0,1,0,0,21,0,0,0,0,0,0.0,0,0,0,0,0,0.0,0,8.9,1.4,3.51,Dropout,0,1,0.0,1.0,0.0,1.0,0.0,0,5.5
1,1,2,2,1,1,1,1,14,4,4,1,0,0,1,0,0,22,0,6,12,12,12,12.916666666666666,0,4,11,16,11,14.5,0,8.9,1.4,3.51,Graduate,2,0,1.0,0.0,1.0,0.0,1.583333333333334,-1,0.0
1,14,1,12,1,1,1,1,28,5,8,0,0,0,1,0,1,18,0,0,7,8,7,13.6375,0,0,8,8,8,14.3875,0,13.9,-0.3,0.79,Graduate,2,0,1.0,0.0,1.0,0.0,0.75,1,0.44
1,1,5,12,1,1,1,13,27,10,8,1,0,0,1,0,0,18,0,0,7,10,7,12.9,0,0,8,15,7,12.142857142857142,0,15.5,2.8,-4.06,Dropout,0,1,1.0,0.0,0.875,0.125,-0.757142857142858,0,1.05
1,1,1,12,1,1,1,1,28,5,10,1,0,0,1,0,1,19,0,0,8,8,7,14.36,0,0,8,8,7,14.36,0,10.8,1.4,1.74,Graduate,2,0,0.875,0.125,0.875,0.125,0.0,0,0.44
1,1,1,12,1,1,1,3,1,10,10,0,0,0,1,0,0,19,0,0,8,8,7,14.514285714285714,0,0,8,8,7,14.514285714285714,0,12.7,3.7,-1.7,Enrolled,1,0,0.875,0.125,0.875,0.125,0.0,0,0.44
1,1,3,12,1,1,1,1,1,5,8,1,0,0,1,0,0,18,0,0,8,8,7,14.7,0,0,8,8,7,14.7,0,10.8,1.4,1.74,Graduate,2,0,0.875,0.125,0.875,0.125,0.0,0,0.44
1,4,1,17,0,15,1,28,3,4,4,0,0,0,1,0,0,27,0,0,5,5,5,15.2,0,0,5,6,5,14.0,0,11.1,0.6,2.02,Enrolled,1,0,1.0,0.0,1.0,0.0,-1.1999999999999993,0,0.0
1,1,3,13,1,1,1,13,14,4,11,1,0,0,1,0,1,20,0,0,7,7,7,13.0,0,0,8,8,8,15.0625,0,12.4,0.5,1.79,Graduate,2,0,1.0,0.0,1.0,0.0,2.0625,1,0.0
1,1,2,16,1,1,1,1,1,3,10,1,0,0,1,0,0,20,0,0,6,6,6,13.5,0,0,6,6,0,0.0,0,12.7,3.7,-1.7,Dropout,0,1,1.0,0.0,0.0,1.0,-13.5,-6,0.0
1,1,2,6,1,1,1,23,1,10,4,1,0,0,1,0,0,20,0,0,5,11,5,12.333333333333334,2,0,5,7,5,12.6,0,9.4,-0.8,-3.12,Graduate,2,0,1.0,0.0,1.0,0.0,0.2666666666666657,0,2.71
1,1,1,9,1,1,1,3,14,2,5,0,0,0,1,0,0,19,0,0,5,6,5,13.4,0,0,5,6,5,13.0,0,16.2,0.3,-0.92,Graduate,2,0,1.0,0.0,1.0,0.0,-0.40000000000000036,0,0.58
1,1,2,6,1,1,1,22,14,10,9,0,0,0,1,0,0,20,0,0,5,7,4,11.75,0,0,5,9,2,10.5,0,7.6,2.6,0.32,Enrolled,1,0,0.8,0.19999999999999996,0.4,0.6,-1.25,-2,1.5
1,14,3,2,1,1,1,22,27,10,10,1,0,0,1,0,1,20,0,0,0,0,0,0.0,0,0,0,0,0,0.0,0,7.6,2.6,0.32,Graduate,2,0,0.0,1.0,0.0,1.0,0.0,0,5.5
1,1,1,2,1,1,1,3,3,2,3,1,0,0,1,0,0,20,0,0,0,0,0,0.0,0,0,0,0,0,0.0,0,13.9,-0.3,0.79,Enrolled,1,0,0.0,1.0,0.0,1.0,0.0,0,5.5
1,17,1,6,1,16,1,1,14,5,7,1,0,0,1,0,0,27,0,7,12,17,11,14.727272727272728,0,4,9,10,7,14.142857142857142,0,8.9,1.4,3.51,Graduate,2,0,0.9166666666666666,0.08333333333333337,0.7777777777777778,0.2222222222222222,-0.584415584415586,-4,1.24
1,1,2,6,1,1,1,3,3,6,3,1,0,0,1,0,0,18,0,0,6,7,6,16.571428571428573,0,0,6,6,6,15.666666666666666,0,13.9,-0.3,0.79,Graduate,2,0,1.0,0.0,1.0,0.0,-0.9047619047619069,0,0.5
1,1,1,12,1,1,1,13,1,5,5,0,0,0,1,0,0,18,0,0,7,10,7,15.145,0,0,8,8,8,15.7425,0,15.5,2.8,-4.06,Graduate,2,0,1.0,0.0,1.0,0.0,0.5975000000000001,1,1.05
1,8,1,12,1,1,1,1,27,10,8,0,0,0,1,0,1,18,0,0,7,7,7,13.44285714285714,0,0,8,8,8,15.075,0,13.9,-0.3,0.79,Graduate,2,0,1.0,0.0,1.0,0.0,1.6321428571428598,1,0.0
1,1,1,6,1,1,1,22,27,10,2,0,0,0,1,0,0,20,0,0,5,8,5,14.166666666666666,2,0,5,6,4,11.75,2,9.4,-0.8,-3.12,Graduate,2,0,1.0,0.0,0.8,0.19999999999999996,-2.416666666666666,-1,2.11
1,1,1,15,1,1,1,1,1,5,5,1,0,0,1,0,0,19,0,0,6,7,6,14.0,0,0,6,7,5,15.0,0,11.1,0.6,2.02,Enrolled,1,0,1.0,0.0,0.8333333333333334,0.16666666666666663,1.0,-1,0.5
1,8,1,10,1,1,1,1,1,6,7,0,0,0,1,0,1,20,0,0,6,9,6,11.333333333333334,0,0,6,6,6,12.333333333333334,0,10.8,1.4,1.74,Graduate,2,0,1.0,0.0,1.0,0.0,1.0,0,1.17
1,1,4,12,1,1,1,3,14,2,6,1,0,0,1,0,0,18,0,0,8,8,8,13.76125,0,0,8,8,8,13.76125,0,9.4,-0.8,-3.12,Graduate,2,0,1.0,0.0,1.0,0.0,0.0,0,0.0
1,15,1,5,1,14,1,1,28,5,7,0,0,1,0,0,0,22,0,2,7,9,5,11.6,0,5,9,9,5,10.0,0,12.4,0.5,1.79,Dropout,0,1,0.7142857142857143,0.2857142857142857,0.5555555555555556,0.4444444444444444,-1.5999999999999996,0,4.06
1,8,1,3,0,1,1,22,27,6,9,0,0,1,1,0,1,22,0,1,6,7,4,12.75,0,1,6,8,5,13.0,0,13.9,-0.3,0.79,Graduate,2,0,0.6666666666666666,0.33333333333333337,0.8333333333333334,0.16666666666666663,0.25,1,2.75
1,12,1,17,0,1,1,1,1,5,3,0,0,0,1,0,0,25,0,0,5,12,4,12.5,0,0,5,10,4,11.0,0,13.9,-0.3,0.79,Enrolled,1,0,0.8,0.19999999999999996,0.8,0.19999999999999996,-1.5,0,2.33
1,1,1,6,1,1,1,13,3,5,3,0,0,0,1,0,0,19,0,0,6,13,6,15.307692307692308,0,0,6,9,6,14.0,0,15.5,2.8,-4.06,Graduate,2,0,1.0,0.0,1.0,0.0,-1.3076923076923084,0,1.88
1,15,1,8,1,14,1,3,1,5,2,1,0,0,0,0,0,21,0,1,6,12,5,13.285714285714286,0,0,6,10,4,12.0,0,16.2,0.3,-0.92,Dropout,0,1,0.8333333333333334,0.16666666666666663,0.6666666666666666,0.33333333333333337,-1.2857142857142865,-1,3.29
1,12,1,12,1,15,1,1,1,5,5,1,0,0,1,0,0,27,0,1,7,7,7,14.757142857142856,0,1,8,9,8,14.077777777777778,0,16.2,0.3,-0.92,Graduate,2,0,1.0,0.0,1.0,0.0,-0.6793650793650787,1,0.0
1,8,4,12,1,1,1,1,1,5,10,1,0,0,1,0,0,18,0,0,7,7,6,12.766666666666666,0,0,7,7,6,12.766666666666666,0,7.6,2.6,0.32,Graduate,2,0,0.8571428571428571,0.1428571428571429,0.8571428571428571,0.1428571428571429,0.0,0,0.5
1,8,3,11,1,1,1,1,1,5,5,0,0,0,0,0,0,18,0,0,5,5,5,10.4,0,0,6,13,0,0.0,0,10.8,1.4,1.74,Dropout,0,1,1.0,0.0,0.0,1.0,-10.4,-5,1.25
1,8,1,13,1,1,1,3,3,2,8,1,0,0,1,1,0,19,0,0,7,0,0,0.0,0,0,7,0,0,0.0,0,11.1,0.6,2.02,Dropout,0,1,0.0,1.0,0.0,1.0,0.0,0,5.5
5,12,1,17,0,1,1,1,1,4,4,0,0,0,1,1,1,35,0,0,5,10,4,10.5,0,0,5,6,5,12.6,0,8.9,1.4,3.51,Graduate,2,0,0.8,0.19999999999999996,1.0,0.0,2.0999999999999996,1,2.1
1,8,1,6,1,1,1,22,26,5,12,0,0,0,1,1,0,23,0,0,5,6,4,14.25,0,0,5,6,5,13.4,0,7.6,2.6,0.32,Graduate,2,0,0.8,0.19999999999999996,1.0,0.0,-0.8499999999999996,1,1.17
1,12,1,12,1,1,1,1,27,10,10,0,0,0,1,1,0,28,0,0,7,11,3,11.916666666666666,1,0,7,17,0,0.0,0,16.2,0.3,-0.92,Dropout,0,1,0.42857142857142855,0.5714285714285714,0.0,1.0,-11.916666666666666,-3,2.83
1,1,1,7,1,1,1,23,28,10,8,1,0,0,1,1,0,19,0,0,5,10,3,10.666666666666666,0,0,5,9,2,14.0,2,7.6,2.6,0.32,Enrolled,1,0,0.6,0.4,0.4,0.6,3.333333333333334,-1,2.45
1,1,1,15,1,1,1,1,14,5,5,0,0,0,1,1,0,19,0,0,6,11,4,12.25,0,0,6,10,3,12.666666666666666,0,7.6,2.6,0.32,Enrolled,1,0,0.6666666666666666,0.33333333333333337,0.5,0.5,0.4166666666666661,-1,2.23
1,1,2,14,1,1,1,13,1,10,5,1,0,1,1,1,0,20,0,0,5,5,4,12.0,0,0,5,6,5,11.6,0,9.4,-0.8,-3.12,Dropout,0,1,0.8,0.19999999999999996,1.0,0.0,-0.40000000000000036,1,1.95
1,1,1,14,1,1,1,2,2,4,4,1,0,0,1,1,0,21,0,0,5,7,3,11.0,0,0,5,5,4,12.75,0,7.6,2.6,0.32,Dropout,0,1,0.6,0.4,0.8,0.19999999999999996,1.75,1,2.0
1,8,3,5,1,1,1,22,27,6,6,1,0,0,1,1,0,18,0,0,6,6,6,14.166666666666666,0,0,6,8,5,13.0,0,10.8,1.4,1.74,Graduate,2,0,1.0,0.0,0.8333333333333334,0.16666666666666663,-1.166666666666666,-1,0.0
1,1,5,5,1,1,1,3,3,3,3,1,0,0,1,1,0,22,0,0,6,6,6,14.666666666666666,0,0,6,6,6,15.0,0,9.4,-0.8,-3.12,Graduate,2,0,1.0,0.0,1.0,0.0,0.3333333333333339,0,0.0
1,8,3,6,1,1,1,23,1,10,10,1,0,0,1,1,0,21,0,0,5,11,0,0.0,0,0,5,10,5,12.285714285714286,1,10.8,1.4,1.74,Graduate,2,0,0.0,1.0,1.0,0.0,12.285714285714286,5,5.5
1,4,1,13,1,3,1,3,3,3,3,0,0,1,0,1,0,38,0,0,7,8,3,12.666666666666666,0,0,5,5,0,0.0,0,13.9,-0.3,0.79,Dropout,0,1,0.42857142857142855,0.5714285714285714,0.0,1.0,-12.666666666666666,-3,4.69
1,1,1,2,1,1,1,13,1,10,10,1,0,0,1,1,0,20,0,0,0,0,0,0.0,0,0,0,0,0,0.0,0,10.8,1.4,1.74,Enrolled,1,0,0.0,1.0,0.0,1.0,0.0,0,5.5
1,14,4,2,1,1,1,22,27,10,10,1,0,0,1,1,0,19,0,0,0,0,0,0.0,0,0,0,0,0,0.0,0,7.6,2.6,0.32,Dropout,0,1,0.0,1.0,0.0,1.0,0.0,0,5.5
1,4,1,7,1,1,1,19,24,1,1,0,0,0,1,1,0,24,0,0,5,0,0,0.0,0,0,5,0,0,0.0,0,7.6,2.6,0.32,Dropout,0,1,0.0,1.0,0.0,1.0,0.0,0,5.5
1,9,3,5,1,1,1,1,27,5,8,1,0,0,0,1,0,19,0,0,6,0,0,0.0,0,0,6,0,0,0.0,0,12.7,3.7,-1.7,Dropout,0,1,0.0,1.0,0.0,1.0,0.0,0,6.75
1,1,1,12,1,1,1,22,28,10,10,1,0,0,1,1,1,19,0,0,7,7,7,13.7,0,0,8,9,8,14.022222222222222,0,16.2,0.3,-0.92,Graduate,2,0,1.0,0.0,1.0,0.0,0.32222222222222285,1,0.0
1,1,1,9,1,1,1,3,14,4,11,0,0,0,1,1,0,19,0,0,5,7,5,11.8,0,0,5,8,4,12.4,2,16.2,0.3,-0.92,Enrolled,1,0,1.0,0.0,0.8,0.19999999999999996,0.5999999999999996,-1,1.0
1,12,1,7,1,3,1,3,3,4,11,0,0,0,1,1,0,31,0,0,5,0,0,0.0,0,0,5,0,0,0.0,0,10.8,1.4,1.74,Dropout,0,1,0.0,1.0,0.0,1.0,0.0,0,5.5
1,8,1,14,1,1,1,23,27,10,9,1,0,0,1,1,1,19,0,0,6,6,6,13.333333333333334,0,0,6,7,6,13.285714285714286,0,8.9,1.4,3.51,Graduate,2,0,1.0,0.0,1.0,0.0,-0.04761904761904745,0,0.0
1,8,1,5,1,1,1,13,28,5,6,1,0,0,1,1,0,22,0,0,6,7,5,11.4,0,0,6,6,6,12.166666666666666,0,7.6,2.6,0.32,Graduate,2,0,0.8333333333333334,0.16666666666666663,1.0,0.0,0.7666666666666657,1,1.0
1,12,1,6,1,1,1,19,1,1,3,0,0,0,1,1,0,25,0,0,5,5,0,0.0,0,0,5,5,0,0.0,0,7.6,2.6,0.32,Dropout,0,1,0.0,1.0,0.0,1.0,0.0,0,5.5
1,1,1,12,1,1,1,1,1,6,6,1,0,0,1,1,0,18,0,0,7,7,7,16.142857142857142,0,0,8,9,0,0.0,0,16.2,0.3,-0.92,Dropout,0,1,1.0,0.0,0.0,1.0,-16.142857142857142,-7,0.0
1,4,1,12,1,3,1,22,27,12,12,1,0,0,1,1,0,30,0,0,8,8,0,0.0,8,0,8,8,0,0.0,8,9.4,-0.8,-3.12,Dropout,0,1,0.0,1.0,0.0,1.0,0.0,0,7.5
1,1,1,12,1,1,1,23,27,10,10,0,0,0,1,1,1,18,0,0,8,8,8,15.63375,0,0,8,8,8,15.63375,0,9.4,-0.8,-3.12,Graduate,2,0,1.0,0.0,1.0,0.0,0.0,0,0.0
1,1,1,15,1,1,1,1,1,6,6,1,0,0,1,1,0,18,0,0,6,6,6,13.666666666666666,0,0,6,6,6,14.5,0,12.7,3.7,-1.7,Graduate,2,0,1.0,0.0,1.0,0.0,0.8333333333333339,0,0.0
1,8,6,15,1,1,1,19,24,1,1,0,0,0,1,1,0,18,0,0,6,0,0,0.0,0,0,6,0,0,0.0,0,7.6,2.6,0.32,Dropout,0,1,0.0,1.0,0.0,1.0,0.0,0,5.5
1,1,1,10,1,1,1,23,28,8,8,1,0,0,1,1,0,18,0,0,6,8,6,12.5,0,0,6,7,6,11.5,0,10.8,1.4,1.74,Graduate,2,0,1.0,0.0,1.0,0.0,-1.0,0,0.88
1,12,1,14,1,1,1,1,14,5,10,0,0,0,1,1,1,25,0,0,6,8,6,12.285714285714286,0,0,6,6,6,13.0,0,15.5,2.8,-4.06,Graduate,2,0,1.0,0.0,1.0,0.0,0.7142857142857135,0,0.88
1,1,1,7,1,1,1,3,1,5,2,0,0,0,1,1,0,18,0,0,5,10,2,14.0,0,0,5,7,3,11.0,1,7.6,2.6,0.32,Enrolled,1,0,0.4,0.6,0.6,0.4,-3.0,1,2.8
1,1,5,2,1,1,1,1,1,5,5,0,0,0,1,1,0,18,0,0,0,0,0,0.0,0,0,0,0,0,0.0,0,12.7,3.7,-1.7,Dropout,0,1,0.0,1.0,0.0,1.0,0.0,0,5.5
1,1,4,9,1,1,1,1,28,9,10,1,0,0,1,1,0,19,0,0,5,5,4,10.75,0,0,5,6,4,12.25,0,12.4,0.5,1.79,Enrolled,1,0,0.8,0.19999999999999996,0.8,0.19999999999999996,1.5,0,0.7
1,12,1,13,1,12,1,13,1,8,11,0,0,0,1,1,0,25,0,0,7,14,4,12.95,1,0,7,11,4,13.125,1,15.5,2.8,-4.06,Dropout,0,1,0.5714285714285714,0.4285714285714286,0.5714285714285714,0.4285714285714286,0.1750000000000007,0,2.79
1,1,3,12,1,1,1,22,28,10,6,1,0,0,1,0,0,19,0,0,7,7,6,12.45,0,0,7,7,6,12.45,0,7.6,2.6,0.32,Graduate,2,0,0.8571428571428571,0.1428571428571429,0.8571428571428571,0.1428571428571429,0.0,0,0.5
1,15,1,17,0,14,1,22,27,10,10,0,0,0,1,0,0,31,0,2,6,12,4,12.25,0,3,7,9,7,12.0,0,9.4,-0.8,-3.12,Enrolled,1,0,0.6666666666666666,0.33333333333333337,1.0,0.0,-0.25,3,2.33
1,1,3,12,1,1,1,13,14,6,5,1,0,0,1,0,1,20,0,0,8,8,8,13.38125,0,0,8,8,8,13.38125,0,9.4,-0.8,-3.12,Graduate,2,0,1.0,0.0,1.0,0.0,0.0,0,0.0
1,13,1,12,1,1,14,3,1,4,11,1,0,0,0,0,0,33,1,1,7,10,5,12.16,0,0,6,7,5,11.34,0,12.4,0.5,1.79,Dropout,0,1,0.7142857142857143,0.2857142857142857,0.8333333333333334,0.16666666666666663,-0.8200000000000003,0,3.0
1,15,1,6,1,14,1,1,3,10,5,0,0,1,0,0,0,24,0,2,6,11,4,12.5,0,1,6,18,2,11.5,0,12.4,0.5,1.79,Enrolled,1,0,0.6666666666666666,0.33333333333333337,0.3333333333333333,0.6666666666666667,-1.0,-2,4.73
1,8,4,10,1,1,1,13,27,10,10,1,0,0,1,0,1,18,0,0,6,8,6,12.75,0,0,6,10,6,12.166666666666666,0,12.7,3.7,-1.7,Graduate,2,0,1.0,0.0,1.0,0.0,-0.5833333333333339,0,0.88
1,8,2,12,1,1,1,1,14,5,11,1,0,0,1,0,0,19,0,0,8,8,8,13.3425,0,0,8,8,8,13.3425,0,9.4,-0.8,-3.12,Graduate,2,0,1.0,0.0,1.0,0.0,0.0,0,0.0
1,1,4,12,1,1,1,23,28,8,8,1,0,0,1,0,1,20,0,0,7,10,7,14.175,0,0,8,14,6,13.03125,0,15.5,2.8,-4.06,Graduate,2,0,1.0,0.0,0.75,0.25,-1.1437500000000007,-1,1.05
2,12,1,12,1,1,1,22,28,5,5,0,0,0,1,1,1,33,0,0,8,16,1,10.0,1,0,8,16,1,10.0,1,12.7,3.7,-1.7,Enrolled,1,0,0.125,0.875,0.125,0.875,0.0,0,3.53
1,12,1,7,1,1,1,23,27,8,8,0,0,0,1,1,0,24,0,0,5,9,0,0.0,0,0,5,8,2,14.5,2,7.6,2.6,0.32,Dropout,0,1,0.0,1.0,0.4,0.6,14.5,2,5.5
1,12,1,17,0,12,1,2,1,3,5,0,0,0,1,1,0,24,0,0,5,7,0,0.0,0,0,5,7,0,0.0,0,16.2,0.3,-0.92,Dropout,0,1,0.0,1.0,0.0,1.0,0.0,0,5.5
1,8,1,6,1,1,1,23,27,10,10,1,0,0,1,1,0,18,0,0,5,6,5,12.0,0,0,5,8,5,12.142857142857142,0,10.8,1.4,1.74,Graduate,2,0,1.0,0.0,1.0,0.0,0.14285714285714235,0,0.58
1,1,2,11,1,1,1,22,27,10,10,1,0,0,1,0,1,18,0,0,6,8,6,10.571428571428571,0,0,6,9,5,11.4,0,16.2,0.3,-0.92,Graduate,2,0,1.0,0.0,0.8333333333333334,0.16666666666666663,0.8285714285714292,-1,0.88
1,16,1,6,1,1,1,3,3,3,9,1,0,0,1,0,0,22,0,4,12,19,11,14.153846153846152,0,5,12,20,12,15.428571428571429,0,8.9,1.4,3.51,Graduate,2,0,0.9166666666666666,0.08333333333333337,1.0,0.0,1.2747252747252773,1,1.47
1,1,1,15,1,1,1,2,1,10,10,1,1,0,1,0,1,18,0,0,6,9,6,11.166666666666666,0,0,6,11,5,12.4,0,10.8,1.4,1.74,Graduate,2,0,1.0,0.0,0.8333333333333334,0.16666666666666663,1.2333333333333343,-1,1.17
1,1,1,2,1,1,1,13,14,4,11,1,0,0,1,0,0,21,0,13,17,20,17,12.0,0,14,17,18,17,12.666666666666666,0,11.1,0.6,2.02,Graduate,2,0,1.0,0.0,1.0,0.0,0.6666666666666661,0,0.52
2,12,1,17,0,1,1,22,27,6,2,1,0,0,1,0,0,38,0,0,5,11,3,11.333333333333334,0,0,5,9,4,12.0,0,9.4,-0.8,-3.12,Dropout,0,1,0.6,0.4,0.8,0.19999999999999996,0.6666666666666661,1,2.55
1,14,1,10,1,1,1,19,24,13,13,0,0,0,1,0,1,29,0,9,16,17,16,12.588235294117649,0,10,13,14,13,13.357142857142858,0,9.4,-0.8,-3.12,Graduate,2,0,1.0,0.0,1.0,0.0,0.7689075630252091,-3,0.21
1,15,1,8,1,14,1,23,27,5,10,1,0,0,1,0,1,20,0,0,6,11,4,12.0,0,0,6,9,4,10.75,0,16.2,0.3,-0.92,Enrolled,1,0,0.6666666666666666,0.33333333333333337,0.6666666666666666,0.33333333333333337,-1.25,0,2.23
1,8,1,11,1,1,1,23,27,5,10,1,0,0,0,0,0,18,0,0,6,0,0,0.0,0,0,6,0,0,0.0,0,12.7,3.7,-1.7,Dropout,0,1,0.0,1.0,0.0,1.0,0.0,0,6.75
2,14,1,17,0,1,1,22,27,10,10,0,0,0,1,1,0,37,0,7,12,13,12,12.25,0,8,13,13,13,12.846153846153848,0,9.4,-0.8,-3.12,Graduate,2,0,1.0,0.0,1.0,0.0,0.5961538461538485,1,0.27
1,1,3,9,1,1,1,3,3,6,11,0,0,0,1,1,0,20,0,0,5,7,5,11.6,0,0,5,5,5,12.8,0,12.4,0.5,1.79,Graduate,2,0,1.0,0.0,1.0,0.0,1.200000000000001,0,1.0
1,1,1,8,1,1,1,13,14,12,9,1,0,0,0,1,0,20,0,0,5,7,4,13.0,0,0,5,11,3,12.0,2,10.8,1.4,1.74,Dropout,0,1,0.8,0.19999999999999996,0.6,0.4,-1.0,-1,2.75
2,12,1,7,1,1,1,22,28,10,11,0,0,1,1,1,0,40,0,0,5,11,3,10.666666666666666,0,0,5,5,2,12.5,0,16.2,0.3,-0.92,Dropout,0,1,0.6,0.4,0.4,0.6,1.833333333333334,-1,3.8
2,12,1,3,0,1,1,22,3,10,11,0,0,0,1,1,0,44,0,5,11,21,9,12.333333333333334,0,8,11,16,9,11.0,0,12.4,0.5,1.79,Enrolled,1,0,0.8181818181818182,0.18181818181818177,0.8181818181818182,0.18181818181818177,-1.333333333333334,0,2.0
1,1,1,9,1,1,1,1,1,10,10,0,0,0,0,1,0,21,0,0,5,7,2,11.0,0,0,5,9,3,11.428571428571429,0,10.8,1.4,1.74,Dropout,0,1,0.4,0.6,0.6,0.4,0.4285714285714288,1,3.75
1,15,1,5,1,14,1,2,14,4,9,0,0,0,1,1,0,21,0,2,7,10,6,13.428571428571429,0,5,9,9,8,13.125,0,16.2,0.3,-0.92,Graduate,2,0,0.8571428571428571,0.1428571428571429,0.8888888888888888,0.11111111111111116,-0.3035714285714288,2,1.4
1,1,6,12,1,1,1,3,1,3,2,1,0,0,1,1,0,18,0,0,8,10,8,13.05375,2,0,8,10,8,13.05375,2,9.4,-0.8,-3.12,Graduate,2,0,1.0,0.0,1.0,0.0,0.0,0,1.2
1,1,5,12,1,1,1,1,3,10,11,1,0,0,1,1,0,18,0,0,7,10,6,12.035714285714286,0,0,8,9,7,13.75,0,13.9,-0.3,0.79,Enrolled,1,0,0.8571428571428571,0.1428571428571429,0.875,0.125,1.7142857142857135,1,1.4
1,12,1,4,1,1,1,3,1,6,10,0,0,0,1,1,0,27,0,0,6,6,6,14.166666666666666,0,0,6,7,6,13.833333333333334,0,11.1,0.6,2.02,Graduate,2,0,1.0,0.0,1.0,0.0,-0.33333333333333215,0,0.0
2,12,1,5,1,12,1,22,27,10,11,0,0,0,0,1,0,38,0,0,6,6,0,0.0,0,0,6,8,0,0.0,0,10.8,1.4,1.74,Dropout,0,1,0.0,1.0,0.0,1.0,0.0,0,6.75
1,9,1,8,1,1,1,3,3,6,3,0,0,0,1,1,0,18,0,0,6,11,5,13.6,0,0,6,13,3,12.666666666666666,0,13.9,-0.3,0.79,Dropout,0,1,0.8333333333333334,0.16666666666666663,0.5,0.5,-0.9333333333333336,-2,1.91
1,8,4,11,1,1,1,1,1,5,3,1,0,0,1,1,0,19,0,0,6,7,5,12.2,0,0,6,12,2,12.0,0,7.6,2.6,0.32,Enrolled,1,0,0.8333333333333334,0.16666666666666663,0.3333333333333333,0.6666666666666667,-0.1999999999999993,-3,1.0
1,1,1,8,1,1,1,3,14,3,10,1,0,0,1,1,0,18,0,0,6,8,6,13.714285714285714,0,0,6,7,5,13.333333333333334,0,15.5,2.8,-4.06,Dropout,0,1,1.0,0.0,0.8333333333333334,0.16666666666666663,-0.3809523809523796,-1,0.88
1,14,1,15,1,1,1,1,1,10,7,0,0,1,0,1,0,19,0,0,6,10,3,11.666666666666666,0,0,6,11,2,10.0,0,16.2,0.3,-0.92,Dropout,0,1,0.5,0.5,0.3333333333333333,0.6666666666666667,-1.666666666666666,-1,4.95
1,12,1,14,1,1,1,22,27,12,12,0,0,1,0,1,0,44,0,0,6,9,1,14.0,0,0,6,6,0,0.0,0,12.7,3.7,-1.7,Dropout,0,1,0.16666666666666666,0.8333333333333334,0.0,1.0,-14.0,-1,5.61
1,15,1,6,1,14,1,1,1,5,5,1,1,0,1,1,0,26,0,2,6,20,4,12.5,0,1,6,16,3,10.0,0,15.5,2.8,-4.06,Dropout,0,1,0.6666666666666666,0.33333333333333337,0.5,0.5,-2.5,-1,2.8
1,14,1,8,1,1,1,13,1,10,5,0,0,1,0,1,0,24,0,0,6,11,5,11.833333333333334,0,0,6,11,4,11.5,0,15.5,2.8,-4.06,Dropout,0,1,0.8333333333333334,0.16666666666666663,0.6666666666666666,0.33333333333333337,-0.3333333333333339,-1,4.41
1,12,1,4,1,1,1,13,1,10,7,1,0,0,0,1,0,27,0,0,6,6,0,0.0,0,0,6,8,0,0.0,0,15.5,2.8,-4.06,Dropout,0,1,0.0,1.0,0.0,1.0,0.0,0,6.75
1,12,1,4,1,1,1,1,1,10,5,0,0,1,0,1,0,27,0,0,6,0,0,0.0,0,0,6,0,0,0.0,0,13.9,-0.3,0.79,Dropout,0,1,0.0,1.0,0.0,1.0,0.0,0,8.0
1,14,1,5,1,1,1,23,28,8,8,1,0,0,1,1,0,25,0,11,17,18,13,11.538461538461538,0,10,15,15,10,12.4,0,12.7,3.7,-1.7,Dropout,0,1,0.7647058823529411,0.23529411764705888,0.6666666666666666,0.33333333333333337,0.861538461538462,-3,0.97
1,15,1,4,1,1,1,3,2,3,7,1,0,0,1,1,0,21,0,4,9,14,7,11.285714285714286,2,2,8,15,4,12.25,0,12.7,3.7,-1.7,Enrolled,1,0,0.7777777777777778,0.2222222222222222,0.5,0.5,0.9642857142857135,-3,2.19
1,1,1,2,1,1,1,23,14,10,10,1,0,0,1,1,1,19,0,0,0,0,0,0.0,0,0,0,0,0,0.0,0,13.9,-0.3,0.79,Graduate,2,0,0.0,1.0,0.0,1.0,0.0,0,5.5
1,8,2,5,1,1,1,24,29,4,4,1,0,0,1,1,0,20,0,0,6,7,5,11.8,0,0,6,9,4,12.0,0,15.5,2.8,-4.06,Enrolled,1,0,0.8333333333333334,0.16666666666666663,0.6666666666666666,0.33333333333333337,0.1999999999999993,-1,1.0
1,15,1,7,1,14,1,13,3,6,3,0,0,0,1,1,0,20,0,0,5,16,0,0.0,0,0,5,12,2,10.5,0,12.7,3.7,-1.7,Enrolled,1,0,0.0,1.0,0.4,0.6,10.5,2,5.5
1,8,5,7,1,1,1,3,1,3,10,1,0,1,0,1,0,20,0,0,5,5,0,0.0,0,0,5,5,0,0.0,0,8.9,1.4,3.51,Dropout,0,1,0.0,1.0,0.0,1.0,0.0,0,8.0
1,1,1,7,1,1,1,1,1,4,4,0,0,0,0,1,1,18,0,0,5,5,5,14.2,0,0,5,5,5,14.2,0,8.9,1.4,3.51,Enrolled,1,0,1.0,0.0,1.0,0.0,0.0,0,1.25
1,8,1,2,1,1,1,4,4,4,4,0,0,1,1,1,0,19,0,5,12,12,10,12.7,0,4,11,16,10,12.272727272727272,0,8.9,1.4,3.51,Enrolled,1,0,0.8333333333333334,0.16666666666666663,0.9090909090909091,0.09090909090909094,-0.4272727272727277,0,1.83
1,15,1,8,1,14,1,1,27,5,9,1,0,0,0,0,0,22,0,1,6,10,3,12.666666666666666,0,0,6,7,0,0.0,0,15.5,2.8,-4.06,Dropout,0,1,0.5,0.5,0.0,1.0,-12.666666666666666,-3,3.7
1,1,4,14,1,1,1,4,14,3,6,1,0,0,1,0,0,19,0,0,6,7,6,14.428571428571429,0,0,6,8,6,15.0,2,16.2,0.3,-0.92,Graduate,2,0,1.0,0.0,1.0,0.0,0.5714285714285712,0,0.5
1,1,4,12,1,1,1,1,1,5,8,1,0,0,1,0,1,18,0,0,7,7,7,13.117142857142856,0,0,8,9,7,12.6,0,11.1,0.6,2.02,Graduate,2,0,1.0,0.0,0.875,0.125,-0.517142857142856,0,0.0
1,1,2,10,1,1,1,13,14,29,36,1,0,1,1,0,0,20,0,0,6,7,6,12.666666666666666,0,0,6,7,6,11.833333333333334,0,8.9,1.4,3.51,Graduate,2,0,1.0,0.0,1.0,0.0,-0.8333333333333321,0,1.75
1,8,1,2,1,1,14,1,1,6,8,1,0,0,1,0,1,18,1,0,0,0,0,0.0,0,0,0,0,0,0.0,0,12.7,3.7,-1.7,Dropout,0,1,0.0,1.0,0.0,1.0,0.0,0,5.5
1,12,1,15,1,1,1,1,14,2,4,0,0,0,1,1,0,36,0,0,6,7,6,15.285714285714286,0,0,6,6,6,16.5,0,10.8,1.4,1.74,Graduate,2,0,1.0,0.0,1.0,0.0,1.2142857142857135,0,0.5
1,6,1,9,1,1,12,22,2,7,5,0,0,1,1,1,0,19,1,0,5,12,3,10.5,0,0,5,8,4,11.25,0,12.4,0.5,1.79,Graduate,2,0,0.6,0.4,0.8,0.19999999999999996,0.75,1,3.87
1,17,1,9,1,16,1,1,1,7,7,0,0,0,1,1,1,21,0,6,11,11,11,12.636363636363637,0,3,9,11,9,12.6,0,8.9,1.4,3.51,Graduate,2,0,1.0,0.0,1.0,0.0,-0.03636363636363704,-2,0.0
1,1,1,9,1,1,1,13,28,10,10,1,0,0,1,0,0,26,0,0,5,6,0,0.0,0,0,5,0,0,0.0,0,15.5,2.8,-4.06,Dropout,0,1,0.0,1.0,0.0,1.0,0.0,0,5.5
1,12,1,4,1,1,14,1,1,10,10,0,0,1,0,0,0,29,1,3,9,9,3,14.333333333333334,0,1,7,8,1,14.0,0,15.5,2.8,-4.06,Dropout,0,1,0.3333333333333333,0.6666666666666667,0.14285714285714285,0.8571428571428572,-0.3333333333333339,-2,4.83
1,15,1,11,1,14,1,13,2,10,4,0,0,0,0,1,0,26,0,2,8,14,8,15.125,0,1,6,12,6,13.666666666666666,0,11.1,0.6,2.02,Enrolled,1,0,1.0,0.0,1.0,0.0,-1.458333333333334,-2,2.75
1,4,1,12,1,3,1,3,14,3,7,0,0,0,1,1,0,27,0,0,7,0,0,0.0,0,0,8,0,0,0.0,0,12.4,0.5,1.79,Dropout,0,1,0.0,1.0,0.0,1.0,0.0,0,5.5
1,16,1,9,1,1,1,3,3,3,3,0,0,1,1,1,0,32,0,2,7,16,3,12.0,0,3,8,10,3,10.333333333333334,0,8.9,1.4,3.51,Enrolled,1,0,0.42857142857142855,0.5714285714285714,0.375,0.625,-1.666666666666666,0,4.09
1,7,3,16,1,1,1,22,14,10,6,1,0,0,1,0,1,23,0,0,6,10,4,14.25,1,0,6,8,5,12.0,0,7.6,2.6,0.32,Enrolled,1,0,0.6666666666666666,0.33333333333333337,0.8333333333333334,0.16666666666666663,-2.25,1,2.43
1,12,1,9,1,1,14,23,28,10,9,0,0,0,1,0,0,24,1,0,5,12,2,10.5,0,0,5,9,4,10.0,2,16.2,0.3,-0.92,Enrolled,1,0,0.4,0.6,0.8,0.19999999999999996,-0.5,2,2.92
1,1,2,15,1,1,1,1,1,10,10,1,0,0,1,0,1,19,0,0,6,7,6,13.5,0,0,6,7,6,14.428571428571429,0,16.2,0.3,-0.92,Graduate,2,0,1.0,0.0,1.0,0.0,0.9285714285714288,0,0.5
1,13,1,4,1,1,1,13,14,5,5,1,0,0,1,1,0,25,0,0,6,14,5,11.666666666666666,0,0,6,11,4,12.0,0,15.5,2.8,-4.06,Enrolled,1,0,0.8333333333333334,0.16666666666666663,0.6666666666666666,0.33333333333333337,0.3333333333333339,-1,2.25
1,8,6,11,1,1,1,1,14,5,6,1,0,0,1,1,0,19,0,0,6,13,5,10.8,0,0,6,12,3,10.0,0,9.4,-0.8,-3.12,Enrolled,1,0,0.8333333333333334,0.16666666666666663,0.5,0.5,-0.8000000000000007,-2,2.15
1,1,3,15,1,1,1,1,3,1,1,0,0,0,0,1,0,20,0,0,4,4,0,0.0,0,0,4,8,0,0.0,0,10.8,1.4,1.74,Dropout,0,1,0.0,1.0,0.0,1.0,0.0,0,6.75
2,1,1,11,1,1,1,13,28,5,8,0,0,0,1,1,0,33,0,3,9,11,9,12.8,0,2,7,9,7,11.428571428571429,0,12.7,3.7,-1.7,Graduate,2,0,1.0,0.0,1.0,0.0,-1.3714285714285719,-2,0.64
2,12,1,17,0,1,1,22,10,10,10,0,0,1,1,1,0,35,0,0,5,6,5,10.8,0,0,5,7,5,12.0,2,9.4,-0.8,-3.12,Dropout,0,1,1.0,0.0,1.0,0.0,1.1999999999999993,0,1.83
1,1,1,9,1,1,1,22,28,8,8,1,0,0,1,1,0,23,0,0,5,8,4,11.4,0,0,5,7,4,11.0,0,11.1,0.6,2.02,Graduate,2,0,0.8,0.19999999999999996,0.8,0.19999999999999996,-0.40000000000000036,0,1.75
1,1,1,12,1,1,1,22,14,10,10,1,0,0,1,1,0,19,0,0,7,7,7,13.725714285714286,0,0,8,8,8,14.5,0,11.1,0.6,2.02,Graduate,2,0,1.0,0.0,1.0,0.0,0.774285714285714,1,0.0
1,1,1,14,1,1,1,1,27,10,11,0,0,0,1,1,0,21,0,0,6,6,5,12.8,0,0,6,9,5,12.25,0,10.8,1.4,1.74,Enrolled,1,0,0.8333333333333334,0.16666666666666663,0.8333333333333334,0.16666666666666663,-0.5500000000000007,0,0.58
1,1,5,5,1,1,1,1,14,4,4,1,0,0,1,1,1,21,0,0,6,6,6,13.5,0,0,6,6,6,11.166666666666666,0,11.1,0.6,2.02,Graduate,2,0,1.0,0.0,1.0,0.0,-2.333333333333334,0,0.0
1,12,1,12,1,1,1,22,27,4,8,0,0,0,1,1,0,27,0,0,8,8,7,15.57,0,0,8,8,7,15.57,0,10.8,1.4,1.74,Dropout,0,1,0.875,0.125,0.875,0.125,0.0,0,0.44
1,8,3,9,1,1,1,3,28,15,36,1,0,1,1,1,0,19,0,0,5,10,4,11.0,0,0,5,13,2,12.0,0,8.9,1.4,3.51,Enrolled,1,0,0.8,0.19999999999999996,0.4,0.6,1.0,-2,3.35
1,4,2,12,1,3,1,22,28,10,10,0,0,0,1,1,0,28,0,0,7,7,7,14.114285714285714,0,0,8,9,8,15.91111111111111,0,16.2,0.3,-0.92,Dropout,0,1,1.0,0.0,1.0,0.0,1.7968253968253958,1,0.0
1,14,1,9,1,1,1,22,28,8,8,0,0,0,1,1,0,25,0,0,5,12,3,11.0,1,0,5,12,4,11.5,0,9.4,-0.8,-3.12,Enrolled,1,0,0.6,0.4,0.8,0.19999999999999996,0.5,1,3.02
2,12,1,10,1,12,1,22,27,10,5,0,0,0,1,1,0,42,0,0,6,0,0,0.0,0,0,6,0,0,0.0,0,15.5,2.8,-4.06,Dropout,0,1,0.0,1.0,0.0,1.0,0.0,0,5.5
1,4,1,17,0,3,1,22,27,10,10,0,0,0,1,1,0,27,0,0,5,6,4,13.5,0,0,5,6,4,13.75,0,7.6,2.6,0.32,Graduate,2,0,0.8,0.19999999999999996,0.8,0.19999999999999996,0.25,0,1.17
1,1,1,5,1,1,1,3,3,1,2,1,0,0,1,1,0,23,0,0,6,9,4,11.25,1,0,6,10,0,0.0,4,7.6,2.6,0.32,Dropout,0,1,0.6666666666666666,0.33333333333333337,0.0,1.0,-11.25,-4,2.28
1,8,3,11,1,1,1,13,1,5,5,1,0,0,1,1,1,18,0,0,6,7,6,12.142857142857142,0,0,6,8,6,11.333333333333334,0,8.9,1.4,3.51,Graduate,2,0,1.0,0.0,1.0,0.0,-0.8095238095238084,0,0.5
2,12,1,12,1,1,1,22,27,10,5,0,0,0,1,1,0,26,0,0,8,8,7,13.075714285714286,0,0,8,8,7,13.075714285714286,0,10.8,1.4,1.74,Graduate,2,0,0.875,0.125,0.875,0.125,0.0,0,0.44
1,1,4,9,1,1,1,3,1,4,11,0,0,0,1,1,0,18,0,0,5,0,0,0.0,0,0,5,0,0,0.0,0,8.9,1.4,3.51,Dropout,0,1,0.0,1.0,0.0,1.0,0.0,0,5.5
1,12,1,17,0,1,1,3,5,3,3,0,0,1,1,1,0,29,0,1,5,9,3,11.0,0,0,5,11,2,13.5,0,12.7,3.7,-1.7,Dropout,0,1,0.6,0.4,0.4,0.6,2.5,-1,3.58
1,8,1,6,1,1,1,1,1,5,8,1,0,0,1,1,0,22,0,0,6,16,0,0.0,0,0,6,7,0,0.0,0,16.2,0.3,-0.92,Dropout,0,1,0.0,1.0,0.0,1.0,0.0,0,5.5
1,14,1,12,1,1,1,13,27,27,42,1,0,0,1,0,0,21,0,0,7,12,4,13.125,0,0,7,8,6,12.333333333333334,0,13.9,-0.3,0.79,Enrolled,1,0,0.5714285714285714,0.4285714285714286,0.8571428571428571,0.1428571428571429,-0.7916666666666661,2,2.33
1,1,3,12,1,1,1,23,28,8,10,1,0,0,1,0,1,19,0,0,8,8,7,13.512857142857142,0,0,8,8,7,13.512857142857142,0,10.8,1.4,1.74,Graduate,2,0,0.875,0.125,0.875,0.125,0.0,0,0.44
1,1,1,10,1,1,1,23,27,10,8,1,0,0,1,0,1,18,0,0,6,7,6,12.833333333333334,0,0,6,6,6,12.166666666666666,0,10.8,1.4,1.74,Graduate,2,0,1.0,0.0,1.0,0.0,-0.6666666666666679,0,0.5
1,1,3,6,1,1,1,23,1,10,10,1,0,0,1,0,1,18,0,0,5,8,3,15.0,2,0,5,9,3,11.666666666666666,0,9.4,-0.8,-3.12,Dropout,0,1,0.6,0.4,0.6,0.4,-3.333333333333334,0,2.99
1,12,1,4,1,12,1,22,28,5,10,0,0,1,0,0,0,40,0,0,6,12,5,12.8,0,0,6,16,3,13.333333333333334,0,11.1,0.6,2.02,Dropout,0,1,0.8333333333333334,0.16666666666666663,0.5,0.5,0.5333333333333332,-2,4.54
1,8,3,11,1,1,12,23,3,10,4,1,0,1,0,0,0,20,1,0,6,14,3,12.333333333333334,0,0,6,16,0,0.0,0,10.8,1.4,1.74,Dropout,0,1,0.5,0.5,0.0,1.0,-12.333333333333334,-3,5.25
1,1,3,12,1,1,1,3,1,5,2,1,0,0,1,1,0,18,0,0,8,15,5,12.288,1,0,8,15,5,12.288,1,10.8,1.4,1.74,Dropout,0,1,0.625,0.375,0.625,0.375,0.0,0,2.58
1,14,2,3,0,3,1,19,24,1,1,0,0,0,1,1,0,31,0,8,12,21,12,12.333333333333334,0,6,10,13,7,13.285714285714286,2,7.6,2.6,0.32,Graduate,2,0,1.0,0.0,0.7,0.30000000000000004,0.9523809523809526,-5,1.5
1,1,2,9,1,1,1,1,1,10,10,0,0,0,1,1,1,18,0,0,5,9,4,11.5,0,0,5,5,5,12.8,0,12.4,0.5,1.79,Graduate,2,0,0.8,0.19999999999999996,1.0,0.0,1.3000000000000007,1,1.94
1,14,2,14,1,1,1,13,1,5,5,1,0,0,1,1,0,22,0,4,6,6,6,11.833333333333334,0,0,6,11,4,11.142857142857142,0,10.8,1.4,1.74,Dropout,0,1,1.0,0.0,0.6666666666666666,0.33333333333333337,-0.6904761904761916,-2,0.0
1,16,1,9,1,12,1,13,14,10,6,0,0,1,0,1,0,38,0,0,5,5,0,0.0,0,0,5,5,0,0.0,0,8.9,1.4,3.51,Dropout,0,1,0.0,1.0,0.0,1.0,0.0,0,8.0
1,14,1,17,0,3,1,3,1,3,10,0,0,0,1,1,0,33,0,0,5,5,0,0.0,0,0,5,5,0,0.0,0,12.7,3.7,-1.7,Dropout,0,1,0.0,1.0,0.0,1.0,0.0,0,5.5
1,1,3,7,1,1,1,1,1,4,6,0,0,0,1,1,1,19,0,0,5,10,5,11.8,0,0,5,12,3,11.5,0,11.1,0.6,2.02,Enrolled,1,0,1.0,0.0,0.6,0.4,-0.3000000000000007,-2,1.75
1,8,1,14,1,1,1,3,3,2,2,0,0,0,1,1,0,18,0,0,6,0,0,0.0,0,0,6,0,0,0.0,0,15.5,2.8,-4.06,Dropout,0,1,0.0,1.0,0.0,1.0,0.0,0,5.5
1,1,5,7,1,1,1,1,14,5,8,0,0,0,0,1,1,18,0,0,5,6,5,12.2,0,0,5,8,4,12.0,0,8.9,1.4,3.51,Enrolled,1,0,1.0,0.0,0.8,0.19999999999999996,-0.1999999999999993,-1,1.83
1,16,1,17,0,1,1,1,1,6,4,1,0,0,1,1,0,27,0,2,6,6,6,12.333333333333334,0,0,5,5,5,13.0,0,11.1,0.6,2.02,Graduate,2,0,1.0,0.0,1.0,0.0,0.6666666666666661,-1,0.0
1,12,1,11,1,1,1,22,27,10,10,0,0,0,1,1,0,26,0,0,6,7,6,12.428571428571429,0,0,6,6,6,12.833333333333334,0,7.6,2.6,0.32,Graduate,2,0,1.0,0.0,1.0,0.0,0.4047619047619051,0,0.5
1,1,6,12,1,1,1,1,14,4,4,1,0,0,1,0,1,19,0,0,7,7,7,12.765714285714289,0,0,8,9,8,13.544444444444444,0,12.4,0.5,1.79,Graduate,2,0,1.0,0.0,1.0,0.0,0.7787301587301556,1,0.0
2,16,1,12,1,1,1,22,27,6,6,0,0,0,1,1,0,44,0,0,7,11,5,12.1,0,0,7,10,5,12.6,0,11.1,0.6,2.02,Dropout,0,1,0.7142857142857143,0.2857142857142857,0.7142857142857143,0.2857142857142857,0.5,0,1.91
1,1,2,9,1,1,1,22,28,10,10,1,0,0,1,1,0,19,0,0,5,10,5,12.0,0,0,5,9,5,11.5,0,13.9,-0.3,0.79,Graduate,2,0,1.0,0.0,1.0,0.0,-0.5,0,1.75
1,9,1,5,1,1,1,1,27,5,8,1,0,0,1,1,0,20,0,0,6,6,0,0.0,0,0,6,6,0,0.0,0,9.4,-0.8,-3.12,Dropout,0,1,0.0,1.0,0.0,1.0,0.0,0,5.5
1,12,1,4,1,12,1,13,27,2,2,0,0,1,1,1,0,24,0,0,6,10,6,14.88888888888889,0,0,6,11,6,13.727272727272728,0,16.2,0.3,-0.92,Enrolled,1,0,1.0,0.0,1.0,0.0,-1.1616161616161609,0,2.65
4,14,1,17,0,1,1,22,27,7,7,0,0,0,1,0,0,31,0,7,14,19,13,11.357142857142858,0,9,14,14,13,12.0,1,9.4,-0.8,-3.12,Graduate,2,0,0.9285714285714286,0.0714285714285714,0.9285714285714286,0.0714285714285714,0.6428571428571423,0,1.11
1,14,1,5,1,1,1,22,27,10,10,1,0,0,1,0,0,25,0,0,6,6,6,13.5,0,0,6,6,6,12.5,0,9.4,-0.8,-3.12,Graduate,2,0,1.0,0.0,1.0,0.0,-1.0,0,0.0
1,8,4,15,1,1,1,2,27,10,10,1,0,1,0,0,0,19,0,0,6,6,0,0.0,0,0,6,0,0,0.0,0,8.9,1.4,3.51,Dropout,0,1,0.0,1.0,0.0,1.0,0.0,0,8.0
1,8,3,12,1,1,1,3,2,4,4,1,0,0,1,0,0,18,0,0,7,7,7,13.884285714285712,0,0,8,9,8,14.75,0,11.1,0.6,2.02,Dropout,0,1,1.0,0.0,1.0,0.0,0.8657142857142883,1,0.0
1,14,1,6,1,1,1,13,28,5,10,1,0,0,0,0,0,19,0,0,6,12,5,13.0,0,0,6,12,3,11.666666666666666,0,13.9,-0.3,0.79,Enrolled,1,0,0.8333333333333334,0.16666666666666663,0.5,0.5,-1.333333333333334,-2,3.29
1,1,3,12,1,1,1,3,1,5,4,1,0,0,1,0,1,19,0,0,7,11,4,12.65,0,0,7,9,5,11.1,0,12.4,0.5,1.79,Enrolled,1,0,0.5714285714285714,0.4285714285714286,0.7142857142857143,0.2857142857142857,-1.5500000000000007,1,2.23
1,8,1,9,1,1,1,1,28,5,6,1,0,0,1,0,0,19,0,0,5,10,1,11.0,0,0,5,13,0,0.0,0,12.7,3.7,-1.7,Enrolled,1,0,0.2,0.8,0.0,1.0,-11.0,-1,3.15
1,12,1,14,1,1,1,1,1,5,5,0,0,0,1,0,0,24,0,0,6,12,2,11.666666666666666,0,0,6,20,2,10.5,6,16.2,0.3,-0.92,Dropout,0,1,0.3333333333333333,0.6666666666666667,0.3333333333333333,0.6666666666666667,-1.166666666666666,0,2.92
1,1,1,10,1,1,1,3,3,4,4,0,0,0,1,0,0,20,0,0,6,6,6,14.5,0,0,6,6,6,12.666666666666666,0,12.4,0.5,1.79,Graduate,2,0,1.0,0.0,1.0,0.0,-1.833333333333334,0,0.0
1,8,1,11,1,1,1,13,27,6,4,0,0,0,1,0,0,18,0,0,6,7,6,14.714285714285714,0,0,6,7,6,14.166666666666666,0,12.7,3.7,-1.7,Graduate,2,0,1.0,0.0,1.0,0.0,-0.5476190476190474,0,0.5
1,1,1,10,1,1,1,23,1,6,8,0,0,0,1,0,1,18,0,0,6,7,6,13.285714285714286,0,0,6,6,6,14.333333333333334,0,12.4,0.5,1.79,Graduate,2,0,1.0,0.0,1.0,0.0,1.0476190476190474,0,0.5
1,8,1,6,1,1,1,1,28,5,10,1,0,0,1,0,0,21,0,0,5,13,3,11.333333333333334,2,0,5,12,2,10.5,1,9.4,-0.8,-3.12,Enrolled,1,0,0.6,0.4,0.4,0.6,-0.8333333333333339,-1,3.49
1,4,1,12,1,3,1,22,27,5,6,0,0,1,0,0,0,28,0,0,7,7,0,0.0,7,0,7,7,0,0.0,7,13.9,-0.3,0.79,Dropout,0,1,0.0,1.0,0.0,1.0,0.0,0,10.0
1,1,1,9,1,1,1,23,27,6,7,0,0,0,1,0,1,18,0,0,5,11,4,11.571428571428571,0,0,5,9,5,12.0,0,13.9,-0.3,0.79,Enrolled,1,0,0.8,0.19999999999999996,1.0,0.0,0.4285714285714288,1,2.23
1,1,1,16,1,1,1,22,14,10,9,0,0,1,1,0,0,18,0,0,6,10,5,13.0,0,0,6,10,4,11.5,0,12.7,3.7,-1.7,Dropout,0,1,0.8333333333333334,0.16666666666666663,0.6666666666666666,0.33333333333333337,-1.5,-1,3.0
1,1,1,10,1,1,1,1,1,5,5,0,0,0,1,0,1,18,0,0,6,9,6,11.5,0,0,6,11,5,14.0,0,11.1,0.6,2.02,Graduate,2,0,1.0,0.0,0.8333333333333334,0.16666666666666663,2.5,-1,1.17
1,8,2,9,1,1,1,22,14,10,9,1,0,0,1,0,1,18,0,0,5,8,5,11.8,0,0,5,10,5,11.6,3,16.2,0.3,-0.92,Graduate,2,0,1.0,0.0,1.0,0.0,-0.20000000000000107,0,1.31
1,1,1,9,1,1,1,13,14,10,10,1,0,0,0,0,1,19,0,0,5,7,3,10.666666666666666,0,0,5,10,3,12.285714285714286,0,10.8,1.4,1.74,Dropout,0,1,0.6,0.4,0.6,0.4,1.6190476190476204,0,3.25
1,8,1,12,1,1,1,13,28,4,10,0,0,0,1,0,1,19,0,0,7,11,6,13.8875,0,0,8,9,8,14.864444444444445,0,15.5,2.8,-4.06,Graduate,2,0,0.8571428571428571,0.1428571428571429,1.0,0.0,0.9769444444444453,2,1.59
1,1,1,10,1,1,1,23,28,29,43,0,0,1,1,0,1,20,0,0,6,7,5,11.4,0,0,6,9,6,11.5,0,8.9,1.4,3.51,Graduate,2,0,0.8333333333333334,0.16666666666666663,1.0,0.0,0.09999999999999964,1,2.25
2,14,1,3,0,1,1,22,14,10,4,0,0,0,1,0,0,34,0,9,11,17,9,12.333333333333334,0,3,7,12,7,12.142857142857142,0,9.4,-0.8,-3.12,Graduate,2,0,0.8181818181818182,0.18181818181818177,1.0,0.0,-0.19047619047619158,-2,1.65
2,12,1,12,1,1,1,22,27,10,10,1,0,0,1,0,0,39,0,0,7,8,5,12.16,0,0,7,8,5,12.16,0,7.6,2.6,0.32,Enrolled,1,0,0.7142857142857143,0.2857142857142857,0.7142857142857143,0.2857142857142857,0.0,0,1.31
1,8,3,12,1,1,1,3,14,3,6,1,0,0,1,0,0,19,0,0,8,8,8,13.427499999999998,0,0,8,8,8,13.427499999999998,0,9.4,-0.8,-3.12,Graduate,2,0,1.0,0.0,1.0,0.0,0.0,0,0.0
1,12,1,5,1,1,1,1,14,5,5,1,0,0,1,0,0,24,0,0,6,6,6,15.166666666666666,0,0,6,6,2,15.5,0,15.5,2.8,-4.06,Graduate,2,0,1.0,0.0,0.3333333333333333,0.6666666666666667,0.3333333333333339,-4,0.0
1,5,1,15,1,1,9,23,27,1,6,1,0,0,1,0,0,18,1,0,6,12,0,0.0,1,0,6,0,0,0.0,0,9.4,-0.8,-3.12,Dropout,0,1,0.0,1.0,0.0,1.0,0.0,0,5.83
1,8,1,8,1,1,1,13,14,4,11,1,0,0,1,1,0,19,0,0,5,11,2,10.5,2,0,5,9,0,0.0,3,10.8,1.4,1.74,Dropout,0,1,0.4,0.6,0.0,1.0,-10.5,-2,3.66
1,1,1,9,1,1,1,1,28,4,7,0,0,0,1,1,1,18,0,0,5,5,5,11.8,0,0,5,8,3,11.0,0,9.4,-0.8,-3.12,Graduate,2,0,1.0,0.0,0.6,0.4,-0.8000000000000007,-2,0.0
1,1,2,9,1,1,1,3,1,4,4,1,1,1,1,1,0,20,0,0,5,6,5,13.2,0,0,5,10,5,11.4,3,16.2,0.3,-0.92,Enrolled,1,0,1.0,0.0,1.0,0.0,-1.799999999999999,0,1.83
1,1,6,12,1,1,1,1,1,10,10,1,1,1,1,1,0,19,0,2,7,8,7,13.075,0,1,8,11,8,12.36111111111111,0,12.4,0.5,1.79,Graduate,2,0,1.0,0.0,1.0,0.0,-0.7138888888888886,1,1.69
1,1,1,8,1,1,1,3,14,3,5,1,0,0,1,1,0,19,0,0,6,8,4,11.6,0,0,6,14,2,13.0,0,11.1,0.6,2.02,Dropout,0,1,0.6666666666666666,0.33333333333333337,0.3333333333333333,0.6666666666666667,1.4000000000000004,-2,1.75
1,8,1,4,1,1,1,22,3,6,3,0,0,0,1,1,0,19,0,0,6,10,6,13.666666666666666,0,0,6,10,4,12.25,0,13.9,-0.3,0.79,Dropout,0,1,1.0,0.0,0.6666666666666666,0.33333333333333337,-1.416666666666666,-2,1.4
2,12,1,17,0,1,1,21,12,10,11,1,0,0,1,1,0,41,0,0,5,9,4,10.75,0,0,5,7,2,10.0,0,9.4,-0.8,-3.12,Dropout,0,1,0.8,0.19999999999999996,0.4,0.6,-0.75,-2,1.94
1,1,2,12,1,1,1,5,5,3,3,0,0,0,1,1,0,19,0,0,7,10,6,13.492857142857144,0,0,8,9,8,12.68888888888889,0,12.4,0.5,1.79,Graduate,2,0,0.8571428571428571,0.1428571428571429,1.0,0.0,-0.8039682539682538,2,1.4
1,14,3,11,1,1,1,3,3,3,3,0,0,0,1,1,0,19,0,0,6,14,3,12.5,0,0,6,9,4,11.0,0,12.7,3.7,-1.7,Enrolled,1,0,0.5,0.5,0.6666666666666666,0.33333333333333337,-1.5,1,2.75
1,4,1,12,1,3,1,1,1,8,11,1,0,0,0,1,0,23,0,0,7,0,0,0.0,0,0,8,0,0,0.0,0,12.7,3.7,-1.7,Dropout,0,1,0.0,1.0,0.0,1.0,0.0,0,6.75
1,1,1,7,1,1,1,13,28,10,8,0,0,0,1,1,0,18,0,0,5,12,5,13.285714285714286,0,0,5,16,5,14.8,0,12.4,0.5,1.79,Dropout,0,1,1.0,0.0,1.0,0.0,1.5142857142857142,0,2.04
1,1,1,9,1,1,1,3,14,4,4,0,0,0,1,1,0,19,0,0,5,6,5,12.6,0,0,5,13,5,11.8,5,16.2,0.3,-0.92,Graduate,2,0,1.0,0.0,1.0,0.0,-0.7999999999999989,0,0.58
1,15,1,4,1,14,1,3,3,3,11,1,0,0,1,1,0,20,0,0,6,7,6,14.0,0,0,6,7,6,14.666666666666666,0,12.4,0.5,1.79,Graduate,2,0,1.0,0.0,1.0,0.0,0.6666666666666661,0,0.5
1,12,1,6,1,1,1,22,27,12,12,0,0,1,0,1,0,35,0,0,5,7,2,11.5,0,0,5,8,2,10.5,0,7.6,2.6,0.32,Dropout,0,1,0.4,0.6,0.4,0.6,-1.0,0,5.0
4,12,2,14,1,12,1,13,1,12,12,0,0,0,0,1,0,34,0,0,6,6,0,0.0,0,0,6,9,0,0.0,0,10.8,1.4,1.74,Dropout,0,1,0.0,1.0,0.0,1.0,0.0,0,6.75
1,1,1,5,1,1,1,3,3,10,10,1,0,1,0,0,1,19,0,0,6,6,6,11.833333333333334,0,0,6,8,6,12.875,0,10.8,1.4,1.74,Graduate,2,0,1.0,0.0,1.0,0.0,1.041666666666666,0,2.5
1,6,1,10,1,1,12,13,1,10,10,1,0,1,0,1,0,22,1,0,6,10,5,11.5,0,0,6,8,5,12.4,0,13.9,-0.3,0.79,Graduate,2,0,0.8333333333333334,0.16666666666666663,0.8333333333333334,0.16666666666666663,0.9000000000000004,0,4.25
1,8,3,5,1,1,1,1,4,5,3,0,0,0,1,1,0,20,0,0,6,6,6,14.166666666666666,0,0,6,8,6,12.333333333333334,0,11.1,0.6,2.02,Graduate,2,0,1.0,0.0,1.0,0.0,-1.8333333333333321,0,0.0
2,13,1,17,0,1,1,3,2,3,3,0,0,0,1,1,0,27,0,2,2,2,2,12.5,0,0,5,6,2,12.5,0,12.7,3.7,-1.7,Enrolled,1,0,1.0,0.0,0.4,0.6,0.0,0,0.0
2,12,1,7,1,1,1,13,14,1,6,0,0,1,1,1,0,30,0,0,5,5,0,0.0,0,0,5,5,0,0.0,0,7.6,2.6,0.32,Dropout,0,1,0.0,1.0,0.0,1.0,0.0,0,6.75
1,12,1,7,1,1,1,1,1,5,5,0,0,0,1,1,0,34,0,0,5,7,0,0.0,0,0,5,8,1,11.0,0,10.8,1.4,1.74,Enrolled,1,0,0.0,1.0,0.2,0.8,11.0,1,5.5
1,1,1,11,1,1,1,1,1,6,5,1,0,0,0,1,0,20,0,0,6,14,2,10.5,0,0,6,16,0,0.0,0,10.8,1.4,1.74,Dropout,0,1,0.3333333333333333,0.6666666666666667,0.0,1.0,-10.5,-2,4.25
1,8,1,5,1,1,1,22,28,10,6,1,0,0,1,1,0,18,0,0,6,6,6,11.833333333333334,0,0,6,6,6,13.166666666666666,0,7.6,2.6,0.32,Graduate,2,0,1.0,0.0,1.0,0.0,1.3333333333333321,0,0.0
1,1,1,8,1,1,1,7,14,5,5,0,0,0,1,1,1,26,0,0,5,9,0,0.0,0,0,5,6,0,0.0,0,7.6,2.6,0.32,Dropout,0,1,0.0,1.0,0.0,1.0,0.0,0,5.5
1,12,1,17,0,1,1,1,1,4,8,0,0,0,1,1,0,26,0,0,5,5,5,12.4,0,0,5,5,5,12.4,0,15.5,2.8,-4.06,Graduate,2,0,1.0,0.0,1.0,0.0,0.0,0,0.0
1,12,2,9,1,1,1,13,14,6,10,0,0,0,0,1,0,26,0,0,5,5,2,10.5,0,0,5,9,0,0.0,0,10.8,1.4,1.74,Dropout,0,1,0.4,0.6,0.0,1.0,-10.5,-2,3.35
1,12,1,17,0,1,1,22,27,10,7,0,0,1,0,1,0,31,0,0,5,9,0,0.0,0,0,5,6,0,0.0,0,12.4,0.5,1.79,Dropout,0,1,0.0,1.0,0.0,1.0,0.0,0,8.0
1,1,3,2,1,1,1,22,14,10,9,1,0,0,1,1,1,20,0,6,12,12,12,14.583333333333334,0,4,11,14,11,14.333333333333334,0,8.9,1.4,3.51,Graduate,2,0,1.0,0.0,1.0,0.0,-0.25,-1,0.0
1,1,1,15,1,1,1,13,9,1,1,1,0,0,1,1,0,19,0,0,6,6,6,11.666666666666666,0,0,6,10,3,12.666666666666666,0,7.6,2.6,0.32,Graduate,2,0,1.0,0.0,0.5,0.5,1.0,-3,0.0
1,8,1,14,1,1,1,19,3,8,3,1,0,1,0,1,0,23,0,0,5,5,0,0.0,0,0,5,5,0,0.0,0,7.6,2.6,0.32,Dropout,0,1,0.0,1.0,0.0,1.0,0.0,0,8.0
1,1,6,12,1,1,1,1,1,5,5,1,0,0,1,1,1,20,0,0,7,14,1,13.0,0,0,7,15,0,0.0,0,11.1,0.6,2.02,Dropout,0,1,0.14285714285714285,0.8571428571428572,0.0,1.0,-13.0,-1,3.25
1,16,1,12,1,1,1,1,1,5,11,0,0,0,1,1,0,20,0,0,7,7,7,15.66,0,7,10,11,9,15.011111111111113,0,11.1,0.6,2.02,Graduate,2,0,1.0,0.0,0.9,0.09999999999999998,-0.6488888888888873,2,0.0
1,12,1,3,0,1,1,19,24,1,1,1,0,0,1,1,0,29,0,0,6,10,0,0.0,1,0,5,10,0,0.0,0,7.6,2.6,0.32,Dropout,0,1,0.0,1.0,0.0,1.0,0.0,0,5.83
1,1,4,15,1,1,1,13,14,8,8,1,0,0,1,1,1,20,0,0,6,6,6,12.166666666666666,0,0,6,8,4,12.75,0,9.4,-0.8,-3.12,Graduate,2,0,1.0,0.0,0.6666666666666666,0.33333333333333337,0.5833333333333339,-2,0.0
1,1,1,12,1,1,1,22,27,10,10,0,0,0,1,1,0,24,0,0,7,7,6,13.3,0,0,7,7,6,13.3,0,7.6,2.6,0.32,Graduate,2,0,0.8571428571428571,0.1428571428571429,0.8571428571428571,0.1428571428571429,0.0,0,0.5
1,12,1,13,1,12,1,27,1,4,8,0,0,0,1,1,0,37,0,0,7,15,0,0.0,0,0,7,13,0,0.0,1,11.1,0.6,2.02,Dropout,0,1,0.0,1.0,0.0,1.0,0.0,0,5.5
1,1,5,12,1,1,1,22,14,5,5,1,0,0,1,1,0,18,0,0,7,0,0,0.0,0,0,8,0,0,0.0,0,7.6,2.6,0.32,Dropout,0,1,0.0,1.0,0.0,1.0,0.0,0,5.5
1,1,2,2,1,1,1,2,14,6,6,1,0,1,0,1,1,18,0,0,0,0,0,0.0,0,0,0,0,0,0.0,0,13.9,-0.3,0.79,Dropout,0,1,0.0,1.0,0.0,1.0,0.0,0,8.0
1,8,1,12,1,1,1,13,3,5,10,0,0,0,1,1,0,18,0,0,8,8,7,13.55714285714286,0,0,8,8,7,13.55714285714286,0,12.7,3.7,-1.7,Graduate,2,0,0.875,0.125,0.875,0.125,0.0,0,0.44
2,15,1,7,1,14,1,22,27,10,10,0,0,1,1,1,0,41,0,3,7,15,5,14.333333333333334,0,1,6,16,6,14.636363636363637,0,12.4,0.5,1.79,Enrolled,1,0,0.7142857142857143,0.2857142857142857,1.0,0.0,0.30303030303030276,1,3.58
1,12,1,4,1,1,1,22,27,10,5,0,0,0,1,1,0,35,0,0,6,16,4,12.0,0,0,6,11,3,10.333333333333334,0,13.9,-0.3,0.79,Dropout,0,1,0.6666666666666666,0.33333333333333337,0.5,0.5,-1.666666666666666,-1,2.62
1,8,1,11,1,1,1,13,28,10,10,0,0,0,1,0,0,19,0,0,5,5,0,0.0,0,0,6,0,0,0.0,0,8.9,1.4,3.51,Dropout,0,1,0.0,1.0,0.0,1.0,0.0,0,5.5
1,1,1,2,1,1,1,1,14,11,6,1,0,0,1,1,0,18,0,0,0,0,0,0.0,0,0,0,0,0,0.0,0,10.8,1.4,1.74,Graduate,2,0,0.0,1.0,0.0,1.0,0.0,0,5.5
2,12,1,12,1,1,1,22,27,29,37,0,0,0,1,0,0,48,0,0,7,11,4,11.75,0,0,7,14,3,11.725,0,11.1,0.6,2.02,Enrolled,1,0,0.5714285714285714,0.4285714285714286,0.42857142857142855,0.5714285714285714,-0.025000000000000355,-1,2.23
1,1,1,12,1,1,1,13,2,10,4,1,0,0,1,0,0,19,0,0,7,7,6,12.183333333333332,0,0,7,7,6,12.183333333333332,0,7.6,2.6,0.32,Graduate,2,0,0.8571428571428571,0.1428571428571429,0.8571428571428571,0.1428571428571429,0.0,0,0.5
1,15,1,4,1,14,1,22,27,10,8,1,0,0,0,1,0,30,0,4,9,18,6,11.833333333333334,0,1,8,21,4,11.0,0,15.5,2.8,-4.06,Dropout,0,1,0.6666666666666666,0.33333333333333337,0.5,0.5,-0.8333333333333339,-2,3.58
2,14,1,15,1,1,1,22,27,6,1,0,0,1,0,1,0,51,0,0,4,4,0,0.0,0,0,4,4,0,0.0,0,12.7,3.7,-1.7,Dropout,0,1,0.0,1.0,0.0,1.0,0.0,0,8.0
1,5,1,6,1,1,9,2,14,3,9,0,0,0,1,0,0,18,1,0,6,8,6,15.0,0,0,6,10,5,14.333333333333334,0,11.1,0.6,2.02,Graduate,2,0,1.0,0.0,0.8333333333333334,0.16666666666666663,-0.6666666666666661,-1,0.88
1,1,1,2,1,1,1,1,1,10,4,1,0,0,1,0,0,18,0,0,0,0,0,0.0,0,0,0,0,0,0.0,0,10.8,1.4,1.74,Graduate,2,0,0.0,1.0,0.0,1.0,0.0,0,5.5
1,1,1,2,1,1,1,25,33,5,5,1,0,0,1,0,0,18,0,0,0,0,0,0.0,0,0,0,0,0,0.0,0,11.1,0.6,2.02,Graduate,2,0,0.0,1.0,0.0,1.0,0.0,0,5.5
1,1,5,12,1,1,1,23,27,8,8,1,0,0,1,0,1,18,0,0,8,8,8,13.435,0,0,8,8,8,13.435,0,9.4,-0.8,-3.12,Graduate,2,0,1.0,0.0,1.0,0.0,0.0,0,0.0
1,1,1,8,1,1,1,2,16,5,4,1,0,0,1,0,0,18,0,0,5,8,4,13.5,2,0,5,9,0,0.0,3,10.8,1.4,1.74,Dropout,0,1,0.8,0.19999999999999996,0.0,1.0,-13.5,-4,2.55
1,1,1,2,1,1,1,2,3,5,9,1,0,0,1,0,0,18,0,0,0,0,0,0.0,0,0,0,0,0,0.0,0,12.4,0.5,1.79,Enrolled,1,0,0.0,1.0,0.0,1.0,0.0,0,5.5
1,9,1,2,1,1,1,1,1,5,4,1,0,0,1,0,0,23,0,15,17,18,17,11.5,0,16,17,17,17,12.176470588235292,0,12.4,0.5,1.79,Graduate,2,0,1.0,0.0,1.0,0.0,0.6764705882352917,0,0.19
1,1,1,5,1,1,1,13,14,8,10,1,0,0,1,0,0,19,0,0,6,10,2,10.5,0,0,6,6,3,11.0,0,7.6,2.6,0.32,Enrolled,1,0,0.3333333333333333,0.6666666666666667,0.5,0.5,0.5,1,2.8
1,1,1,6,1,1,1,13,27,9,9,0,1,0,1,0,0,21,0,0,6,13,4,12.0,0,0,6,17,2,11.5,0,11.1,0.6,2.02,Enrolled,1,0,0.6666666666666666,0.33333333333333337,0.3333333333333333,0.6666666666666667,-0.5,-2,2.42
1,1,1,15,1,1,1,3,3,3,3,1,0,1,0,0,0,18,0,0,6,7,5,12.2,0,0,6,11,4,11.5,0,11.1,0.6,2.02,Dropout,0,1,0.8333333333333334,0.16666666666666663,0.6666666666666666,0.33333333333333337,-0.6999999999999993,-1,3.5
1,1,1,2,1,1,1,10,10,5,2,1,1,0,1,0,0,18,0,0,0,0,0,0.0,0,0,0,0,0,0.0,0,11.1,0.6,2.02,Graduate,2,0,0.0,1.0,0.0,1.0,0.0,0,5.5
1,17,1,6,1,16,1,3,1,3,9,1,0,0,1,0,0,21,0,7,11,15,10,14.5,0,4,9,15,8,14.0,0,8.9,1.4,3.51,Graduate,2,0,0.9090909090909091,0.09090909090909094,0.8888888888888888,0.11111111111111116,-0.5,-2,1.17
1,14,1,15,1,1,1,1,27,4,1,0,0,1,1,0,0,20,0,0,6,7,6,13.333333333333334,0,0,6,8,6,12.666666666666666,0,12.4,0.5,1.79,Graduate,2,0,1.0,0.0,1.0,0.0,-0.6666666666666679,0,1.75
1,13,1,6,1,1,1,1,7,5,5,0,0,0,1,0,0,24,0,5,11,29,9,12.0,6,4,10,21,9,12.555555555555555,0,9.4,-0.8,-3.12,Graduate,2,0,0.8181818181818182,0.18181818181818177,0.9,0.09999999999999998,0.5555555555555554,0,3.5
1,1,1,8,1,1,1,1,1,5,5,1,0,0,1,0,0,18,0,0,6,9,6,15.125,0,0,6,9,6,14.0,0,13.9,-0.3,0.79,Graduate,2,0,1.0,0.0,1.0,0.0,-1.125,0,1.17
1,8,1,12,1,1,1,13,1,5,11,1,0,0,1,0,0,18,0,0,7,7,6,13.116666666666667,0,0,7,7,6,13.116666666666667,0,7.6,2.6,0.32,Graduate,2,0,0.8571428571428571,0.1428571428571429,0.8571428571428571,0.1428571428571429,0.0,0,0.5
1,1,1,15,1,1,1,13,1,8,10,1,0,0,1,0,0,19,0,0,6,7,6,12.833333333333334,0,0,6,7,6,11.666666666666666,0,11.1,0.6,2.02,Graduate,2,0,1.0,0.0,1.0,0.0,-1.1666666666666679,0,0.5
1,15,1,10,1,14,1,1,27,5,9,1,0,0,1,0,1,20,0,3,6,6,6,13.333333333333334,0,2,6,6,6,14.166666666666666,0,13.9,-0.3,0.79,Graduate,2,0,1.0,0.0,1.0,0.0,0.8333333333333321,0,0.0
1,1,6,12,1,1,1,4,10,6,10,1,0,0,1,0,0,18,0,0,7,7,7,13.877142857142855,0,0,8,8,8,15.6625,0,12.4,0.5,1.79,Graduate,2,0,1.0,0.0,1.0,0.0,1.7853571428571442,1,0.0
1,1,6,12,1,1,1,13,1,10,11,1,0,0,1,0,0,18,0,0,8,8,7,12.944285714285714,0,0,8,8,7,12.944285714285714,0,10.8,1.4,1.74,Graduate,2,0,0.875,0.125,0.875,0.125,0.0,0,0.44
1,8,1,16,1,1,1,2,14,4,10,1,0,0,1,0,0,19,0,0,6,8,5,12.333333333333334,0,0,6,8,5,11.0,0,15.5,2.8,-4.06,Enrolled,1,0,0.8333333333333334,0.16666666666666663,0.8333333333333334,0.16666666666666663,-1.333333333333334,0,1.31
1,1,1,12,1,1,1,3,3,3,3,1,0,0,1,0,0,19,0,0,7,7,6,14.266666666666666,0,0,7,7,6,14.266666666666666,0,7.6,2.6,0.32,Graduate,2,0,0.8571428571428571,0.1428571428571429,0.8571428571428571,0.1428571428571429,0.0,0,0.5
1,1,2,14,1,1,1,3,14,5,6,1,0,0,1,0,0,18,0,0,6,8,5,13.0,0,0,6,8,5,14.0,0,13.9,-0.3,0.79,Graduate,2,0,0.8333333333333334,0.16666666666666663,0.8333333333333334,0.16666666666666663,1.0,0,1.31
1,1,2,12,1,1,1,22,27,6,8,1,0,0,1,0,0,20,0,0,8,8,8,12.48375,0,0,8,8,8,12.48375,0,9.4,-0.8,-3.12,Graduate,2,0,1.0,0.0,1.0,0.0,0.0,0,0.0
1,1,2,13,1,1,1,23,1,10,4,1,0,0,1,0,0,18,0,0,7,8,7,13.428571428571429,0,0,8,8,8,15.3125,0,16.2,0.3,-0.92,Graduate,2,0,1.0,0.0,1.0,0.0,1.8839285714285712,1,0.44
2,8,3,3,0,1,1,13,27,4,4,0,0,1,0,0,0,18,0,0,6,9,3,10.666666666666666,0,0,6,12,0,0.0,0,7.6,2.6,0.32,Dropout,0,1,0.5,0.5,0.0,1.0,-10.666666666666666,-3,4.83
1,1,1,16,1,1,1,10,10,10,5,1,0,0,1,0,0,18,0,0,6,8,5,15.4,0,0,6,7,5,12.2,0,7.6,2.6,0.32,Graduate,2,0,0.8333333333333334,0.16666666666666663,0.8333333333333334,0.16666666666666663,-3.200000000000001,0,1.31
1,1,4,12,1,1,1,1,27,5,9,1,0,0,1,0,0,18,0,0,7,7,6,13.45,0,0,7,7,6,13.45,0,7.6,2.6,0.32,Graduate,2,0,0.8571428571428571,0.1428571428571429,0.8571428571428571,0.1428571428571429,0.0,0,0.5
1,8,5,12,1,1,1,13,28,6,9,1,0,0,1,0,1,18,0,0,7,7,6,12.6,0,0,7,7,6,12.6,0,7.6,2.6,0.32,Graduate,2,0,0.8571428571428571,0.1428571428571429,0.8571428571428571,0.1428571428571429,0.0,0,0.5
1,1,4,12,1,1,1,13,28,10,11,1,0,0,1,0,0,20,0,0,7,7,7,12.485714285714286,0,0,8,12,8,12.9375,0,16.2,0.3,-0.92,Graduate,2,0,1.0,0.0,1.0,0.0,0.45178571428571423,1,0.0
1,1,2,5,1,1,1,13,27,10,10,1,0,0,1,0,1,22,0,0,6,10,5,10.8,0,0,6,7,5,12.8,0,12.7,3.7,-1.7,Graduate,2,0,0.8333333333333334,0.16666666666666663,0.8333333333333334,0.16666666666666663,2.0,0,1.75
1,14,1,14,1,1,1,13,14,2,2,0,0,1,1,0,0,20,0,0,6,12,5,12.2,0,0,6,8,5,14.6,0,13.9,-0.3,0.79,Enrolled,1,0,0.8333333333333334,0.16666666666666663,0.8333333333333334,0.16666666666666663,2.4000000000000004,0,3.29
1,15,1,6,1,14,1,1,1,4,8,1,0,0,1,0,0,20,0,2,6,11,5,14.2,0,0,6,12,2,13.5,0,13.9,-0.3,0.79,Enrolled,1,0,0.8333333333333334,0.16666666666666663,0.3333333333333333,0.6666666666666667,-0.6999999999999993,-3,1.91
1,1,2,10,1,1,1,22,28,10,9,1,0,0,1,0,0,18,0,0,6,7,6,13.833333333333334,0,0,6,6,6,14.0,0,9.4,-0.8,-3.12,Graduate,2,0,1.0,0.0,1.0,0.0,0.16666666666666607,0,0.5
1,1,1,16,1,1,1,13,1,10,2,0,0,0,1,0,0,18,0,0,6,8,5,12.8,0,0,6,14,3,10.0,0,9.4,-0.8,-3.12,Enrolled,1,0,0.8333333333333334,0.16666666666666663,0.5,0.5,-2.8000000000000007,-2,1.31
1,8,3,9,1,1,1,22,28,6,2,0,0,0,1,0,0,18,0,0,5,5,5,13.2,0,0,5,6,4,12.5,0,9.4,-0.8,-3.12,Graduate,2,0,1.0,0.0,0.8,0.19999999999999996,-0.6999999999999993,-1,0.0
1,8,1,14,1,1,1,1,28,5,8,0,0,1,1,0,1,18,0,0,6,7,1,14.0,0,0,6,6,0,0.0,0,15.5,2.8,-4.06,Dropout,0,1,0.16666666666666666,0.8333333333333334,0.0,1.0,-14.0,-1,4.25
1,8,1,10,1,1,1,1,1,5,11,0,0,0,1,0,0,19,0,4,8,8,8,13.875,0,1,6,8,5,14.0,0,11.1,0.6,2.02,Graduate,2,0,1.0,0.0,0.8333333333333334,0.16666666666666663,0.125,-3,0.0
1,1,1,6,1,1,1,23,14,10,5,1,0,0,1,0,1,19,0,0,5,7,5,12.5,0,0,5,8,5,12.714285714285714,0,10.8,1.4,1.74,Graduate,2,0,1.0,0.0,1.0,0.0,0.21428571428571352,0,1.0
1,8,2,15,1,1,1,13,14,10,10,0,0,0,1,0,1,18,0,0,6,7,6,13.428571428571429,0,0,6,6,6,12.5,0,13.9,-0.3,0.79,Graduate,2,0,1.0,0.0,1.0,0.0,-0.9285714285714288,0,0.5
1,1,1,5,1,1,1,23,28,10,6,0,0,0,0,0,1,18,0,0,6,7,5,11.8,0,0,6,7,5,13.0,0,8.9,1.4,3.51,Enrolled,1,0,0.8333333333333334,0.16666666666666663,0.8333333333333334,0.16666666666666663,1.1999999999999993,0,2.25
1,8,3,12,1,1,1,1,1,10,10,1,0,0,1,0,1,18,0,0,7,7,7,14.868571428571428,0,0,8,9,8,15.11111111111111,0,11.1,0.6,2.02,Graduate,2,0,1.0,0.0,1.0,0.0,0.2425396825396824,1,0.0
1,1,4,12,1,1,1,13,1,2,2,1,0,0,1,0,0,18,0,0,7,10,7,13.03,0,0,8,8,8,13.21875,0,15.5,2.8,-4.06,Graduate,2,0,1.0,0.0,1.0,0.0,0.18875000000000064,1,1.05
1,8,1,14,1,1,1,23,28,6,8,1,0,0,1,0,0,19,0,0,6,7,6,14.571428571428571,0,0,6,7,6,12.333333333333334,0,12.4,0.5,1.79,Graduate,2,0,1.0,0.0,1.0,0.0,-2.2380952380952372,0,0.5
1,8,2,10,1,1,1,13,14,4,4,1,0,0,1,0,0,18,0,0,6,9,5,11.0,0,0,6,9,4,11.25,0,8.9,1.4,3.51,Graduate,2,0,0.8333333333333334,0.16666666666666663,0.6666666666666666,0.33333333333333337,0.25,-1,1.56
1,12,1,12,1,12,1,13,27,10,5,0,0,0,1,0,1,25,0,0,8,8,8,13.3675,0,0,8,8,8,13.3675,0,9.4,-0.8,-3.12,Graduate,2,0,1.0,0.0,1.0,0.0,0.0,0,0.0
1,1,4,12,1,1,1,13,28,10,10,1,0,0,1,0,1,19,0,0,7,7,6,12.808333333333332,0,0,8,11,7,12.825714285714286,0,12.4,0.5,1.79,Graduate,2,0,0.8571428571428571,0.1428571428571429,0.875,0.125,0.01738095238095383,1,0.5
1,8,6,12,1,1,1,1,28,4,4,1,0,0,1,0,0,18,0,0,7,7,7,13.918571428571427,0,0,8,9,8,13.8875,0,11.1,0.6,2.02,Graduate,2,0,1.0,0.0,1.0,0.0,-0.031071428571427973,1,0.0
1,8,1,8,1,1,1,4,1,3,11,1,0,0,1,0,0,19,0,0,6,8,6,13.0,0,0,6,9,4,12.8,0,13.9,-0.3,0.79,Graduate,2,0,1.0,0.0,0.6666666666666666,0.33333333333333337,-0.1999999999999993,-2,0.88
2,1,1,12,1,1,1,13,28,5,6,0,0,0,1,0,0,18,0,0,7,7,6,13.683333333333332,0,0,7,7,6,13.683333333333332,0,7.6,2.6,0.32,Graduate,2,0,0.8571428571428571,0.1428571428571429,0.8571428571428571,0.1428571428571429,0.0,0,0.5
1,12,1,6,1,1,1,13,14,5,11,0,0,0,1,0,0,24,0,1,6,11,5,13.0,0,1,6,12,1,12.0,0,13.9,-0.3,0.79,Dropout,0,1,0.8333333333333334,0.16666666666666663,0.16666666666666666,0.8333333333333334,-1.0,-4,1.91
1,1,2,15,1,1,1,3,3,4,5,1,0,0,1,0,0,21,0,0,6,8,5,12.8,0,0,6,7,5,11.2,0,11.1,0.6,2.02,Graduate,2,0,0.8333333333333334,0.16666666666666663,0.8333333333333334,0.16666666666666663,-1.6000000000000014,0,1.31
1,1,2,11,1,1,1,1,1,10,5,1,0,0,1,0,1,18,0,0,6,9,6,13.571428571428571,0,0,6,6,6,12.166666666666666,0,8.9,1.4,3.51,Graduate,2,0,1.0,0.0,1.0,0.0,-1.404761904761905,0,1.17
1,1,1,10,1,1,1,23,28,10,7,1,0,0,1,0,0,18,0,0,6,6,6,13.166666666666666,0,0,6,6,6,13.166666666666666,0,8.9,1.4,3.51,Graduate,2,0,1.0,0.0,1.0,0.0,0.0,0,0.0
2,1,1,5,1,1,1,10,14,10,10,0,0,0,1,0,1,20,0,0,6,6,6,15.0,0,0,6,6,6,14.5,0,11.1,0.6,2.02,Graduate,2,0,1.0,0.0,1.0,0.0,-0.5,0,0.0
1,1,1,5,1,1,1,4,14,4,6,1,0,0,1,0,0,19,0,0,6,6,6,12.666666666666666,0,0,6,8,5,11.4,0,12.4,0.5,1.79,Graduate,2,0,1.0,0.0,0.8333333333333334,0.16666666666666663,-1.2666666666666657,-1,0.0
1,1,2,15,1,1,1,1,14,5,8,1,0,0,1,0,1,19,0,0,6,7,6,13.857142857142858,0,0,6,7,6,13.142857142857142,0,13.9,-0.3,0.79,Dropout,0,1,1.0,0.0,1.0,0.0,-0.7142857142857153,0,0.5
1,1,4,12,1,1,1,22,27,10,10,1,0,0,1,0,0,30,0,0,7,7,7,14.692857142857145,0,0,8,8,8,14.9625,0,12.4,0.5,1.79,Graduate,2,0,1.0,0.0,1.0,0.0,0.2696428571428555,1,0.0
1,1,1,12,1,1,1,13,28,6,4,0,0,0,1,0,0,18,0,0,8,8,8,14.035,0,0,8,8,8,14.035,0,9.4,-0.8,-3.12,Graduate,2,0,1.0,0.0,1.0,0.0,0.0,0,0.0
1,8,1,6,1,1,1,1,14,5,11,1,0,0,1,0,0,18,0,0,5,8,4,11.0,1,0,5,8,3,14.0,0,12.7,3.7,-1.7,Graduate,2,0,0.8,0.19999999999999996,0.6,0.4,3.0,-1,2.15
1,1,1,15,1,1,1,23,28,10,10,1,0,0,1,0,1,18,0,0,6,6,6,13.333333333333334,0,0,6,6,6,13.333333333333334,0,9.4,-0.8,-3.12,Graduate,2,0,1.0,0.0,1.0,0.0,0.0,0,0.0
1,9,1,12,1,1,1,23,27,6,6,0,0,0,1,0,0,20,0,0,7,13,6,11.7725,0,0,8,9,7,12.33,0,15.5,2.8,-4.06,Graduate,2,0,0.8571428571428571,0.1428571428571429,0.875,0.125,0.5574999999999992,1,1.88
1,1,1,11,1,1,1,23,28,5,8,0,0,0,1,0,0,19,0,0,6,0,0,0.0,0,0,6,0,0,0.0,0,11.1,0.6,2.02,Dropout,0,1,0.0,1.0,0.0,1.0,0.0,0,5.5
1,14,2,11,1,1,1,13,14,10,10,1,0,0,1,0,0,19,0,0,6,0,0,0.0,0,0,6,12,0,0.0,0,10.8,1.4,1.74,Dropout,0,1,0.0,1.0,0.0,1.0,0.0,0,5.5
1,1,1,2,1,1,1,13,27,8,8,1,0,0,0,0,0,19,0,0,0,0,0,0.0,0,0,0,0,0,0.0,0,10.8,1.4,1.74,Dropout,0,1,0.0,1.0,0.0,1.0,0.0,0,6.75
1,1,4,11,1,1,1,1,28,6,7,1,0,0,1,0,1,18,0,0,6,7,6,12.285714285714286,0,0,6,6,6,12.0,0,8.9,1.4,3.51,Graduate,2,0,1.0,0.0,1.0,0.0,-0.2857142857142865,0,0.5
1,1,4,12,1,1,1,3,14,3,4,1,0,0,1,0,0,17,0,0,8,14,5,12.46,0,0,8,14,5,12.46,0,10.8,1.4,1.74,Enrolled,1,0,0.625,0.375,0.625,0.375,0.0,0,2.25
1,9,1,16,1,1,1,13,28,5,1,1,0,0,1,0,0,19,0,0,7,10,6,12.166666666666666,0,0,7,9,6,13.166666666666666,0,12.4,0.5,1.79,Graduate,2,0,0.8571428571428571,0.1428571428571429,0.8571428571428571,0.1428571428571429,1.0,0,1.4
1,1,4,10,1,1,1,13,1,5,6,1,1,0,1,0,0,18,0,0,6,9,5,11.833333333333334,0,0,6,8,2,11.5,0,13.9,-0.3,0.79,Enrolled,1,0,0.8333333333333334,0.16666666666666663,0.3333333333333333,0.6666666666666667,-0.3333333333333339,-3,1.56
1,4,1,12,1,3,1,22,27,5,5,0,0,0,1,0,0,25,0,0,8,8,7,14.805714285714286,0,0,8,8,7,14.805714285714286,0,10.8,1.4,1.74,Graduate,2,0,0.875,0.125,0.875,0.125,0.0,0,0.44
1,1,1,10,1,1,1,10,28,5,10,1,0,0,1,0,0,19,0,0,6,11,5,10.6,0,0,6,10,6,11.714285714285714,0,11.1,0.6,2.02,Dropout,0,1,0.8333333333333334,0.16666666666666663,1.0,0.0,1.1142857142857139,1,1.91
1,17,1,6,1,16,1,13,1,10,10,1,0,1,0,0,0,24,0,7,9,9,8,13.125,0,4,9,13,6,13.0,0,8.9,1.4,3.51,Enrolled,1,0,0.8888888888888888,0.11111111111111116,0.6666666666666666,0.33333333333333337,-0.125,-2,2.89
1,1,1,10,1,1,1,1,1,5,10,1,0,1,1,0,1,19,0,0,6,6,6,12.833333333333334,0,0,6,6,6,12.666666666666666,0,9.4,-0.8,-3.12,Graduate,2,0,1.0,0.0,1.0,0.0,-0.16666666666666785,0,1.25
1,9,1,12,1,1,1,13,1,10,5,0,0,0,1,0,1,20,0,0,8,8,0,0.0,8,0,8,8,0,0.0,8,9.4,-0.8,-3.12,Enrolled,1,0,0.0,1.0,0.0,1.0,0.0,0,7.5
1,1,1,14,1,1,1,1,1,6,5,1,0,0,1,0,1,20,0,0,6,9,5,13.0,0,0,6,6,5,13.8,0,12.4,0.5,1.79,Graduate,2,0,0.8333333333333334,0.16666666666666663,0.8333333333333334,0.16666666666666663,0.8000000000000007,0,1.56
1,1,2,12,1,1,1,1,1,5,5,1,0,0,1,0,1,20,0,0,7,8,7,12.725,0,0,8,8,8,13.7125,0,13.9,-0.3,0.79,Graduate,2,0,1.0,0.0,1.0,0.0,0.9875000000000007,1,0.44
1,8,1,6,1,1,1,1,3,5,2,1,0,0,1,0,0,19,0,0,5,10,4,11.25,1,0,5,10,3,10.333333333333334,0,12.7,3.7,-1.7,Graduate,2,0,0.8,0.19999999999999996,0.6,0.4,-0.9166666666666661,-1,2.5
1,4,1,4,1,4,1,3,1,3,5,1,0,0,1,0,0,31,0,8,12,12,11,13.818181818181818,0,4,12,16,12,13.461538461538462,0,15.5,2.8,-4.06,Graduate,2,0,0.9166666666666666,0.08333333333333337,1.0,0.0,-0.35664335664335667,1,0.29
1,1,1,6,1,1,1,1,14,4,5,0,0,0,1,0,0,20,0,0,5,12,3,12.333333333333334,2,0,5,8,3,13.0,1,9.4,-0.8,-3.12,Graduate,2,0,0.6,0.4,0.6,0.4,0.6666666666666661,0,3.42
1,1,3,6,1,1,1,3,2,5,4,1,0,0,1,0,0,18,0,0,5,14,3,12.333333333333334,2,0,5,8,5,11.6,0,9.4,-0.8,-3.12,Enrolled,1,0,0.6,0.4,1.0,0.0,-0.7333333333333343,2,3.55
1,8,1,16,1,1,1,1,1,4,5,0,0,1,1,0,0,18,0,0,6,8,4,13.25,0,0,6,10,3,10.666666666666666,0,12.7,3.7,-1.7,Enrolled,1,0,0.6666666666666666,0.33333333333333337,0.5,0.5,-2.583333333333334,-1,3.0
1,1,4,14,1,1,1,1,2,5,8,1,0,0,1,0,0,18,0,0,6,7,6,13.666666666666666,0,0,6,9,5,15.4,0,13.9,-0.3,0.79,Graduate,2,0,1.0,0.0,0.8333333333333334,0.16666666666666663,1.7333333333333343,-1,0.5
1,16,1,10,1,1,1,13,3,6,3,0,0,1,1,0,0,20,0,5,11,18,8,12.625,0,4,10,10,3,11.0,0,11.1,0.6,2.02,Enrolled,1,0,0.7272727272727273,0.2727272727272727,0.3,0.7,-1.625,-5,3.19
1,8,1,6,1,1,1,2,14,3,5,1,0,0,1,0,1,20,0,0,6,6,6,14.833333333333334,0,0,6,8,6,12.142857142857142,0,8.9,1.4,3.51,Graduate,2,0,1.0,0.0,1.0,0.0,-2.6904761904761916,0,0.0
1,8,2,14,1,1,1,13,14,6,5,0,0,0,1,0,1,19,0,0,6,7,5,11.2,0,0,6,10,5,13.125,0,10.8,1.4,1.74,Dropout,0,1,0.8333333333333334,0.16666666666666663,0.8333333333333334,0.16666666666666663,1.9250000000000007,0,1.0
1,8,1,9,1,1,1,13,14,5,7,0,0,0,1,0,1,21,0,0,5,6,5,11.4,0,0,5,6,5,12.2,0,12.7,3.7,-1.7,Graduate,2,0,1.0,0.0,1.0,0.0,0.7999999999999989,0,0.58
1,1,4,12,1,1,1,1,10,4,11,1,0,0,1,0,0,18,0,0,7,8,7,13.135,0,0,8,9,8,13.244444444444444,0,12.4,0.5,1.79,Graduate,2,0,1.0,0.0,1.0,0.0,0.10944444444444379,1,0.44
1,16,1,5,1,1,1,1,1,5,5,1,0,0,1,0,0,21,0,3,10,10,10,13.0,0,5,11,11,10,11.4,0,11.1,0.6,2.02,Dropout,0,1,1.0,0.0,0.9090909090909091,0.09090909090909094,-1.5999999999999996,0,0.0
1,1,4,12,1,1,1,13,14,4,4,1,0,0,1,0,0,19,0,0,7,12,4,12.85,0,0,7,7,7,12.62142857142857,0,11.1,0.6,2.02,Enrolled,1,0,0.5714285714285714,0.4285714285714286,1.0,0.0,-0.22857142857142954,3,2.33
1,15,1,10,1,14,1,1,14,29,15,0,0,0,1,0,0,20,0,3,6,6,6,13.5,0,2,6,9,5,12.5,0,13.9,-0.3,0.79,Graduate,2,0,1.0,0.0,0.8333333333333334,0.16666666666666663,-1.0,-1,0.0
1,15,1,6,1,1,1,1,2,4,4,0,0,0,1,0,0,20,0,0,6,7,6,14.285714285714286,0,0,6,9,3,13.0,0,13.9,-0.3,0.79,Enrolled,1,0,1.0,0.0,0.5,0.5,-1.2857142857142865,-3,0.5
1,1,1,14,1,1,1,10,1,10,10,1,0,0,1,0,1,18,0,0,6,8,5,13.5,0,0,6,6,6,14.5,0,12.4,0.5,1.79,Graduate,2,0,0.8333333333333334,0.16666666666666663,1.0,0.0,1.0,1,1.31
1,1,1,9,1,1,1,13,14,10,10,1,0,0,1,0,1,18,0,0,5,8,4,10.75,0,0,5,5,5,13.0,0,12.4,0.5,1.79,Graduate,2,0,0.8,0.19999999999999996,1.0,0.0,2.25,1,1.75
1,8,1,10,1,1,1,13,14,8,8,1,0,0,1,0,1,18,0,0,6,9,6,11.333333333333334,0,0,6,9,6,11.833333333333334,0,8.9,1.4,3.51,Graduate,2,0,1.0,0.0,1.0,0.0,0.5,0,1.17
1,14,1,6,1,14,1,23,27,7,7,1,0,0,1,0,1,21,0,2,7,15,3,13.0,2,1,5,12,5,13.285714285714286,1,10.8,1.4,1.74,Graduate,2,0,0.42857142857142855,0.5714285714285714,1.0,0.0,0.2857142857142865,2,3.37
1,1,1,12,1,1,1,23,14,6,9,0,0,0,1,0,0,18,0,0,7,7,6,13.966666666666669,0,0,7,7,6,13.966666666666669,0,7.6,2.6,0.32,Graduate,2,0,0.8571428571428571,0.1428571428571429,0.8571428571428571,0.1428571428571429,0.0,0,0.5
1,1,1,12,1,1,1,13,1,6,6,1,0,0,1,0,1,18,0,0,8,8,8,14.14125,0,0,8,8,8,14.14125,0,9.4,-0.8,-3.12,Graduate,2,0,1.0,0.0,1.0,0.0,0.0,0,0.0
1,8,2,11,1,1,1,22,27,10,8,1,0,0,1,0,1,20,0,0,6,10,4,11.6,0,0,6,10,4,11.75,0,12.7,3.7,-1.7,Graduate,2,0,0.6666666666666666,0.33333333333333337,0.6666666666666666,0.33333333333333337,0.15000000000000036,0,2.1
2,13,1,12,1,2,1,22,27,10,10,0,0,0,1,0,1,32,0,0,8,8,8,14.6625,0,0,8,8,8,14.6625,0,9.4,-0.8,-3.12,Graduate,2,0,1.0,0.0,1.0,0.0,0.0,0,0.0
2,12,1,17,0,1,1,22,27,10,11,0,0,0,1,0,0,34,0,0,5,5,0,0.0,0,0,5,5,0,0.0,0,9.4,-0.8,-3.12,Enrolled,1,0,0.0,1.0,0.0,1.0,0.0,0,5.5
1,1,2,12,1,1,1,13,27,4,4,1,0,0,1,0,1,23,0,0,7,8,6,12.993333333333334,0,0,8,9,8,12.66875,0,11.1,0.6,2.02,Graduate,2,0,0.8571428571428571,0.1428571428571429,1.0,0.0,-0.3245833333333348,2,0.88
1,1,5,14,1,1,1,4,1,5,11,1,0,0,1,0,0,18,0,0,6,10,4,11.25,0,0,6,11,5,12.2,0,8.9,1.4,3.51,Enrolled,1,0,0.6666666666666666,0.33333333333333337,0.8333333333333334,0.16666666666666663,0.9499999999999993,1,2.1
1,8,1,3,0,1,1,22,14,6,6,0,0,0,1,0,0,18,0,0,6,8,5,12.2,0,0,6,10,5,12.8,0,10.8,1.4,1.74,Graduate,2,0,0.8333333333333334,0.16666666666666663,0.8333333333333334,0.16666666666666663,0.6000000000000014,0,1.31
1,14,1,2,1,2,1,22,27,10,10,1,0,0,1,0,0,34,0,0,0,0,0,0.0,0,0,0,0,0,0.0,0,10.8,1.4,1.74,Dropout,0,1,0.0,1.0,0.0,1.0,0.0,0,5.5
1,12,1,3,0,1,16,1,1,5,8,0,0,1,1,0,0,25,1,2,6,6,6,11.333333333333334,0,0,6,6,4,11.75,0,8.9,1.4,3.51,Enrolled,1,0,1.0,0.0,0.6666666666666666,0.33333333333333337,0.4166666666666661,-2,1.25
1,1,1,9,1,1,1,22,28,31,40,0,0,0,1,0,0,21,0,0,5,7,5,12.2,0,0,5,7,5,11.8,0,11.1,0.6,2.02,Graduate,2,0,1.0,0.0,1.0,0.0,-0.3999999999999986,0,1.0
1,1,1,11,1,1,1,13,7,1,1,1,0,0,1,0,1,20,0,0,6,12,0,0.0,0,0,6,12,0,0.0,0,7.6,2.6,0.32,Dropout,0,1,0.0,1.0,0.0,1.0,0.0,0,5.5
1,1,5,10,1,1,1,18,14,1,3,1,0,0,1,0,0,18,0,0,6,8,6,11.333333333333334,0,0,6,6,6,11.666666666666666,0,7.6,2.6,0.32,Graduate,2,0,1.0,0.0,1.0,0.0,0.33333333333333215,0,0.88
1,8,1,6,1,1,1,3,27,5,9,1,0,0,1,0,0,18,0,0,6,8,6,13.857142857142858,0,0,6,15,6,13.1,0,12.4,0.5,1.79,Graduate,2,0,1.0,0.0,1.0,0.0,-0.757142857142858,0,0.88
1,8,1,15,1,1,1,22,27,10,10,0,0,0,1,0,0,18,0,0,6,7,6,12.857142857142858,0,0,6,6,6,13.333333333333334,0,13.9,-0.3,0.79,Graduate,2,0,1.0,0.0,1.0,0.0,0.4761904761904763,0,0.5
1,12,1,3,0,1,1,22,28,5,8,1,0,0,1,0,0,24,0,0,6,10,1,10.0,0,0,6,12,0,0.0,0,9.4,-0.8,-3.12,Dropout,0,1,0.16666666666666666,0.8333333333333334,0.0,1.0,-10.0,-1,3.15
1,16,1,9,1,1,1,13,14,10,8,0,0,1,0,0,0,32,0,14,15,17,14,10.214285714285714,0,13,13,13,13,11.384615384615383,0,16.2,0.3,-0.92,Graduate,2,0,0.9333333333333333,0.06666666666666665,1.0,0.0,1.1703296703296697,-1,3.12
1,12,1,11,1,1,1,1,1,10,7,1,0,1,0,0,0,24,0,0,6,14,6,11.285714285714286,0,0,6,16,3,10.333333333333334,0,8.9,1.4,3.51,Dropout,0,1,1.0,0.0,0.5,0.5,-0.9523809523809526,-3,4.5
1,1,1,10,1,1,1,23,27,10,6,0,0,0,1,0,1,18,0,0,6,6,6,13.833333333333334,0,0,6,7,0,0.0,0,15.5,2.8,-4.06,Dropout,0,1,1.0,0.0,0.0,1.0,-13.833333333333334,-6,0.0
1,16,1,11,1,1,1,23,28,10,10,0,0,0,1,0,0,28,0,0,6,8,6,12.857142857142858,0,0,6,8,5,12.6,0,8.9,1.4,3.51,Graduate,2,0,1.0,0.0,0.8333333333333334,0.16666666666666663,-0.257142857142858,-1,0.88
1,8,5,16,1,1,1,13,28,5,9,1,0,0,1,0,1,18,0,0,6,8,6,11.666666666666666,0,0,6,9,4,12.0,0,10.8,1.4,1.74,Dropout,0,1,1.0,0.0,0.6666666666666666,0.33333333333333337,0.3333333333333339,-2,0.88
1,4,1,16,1,3,1,19,24,1,1,1,0,0,0,0,0,24,0,0,6,12,0,0.0,0,0,5,10,0,0.0,0,9.4,-0.8,-3.12,Dropout,0,1,0.0,1.0,0.0,1.0,0.0,0,6.75
1,1,1,6,1,1,1,1,27,5,11,0,0,0,1,0,0,19,0,0,5,7,5,14.4,0,0,5,6,5,13.2,0,7.6,2.6,0.32,Graduate,2,0,1.0,0.0,1.0,0.0,-1.200000000000001,0,1.0
2,12,1,3,0,1,1,22,27,10,9,0,0,0,1,0,0,44,0,0,6,6,6,14.833333333333334,0,0,6,6,6,14.166666666666666,0,10.8,1.4,1.74,Graduate,2,0,1.0,0.0,1.0,0.0,-0.6666666666666679,0,0.0
1,7,3,6,1,1,1,22,27,10,3,1,0,0,1,0,1,18,0,0,6,14,6,14.333333333333334,0,0,6,9,6,12.0,0,15.5,2.8,-4.06,Graduate,2,0,1.0,0.0,1.0,0.0,-2.333333333333334,0,2.0
1,1,1,2,1,1,1,22,27,10,8,1,0,0,1,0,0,18,0,0,0,0,0,0.0,0,0,0,0,0,0.0,0,7.6,2.6,0.32,Graduate,2,0,0.0,1.0,0.0,1.0,0.0,0,5.5
1,1,6,15,1,1,1,1,1,12,12,0,0,0,1,0,0,22,0,0,6,0,0,0.0,0,0,6,0,0,0.0,0,7.6,2.6,0.32,Dropout,0,1,0.0,1.0,0.0,1.0,0.0,0,5.5
1,9,1,16,1,1,1,22,27,10,6,0,0,0,1,0,1,18,0,0,7,9,6,12.333333333333334,0,0,7,7,6,12.666666666666666,0,11.1,0.6,2.02,Graduate,2,0,0.8571428571428571,0.1428571428571429,0.8571428571428571,0.1428571428571429,0.33333333333333215,0,1.17
2,12,1,17,0,1,1,22,27,10,5,0,0,0,1,0,0,44,0,0,5,5,5,11.8,0,0,5,5,5,12.4,0,15.5,2.8,-4.06,Graduate,2,0,1.0,0.0,1.0,0.0,0.5999999999999996,0,0.0
5,12,1,16,1,12,1,23,1,6,4,0,0,1,1,0,0,33,0,0,6,7,5,13.2,0,0,6,7,5,10.6,0,7.6,2.6,0.32,Dropout,0,1,0.8333333333333334,0.16666666666666663,0.8333333333333334,0.16666666666666663,-2.5999999999999996,0,2.25
2,12,1,16,1,1,1,22,27,10,10,0,0,1,0,0,0,32,0,0,6,6,0,0.0,0,0,5,10,0,0.0,0,10.8,1.4,1.74,Dropout,0,1,0.0,1.0,0.0,1.0,0.0,0,8.0
2,12,1,4,1,1,1,13,14,5,5,0,0,0,0,0,0,35,0,0,6,0,0,0.0,0,0,6,0,0,0.0,0,15.5,2.8,-4.06,Dropout,0,1,0.0,1.0,0.0,1.0,0.0,0,6.75
1,1,1,10,1,1,1,13,14,7,7,1,0,0,1,0,0,20,0,0,6,6,6,11.5,0,0,6,7,6,13.285714285714286,0,11.1,0.6,2.02,Graduate,2,0,1.0,0.0,1.0,0.0,1.7857142857142865,0,0.0
1,12,1,11,1,1,1,3,1,7,7,1,0,0,1,0,0,24,0,0,6,8,5,12.6,0,0,6,7,5,12.2,0,9.4,-0.8,-3.12,Graduate,2,0,0.8333333333333334,0.16666666666666663,0.8333333333333334,0.16666666666666663,-0.40000000000000036,0,1.31
1,1,1,12,1,1,1,23,1,10,11,0,0,0,1,0,0,19,0,0,7,7,7,13.542857142857144,0,0,8,9,8,14.22222222222222,0,16.2,0.3,-0.92,Graduate,2,0,1.0,0.0,1.0,0.0,0.6793650793650752,1,0.0
1,1,1,11,1,1,1,13,14,6,6,1,0,0,1,0,0,21,0,0,6,8,5,11.6,0,0,6,6,5,13.0,0,12.4,0.5,1.79,Enrolled,1,0,0.8333333333333334,0.16666666666666663,0.8333333333333334,0.16666666666666663,1.4000000000000004,0,1.31
1,1,2,15,1,1,1,1,1,5,10,1,0,0,1,1,1,19,0,0,6,7,6,13.666666666666666,0,0,6,6,6,13.833333333333334,0,12.7,3.7,-1.7,Graduate,2,0,1.0,0.0,1.0,0.0,0.16666666666666785,0,0.5
1,13,1,4,1,1,1,13,1,10,6,1,0,0,0,1,0,27,0,0,6,10,0,0.0,0,0,6,8,0,0.0,0,15.5,2.8,-4.06,Dropout,0,1,0.0,1.0,0.0,1.0,0.0,0,6.75
1,12,1,16,1,1,1,13,1,10,5,0,0,0,0,0,0,30,0,0,6,0,0,0.0,0,0,6,0,0,0.0,0,12.7,3.7,-1.7,Dropout,0,1,0.0,1.0,0.0,1.0,0.0,0,6.75
1,8,4,2,1,1,1,23,28,10,10,1,0,0,1,1,0,21,0,0,0,0,0,0.0,0,0,0,0,0,0.0,0,10.8,1.4,1.74,Dropout,0,1,0.0,1.0,0.0,1.0,0.0,0,5.5
1,1,1,5,1,1,1,1,10,6,9,1,0,0,1,1,0,19,0,0,6,6,6,11.5,0,0,6,8,6,12.285714285714286,0,8.9,1.4,3.51,Graduate,2,0,1.0,0.0,1.0,0.0,0.7857142857142865,0,0.0
2,12,1,17,0,1,1,22,27,10,11,0,0,0,1,0,0,34,0,0,5,12,2,11.5,0,0,5,9,4,11.75,0,9.4,-0.8,-3.12,Enrolled,1,0,0.4,0.6,0.8,0.19999999999999996,0.25,2,2.92
1,14,1,12,1,1,1,4,14,5,11,0,0,0,1,1,0,18,0,0,7,7,7,11.828571428571427,0,0,8,10,7,12.9125,0,13.9,-0.3,0.79,Graduate,2,0,1.0,0.0,0.875,0.125,1.0839285714285722,0,0.0
1,1,1,2,1,1,1,3,2,4,4,1,0,0,1,1,0,21,0,0,0,0,0,0.0,0,0,0,0,0,0.0,0,9.4,-0.8,-3.12,Graduate,2,0,0.0,1.0,0.0,1.0,0.0,0,5.5
1,1,2,2,1,1,1,3,29,2,4,1,0,0,1,1,0,17,0,0,0,0,0,0.0,0,0,0,0,0,0.0,0,15.5,2.8,-4.06,Enrolled,1,0,0.0,1.0,0.0,1.0,0.0,0,5.5
1,1,1,12,1,1,1,13,27,5,10,1,0,0,1,0,1,19,0,0,7,7,6,12.966666666666669,0,0,7,7,6,12.966666666666669,0,7.6,2.6,0.32,Graduate,2,0,0.8571428571428571,0.1428571428571429,0.8571428571428571,0.1428571428571429,0.0,0,0.5
1,1,1,15,1,1,1,22,28,10,7,1,0,0,1,1,0,18,0,0,6,6,6,13.833333333333334,0,0,6,6,6,13.666666666666666,0,12.7,3.7,-1.7,Graduate,2,0,1.0,0.0,1.0,0.0,-0.16666666666666785,0,0.0
1,8,2,12,1,1,1,13,14,10,11,1,0,0,1,0,0,19,0,0,7,7,7,14.125714285714285,0,0,8,8,8,14.36875,0,11.1,0.6,2.02,Graduate,2,0,1.0,0.0,1.0,0.0,0.2430357142857158,1,0.0
4,12,1,11,1,1,1,23,27,10,10,0,0,1,1,0,0,45,0,4,10,12,5,12.166666666666666,4,2,8,8,0,0.0,2,12.7,3.7,-1.7,Dropout,0,1,0.5,0.5,0.0,1.0,-12.166666666666666,-5,4.09
1,12,1,6,1,1,1,13,27,10,7,1,0,0,1,0,0,26,0,0,6,17,6,12.666666666666666,0,0,6,21,4,12.25,0,15.5,2.8,-4.06,Graduate,2,0,1.0,0.0,0.6666666666666666,0.33333333333333337,-0.4166666666666661,-2,2.26
2,12,2,17,0,1,1,22,27,10,10,1,0,0,1,1,0,51,0,0,4,4,0,0.0,0,0,5,0,0,0.0,0,12.7,3.7,-1.7,Dropout,0,1,0.0,1.0,0.0,1.0,0.0,0,5.5
2,12,1,15,1,12,1,22,27,7,7,0,0,1,1,1,1,49,0,0,6,8,6,12.285714285714286,0,0,6,7,6,14.166666666666666,0,10.8,1.4,1.74,Graduate,2,0,1.0,0.0,1.0,0.0,1.8809523809523796,0,2.12
1,13,1,12,1,1,1,3,14,3,9,0,0,0,1,1,0,22,0,3,6,7,3,14.5,0,4,7,8,4,14.375,0,15.5,2.8,-4.06,Enrolled,1,0,0.5,0.5,0.5714285714285714,0.4285714285714286,-0.125,1,2.0
1,8,1,9,1,1,1,1,27,6,10,1,0,0,1,1,0,22,0,0,5,8,2,10.0,0,0,5,7,1,10.0,0,7.6,2.6,0.32,Dropout,0,1,0.4,0.6,0.2,0.8,0.0,-1,2.62
2,4,1,8,1,3,1,3,3,2,2,0,0,0,1,0,0,33,0,1,5,11,2,11.5,1,1,5,8,2,12.0,0,9.4,-0.8,-3.12,Dropout,0,1,0.4,0.6,0.4,0.6,0.5,0,3.26
1,5,1,14,1,1,9,22,27,10,10,0,0,0,1,0,0,20,1,0,5,6,5,11.6,0,0,5,6,4,11.5,0,9.4,-0.8,-3.12,Graduate,2,0,1.0,0.0,0.8,0.19999999999999996,-0.09999999999999964,-1,0.58
1,1,4,10,1,1,1,23,14,8,8,1,0,0,1,0,1,18,0,0,6,6,6,12.5,0,0,6,6,6,11.666666666666666,0,10.8,1.4,1.74,Graduate,2,0,1.0,0.0,1.0,0.0,-0.8333333333333339,0,0.0
1,1,5,16,1,1,1,23,27,10,10,1,0,1,0,0,0,20,0,0,6,9,3,11.666666666666666,0,0,6,10,2,11.0,0,10.8,1.4,1.74,Dropout,0,1,0.5,0.5,0.3333333333333333,0.6666666666666667,-0.6666666666666661,-1,4.83
2,18,1,17,0,1,14,23,27,5,7,0,0,0,1,0,0,37,1,5,10,11,7,13.428571428571429,0,5,10,11,10,11.6,0,8.9,1.4,3.51,Graduate,2,0,0.7,0.30000000000000004,1.0,0.0,-1.8285714285714292,3,1.27
1,1,1,11,1,1,2,22,1,10,4,1,0,0,1,1,0,18,1,0,6,6,6,13.666666666666666,0,0,6,6,6,13.5,0,7.6,2.6,0.32,Graduate,2,0,1.0,0.0,1.0,0.0,-0.16666666666666607,0,0.0
1,1,3,11,1,1,1,1,14,10,10,1,0,0,1,0,0,19,0,0,6,6,6,12.5,0,0,6,6,6,12.166666666666666,0,12.4,0.5,1.79,Graduate,2,0,1.0,0.0,1.0,0.0,-0.3333333333333339,0,0.0
1,15,1,6,1,14,1,1,14,4,4,1,0,0,1,0,0,21,0,2,6,7,6,13.0,0,1,6,15,4,12.8,0,12.4,0.5,1.79,Graduate,2,0,1.0,0.0,0.6666666666666666,0.33333333333333337,-0.1999999999999993,-2,0.5
1,1,2,12,1,1,1,13,1,10,2,0,0,0,1,0,0,20,0,0,7,9,6,12.783333333333331,0,0,8,9,7,12.842857142857143,0,13.9,-0.3,0.79,Graduate,2,0,0.8571428571428571,0.1428571428571429,0.875,0.125,0.05952380952381198,1,1.17
1,1,2,12,1,1,1,22,1,8,8,1,0,0,1,0,0,19,0,0,7,0,0,0.0,0,0,8,0,0,0.0,0,13.9,-0.3,0.79,Dropout,0,1,0.0,1.0,0.0,1.0,0.0,0,5.5
1,8,2,13,1,1,1,23,14,8,8,1,0,0,1,0,0,20,0,0,7,13,4,13.5,0,0,7,11,4,11.225,0,11.1,0.6,2.02,Dropout,0,1,0.5714285714285714,0.4285714285714286,0.5714285714285714,0.4285714285714286,-2.2750000000000004,0,2.42
1,8,4,12,1,1,1,3,1,3,6,1,0,0,1,0,0,18,0,0,7,7,7,13.457142857142856,0,0,8,8,8,15.125,0,13.9,-0.3,0.79,Graduate,2,0,1.0,0.0,1.0,0.0,1.6678571428571445,1,0.0
1,1,4,12,1,1,1,1,14,10,8,1,0,0,1,0,0,19,0,0,8,8,7,13.44285714285714,0,0,8,8,7,13.44285714285714,0,12.7,3.7,-1.7,Graduate,2,0,0.875,0.125,0.875,0.125,0.0,0,0.44
1,1,1,10,1,1,1,22,28,10,4,0,0,0,1,0,0,18,0,0,6,13,4,11.0,0,0,6,12,5,10.833333333333334,0,15.5,2.8,-4.06,Graduate,2,0,0.6666666666666666,0.33333333333333337,0.8333333333333334,0.16666666666666663,-0.16666666666666607,1,2.42
1,8,1,10,1,1,1,23,28,8,8,1,0,0,1,0,1,18,0,0,6,6,6,11.333333333333334,0,0,6,7,6,12.285714285714286,0,15.5,2.8,-4.06,Graduate,2,0,1.0,0.0,1.0,0.0,0.9523809523809526,0,0.0
1,1,2,15,1,1,1,1,14,5,6,1,0,0,1,0,0,18,0,0,5,7,2,10.0,0,0,1,1,0,0.0,0,12.7,3.7,-1.7,Dropout,0,1,0.4,0.6,0.0,1.0,-10.0,-2,2.5
1,1,6,12,1,1,1,1,28,4,10,1,0,0,1,0,0,19,0,0,7,10,5,13.44,0,0,7,8,6,13.066666666666668,0,12.4,0.5,1.79,Enrolled,1,0,0.7142857142857143,0.2857142857142857,0.8571428571428571,0.1428571428571429,-0.3733333333333313,1,1.75
1,1,2,13,1,1,1,1,14,5,6,1,0,0,1,0,1,18,0,0,7,8,7,12.214285714285714,0,0,8,8,8,14.0625,0,16.2,0.3,-0.92,Graduate,2,0,1.0,0.0,1.0,0.0,1.8482142857142865,1,0.44
1,1,1,5,1,1,14,22,14,10,9,1,0,0,1,0,1,19,1,0,6,6,6,14.166666666666666,0,0,6,6,6,13.5,0,11.1,0.6,2.02,Graduate,2,0,1.0,0.0,1.0,0.0,-0.6666666666666661,0,0.0
1,17,1,4,1,16,1,1,14,10,8,0,0,1,1,0,1,24,0,7,12,13,12,12.846153846153848,0,5,11,13,11,12.636363636363637,0,8.9,1.4,3.51,Graduate,2,0,1.0,0.0,1.0,0.0,-0.2097902097902118,-1,1.52
1,15,1,6,1,14,1,22,27,10,10,0,0,0,1,0,0,20,0,2,6,8,6,13.0,0,1,6,18,2,12.0,0,12.4,0.5,1.79,Enrolled,1,0,1.0,0.0,0.3333333333333333,0.6666666666666667,-1.0,-4,0.88
1,1,1,9,1,1,1,1,14,6,8,1,0,0,1,0,1,21,0,0,5,6,5,12.8,1,0,5,7,4,11.25,0,9.4,-0.8,-3.12,Graduate,2,0,1.0,0.0,0.8,0.19999999999999996,-1.5500000000000007,-1,0.98
1,15,1,6,1,14,1,23,27,5,11,0,0,1,0,0,0,20,0,1,6,13,4,13.0,0,1,6,11,5,12.0,0,16.2,0.3,-0.92,Dropout,0,1,0.6666666666666666,0.33333333333333337,0.8333333333333334,0.16666666666666663,-1.0,1,4.92
1,8,6,12,1,1,1,13,27,4,10,1,0,0,1,0,1,19,0,0,7,7,7,13.371428571428572,0,0,8,9,8,13.666666666666666,0,16.2,0.3,-0.92,Graduate,2,0,1.0,0.0,1.0,0.0,0.2952380952380942,1,0.0
1,8,5,13,1,1,1,13,14,10,9,1,0,0,1,0,1,19,0,0,7,8,7,13.385714285714286,0,0,8,8,8,13.3875,0,10.8,1.4,1.74,Graduate,2,0,1.0,0.0,1.0,0.0,0.0017857142857131691,1,0.44
1,1,3,12,1,1,1,1,1,10,10,1,0,0,1,0,0,18,0,0,8,8,7,13.328571428571427,0,0,8,8,7,13.328571428571427,0,12.7,3.7,-1.7,Graduate,2,0,0.875,0.125,0.875,0.125,0.0,0,0.44
1,1,1,6,1,1,1,23,28,5,8,1,0,0,1,0,0,19,0,0,6,12,5,14.0,0,0,6,14,5,11.0,0,16.2,0.3,-0.92,Graduate,2,0,0.8333333333333334,0.16666666666666663,0.8333333333333334,0.16666666666666663,-3.0,0,2.04
1,8,4,9,1,1,1,23,14,10,10,1,0,0,1,0,0,21,0,0,5,5,5,12.6,0,0,5,5,5,13.2,0,8.9,1.4,3.51,Graduate,2,0,1.0,0.0,1.0,0.0,0.5999999999999996,0,0.0
1,1,2,16,1,1,1,1,28,10,9,1,0,0,1,0,1,19,0,0,6,7,6,14.0,0,0,6,6,6,15.0,0,15.5,2.8,-4.06,Graduate,2,0,1.0,0.0,1.0,0.0,1.0,0,0.5
1,1,5,11,1,1,1,13,1,8,11,1,0,0,1,0,1,18,0,0,6,7,6,13.428571428571429,0,0,6,6,6,12.666666666666666,0,8.9,1.4,3.51,Graduate,2,0,1.0,0.0,1.0,0.0,-0.7619047619047628,0,0.5
1,8,5,5,1,1,1,4,1,5,5,1,1,0,1,0,1,17,0,0,6,6,6,13.0,0,0,6,6,6,12.5,0,15.5,2.8,-4.06,Graduate,2,0,1.0,0.0,1.0,0.0,-0.5,0,0.0
1,9,4,16,1,1,1,13,28,5,11,1,0,0,1,0,0,19,0,0,6,8,5,12.666666666666666,0,0,6,8,5,11.0,0,15.5,2.8,-4.06,Enrolled,1,0,0.8333333333333334,0.16666666666666663,0.8333333333333334,0.16666666666666663,-1.666666666666666,0,1.31
1,8,6,9,1,1,1,22,1,10,8,1,0,0,0,1,0,23,0,0,5,9,3,10.0,1,0,5,9,3,12.333333333333334,0,9.4,-0.8,-3.12,Dropout,0,1,0.6,0.4,0.6,0.4,2.333333333333334,0,3.98
1,1,1,14,1,1,1,1,27,2,11,1,0,0,1,0,0,19,0,0,6,7,6,12.833333333333334,0,0,6,10,6,11.77777777777778,0,8.9,1.4,3.51,Graduate,2,0,1.0,0.0,1.0,0.0,-1.0555555555555536,0,0.5
1,1,1,12,1,1,1,13,3,10,5,1,0,0,1,0,0,18,0,0,7,7,6,12.916666666666666,0,0,7,7,6,12.916666666666666,0,7.6,2.6,0.32,Graduate,2,0,0.8571428571428571,0.1428571428571429,0.8571428571428571,0.1428571428571429,0.0,0,0.5
1,1,1,14,1,1,1,23,28,6,10,1,0,0,1,0,0,20,0,0,6,9,6,13.285714285714286,0,0,6,8,5,13.8,0,15.5,2.8,-4.06,Graduate,2,0,1.0,0.0,0.8333333333333334,0.16666666666666663,0.5142857142857142,-1,1.17
1,1,3,6,1,1,1,1,14,10,10,1,0,0,1,0,1,19,0,0,5,6,5,14.6,0,0,5,5,5,13.8,0,10.8,1.4,1.74,Graduate,2,0,1.0,0.0,1.0,0.0,-0.7999999999999989,0,0.58
1,1,1,10,1,1,1,13,28,4,10,1,0,0,1,0,1,18,0,0,6,6,6,14.0,0,0,6,6,6,13.666666666666666,0,12.4,0.5,1.79,Graduate,2,0,1.0,0.0,1.0,0.0,-0.3333333333333339,0,0.0
1,8,2,10,1,1,1,22,27,10,5,0,0,0,1,0,1,19,0,0,6,7,6,14.142857142857142,0,0,6,6,6,15.0,0,13.9,-0.3,0.79,Graduate,2,0,1.0,0.0,1.0,0.0,0.8571428571428577,0,0.5
1,1,4,10,1,1,1,23,1,5,11,1,0,0,1,0,0,19,0,0,6,8,6,11.666666666666666,0,0,6,6,6,12.333333333333334,0,10.8,1.4,1.74,Graduate,2,0,1.0,0.0,1.0,0.0,0.6666666666666679,0,0.88
1,8,1,12,1,1,1,13,27,5,9,1,0,0,1,0,0,18,0,0,8,9,8,14.3775,1,0,8,9,8,14.3775,1,9.4,-0.8,-3.12,Graduate,2,0,1.0,0.0,1.0,0.0,0.0,0,0.64
1,8,2,12,1,1,1,3,3,4,7,1,0,0,1,0,0,18,0,0,7,8,7,12.5,0,0,8,9,7,13.042857142857144,0,13.9,-0.3,0.79,Graduate,2,0,1.0,0.0,0.875,0.125,0.5428571428571445,0,0.44
1,1,5,12,1,1,1,23,28,8,8,1,0,0,1,0,1,19,0,0,7,7,6,14.15,0,0,7,7,6,14.15,0,7.6,2.6,0.32,Graduate,2,0,0.8571428571428571,0.1428571428571429,0.8571428571428571,0.1428571428571429,0.0,0,0.5
1,1,1,12,1,1,1,23,27,10,10,0,0,0,1,0,1,19,0,0,8,12,7,12.471428571428572,0,0,8,12,7,12.471428571428572,0,12.7,3.7,-1.7,Graduate,2,0,0.875,0.125,0.875,0.125,0.0,0,1.46
1,1,1,12,1,1,1,4,4,3,2,0,0,0,1,0,0,19,0,0,7,7,6,14.15,0,0,7,7,6,14.15,0,7.6,2.6,0.32,Graduate,2,0,0.8571428571428571,0.1428571428571429,0.8571428571428571,0.1428571428571429,0.0,0,0.5
1,1,2,12,1,1,1,22,27,10,9,1,0,0,1,0,0,21,0,0,7,11,7,14.072222222222225,0,0,8,8,8,14.0475,0,15.5,2.8,-4.06,Graduate,2,0,1.0,0.0,1.0,0.0,-0.0247222222222252,1,1.27
1,1,3,15,1,1,1,3,1,3,4,1,0,0,1,0,0,18,0,0,6,7,6,14.857142857142858,0,0,6,6,6,14.666666666666666,0,13.9,-0.3,0.79,Graduate,2,0,1.0,0.0,1.0,0.0,-0.19047619047619158,0,0.5
1,1,1,15,1,1,1,13,27,10,10,0,0,0,1,0,1,19,0,0,6,7,6,14.285714285714286,0,0,6,6,6,13.166666666666666,0,11.1,0.6,2.02,Graduate,2,0,1.0,0.0,1.0,0.0,-1.1190476190476204,0,0.5
1,1,4,15,1,1,1,13,27,13,12,0,0,0,0,0,0,18,0,0,4,4,0,0.0,0,0,4,4,0,0.0,0,12.7,3.7,-1.7,Dropout,0,1,0.0,1.0,0.0,1.0,0.0,0,6.75
1,4,1,3,0,3,1,1,1,5,5,0,0,0,1,0,0,30,0,0,6,0,0,0.0,0,0,6,0,0,0.0,0,10.8,1.4,1.74,Dropout,0,1,0.0,1.0,0.0,1.0,0.0,0,5.5
1,8,1,8,1,1,1,3,2,4,7,1,0,0,1,0,0,18,0,0,6,8,6,15.0,0,0,6,8,5,15.166666666666666,0,13.9,-0.3,0.79,Dropout,0,1,1.0,0.0,0.8333333333333334,0.16666666666666663,0.16666666666666607,-1,0.88
1,1,3,12,1,1,1,13,14,5,9,1,0,0,1,0,1,20,0,0,7,7,6,12.633333333333333,0,0,7,7,6,12.633333333333333,0,7.6,2.6,0.32,Graduate,2,0,0.8571428571428571,0.1428571428571429,0.8571428571428571,0.1428571428571429,0.0,0,0.5
1,12,1,14,1,12,1,1,1,5,8,0,0,1,0,0,0,25,0,0,5,5,5,11.2,0,0,5,5,5,12.6,0,9.4,-0.8,-3.12,Dropout,0,1,1.0,0.0,1.0,0.0,1.4000000000000004,0,2.5
1,1,5,12,1,1,1,23,27,6,8,1,0,0,1,0,0,18,0,0,7,7,6,14.233333333333334,0,0,7,7,6,14.233333333333334,0,7.6,2.6,0.32,Graduate,2,0,0.8571428571428571,0.1428571428571429,0.8571428571428571,0.1428571428571429,0.0,0,0.5
5,1,3,6,1,1,1,13,14,5,8,1,0,0,1,0,0,21,0,0,5,13,5,12.2,2,0,5,10,3,11.333333333333334,1,9.4,-0.8,-3.12,Enrolled,1,0,1.0,0.0,0.6,0.4,-0.8666666666666654,-2,2.95
1,1,1,12,1,1,1,5,4,3,2,0,0,0,1,0,0,18,0,0,8,8,7,15.7,0,0,8,8,7,15.7,0,12.7,3.7,-1.7,Graduate,2,0,0.875,0.125,0.875,0.125,0.0,0,0.44
1,1,1,12,1,1,1,22,27,10,10,1,0,0,1,0,0,18,0,0,7,7,6,15.2,0,0,7,7,6,15.2,0,7.6,2.6,0.32,Graduate,2,0,0.8571428571428571,0.1428571428571429,0.8571428571428571,0.1428571428571429,0.0,0,0.5
1,8,1,16,1,1,1,3,3,3,3,1,0,0,0,0,0,29,0,0,6,9,6,16.333333333333332,0,0,6,8,5,15.6,0,12.7,3.7,-1.7,Dropout,0,1,1.0,0.0,0.8333333333333334,0.16666666666666663,-0.7333333333333325,-1,2.42
1,14,1,8,1,1,1,3,3,3,3,0,0,0,1,0,0,20,0,10,17,29,14,12.5625,4,7,12,24,12,12.857142857142858,1,15.5,2.8,-4.06,Graduate,2,0,0.8235294117647058,0.17647058823529416,1.0,0.0,0.29464285714285765,-2,2.28
1,4,1,12,1,3,1,3,1,5,5,0,0,0,1,0,0,26,0,0,7,0,0,0.0,0,0,8,0,0,0.0,0,13.9,-0.3,0.79,Dropout,0,1,0.0,1.0,0.0,1.0,0.0,0,5.5
1,1,2,10,1,1,1,23,1,8,8,1,0,0,1,0,0,21,0,0,6,8,5,12.4,0,0,6,6,6,12.0,0,12.4,0.5,1.79,Graduate,2,0,0.8333333333333334,0.16666666666666663,1.0,0.0,-0.40000000000000036,1,1.31
1,9,1,12,1,1,1,22,14,6,6,0,0,0,1,0,1,19,0,0,8,9,8,13.78125,1,0,8,9,8,13.78125,1,9.4,-0.8,-3.12,Graduate,2,0,1.0,0.0,1.0,0.0,0.0,0,0.64
1,8,2,11,1,1,1,13,14,6,6,1,0,1,1,0,0,19,0,0,6,10,6,12.166666666666666,0,0,6,8,5,11.666666666666666,0,16.2,0.3,-0.92,Dropout,0,1,1.0,0.0,0.8333333333333334,0.16666666666666663,-0.5,-1,2.65
1,8,1,15,1,1,1,23,28,10,6,0,0,0,1,0,0,21,0,0,6,8,5,11.8,0,0,6,8,5,11.833333333333334,0,15.5,2.8,-4.06,Enrolled,1,0,0.8333333333333334,0.16666666666666663,0.8333333333333334,0.16666666666666663,0.033333333333333215,0,1.31
1,9,1,3,0,1,1,1,1,5,4,0,0,1,1,0,0,20,0,0,6,13,4,10.8,0,0,6,15,4,12.0,0,16.2,0.3,-0.92,Graduate,2,0,0.6666666666666666,0.33333333333333337,0.6666666666666666,0.33333333333333337,1.1999999999999993,0,3.67
1,1,6,12,1,1,1,22,27,10,9,1,0,0,1,0,1,18,0,0,7,8,7,13.26,0,0,8,8,8,14.28625,0,15.5,2.8,-4.06,Graduate,2,0,1.0,0.0,1.0,0.0,1.026250000000001,1,0.44
1,1,2,15,1,1,1,19,14,4,1,1,0,0,0,0,0,20,0,0,6,10,4,12.0,0,0,6,15,3,10.666666666666666,0,7.6,2.6,0.32,Dropout,0,1,0.6666666666666666,0.33333333333333337,0.5,0.5,-1.333333333333334,-1,3.35
1,1,1,10,1,1,1,13,28,10,10,0,1,0,1,0,1,20,0,0,6,9,6,11.875,0,0,6,7,6,14.428571428571429,0,16.2,0.3,-0.92,Graduate,2,0,1.0,0.0,1.0,0.0,2.553571428571429,0,1.17
1,14,1,12,1,1,1,13,14,5,8,0,0,0,1,0,1,18,0,0,7,11,5,12.16,0,0,7,7,2,13.4,0,16.2,0.3,-0.92,Enrolled,1,0,0.7142857142857143,0.2857142857142857,0.2857142857142857,0.7142857142857143,1.2400000000000002,-3,1.91
1,7,1,5,1,1,1,1,1,4,4,1,0,0,1,0,0,18,0,0,6,6,1,15.0,0,0,6,7,4,12.5,0,9.4,-0.8,-3.12,Enrolled,1,0,0.16666666666666666,0.8333333333333334,0.6666666666666666,0.33333333333333337,-2.5,3,2.92
1,1,1,15,1,1,1,22,27,10,10,1,0,0,1,0,0,18,0,0,6,6,6,13.333333333333334,0,0,6,9,5,13.2,0,9.4,-0.8,-3.12,Graduate,2,0,1.0,0.0,0.8333333333333334,0.16666666666666663,-0.13333333333333464,-1,0.0
1,8,1,6,1,1,1,2,14,3,10,1,0,0,1,0,0,18,0,0,5,12,2,11.5,0,0,5,12,3,11.8,2,10.8,1.4,1.74,Enrolled,1,0,0.4,0.6,0.6,0.4,0.3000000000000007,1,2.92
1,15,1,6,1,14,1,3,3,3,3,1,0,0,1,0,0,22,0,2,6,7,6,14.428571428571429,0,1,6,9,5,13.0,0,13.9,-0.3,0.79,Graduate,2,0,1.0,0.0,0.8333333333333334,0.16666666666666663,-1.4285714285714288,-1,0.5
1,15,3,6,1,14,1,1,14,5,2,1,0,0,1,0,0,19,0,0,5,10,1,13.0,1,0,5,8,3,15.333333333333334,0,12.7,3.7,-1.7,Enrolled,1,0,0.2,0.8,0.6,0.4,2.333333333333334,2,3.55
1,8,1,4,1,1,1,13,1,10,3,1,0,0,1,0,1,19,0,0,6,7,6,15.0,0,0,6,8,6,14.333333333333334,0,12.4,0.5,1.79,Graduate,2,0,1.0,0.0,1.0,0.0,-0.6666666666666661,0,0.5
1,1,2,13,1,1,1,13,14,10,10,1,0,0,1,0,0,18,0,0,7,9,7,15.155555555555557,0,0,8,8,8,16.8,0,12.7,3.7,-1.7,Graduate,2,0,1.0,0.0,1.0,0.0,1.644444444444444,1,0.78
1,1,1,10,1,1,1,23,28,28,42,1,0,1,1,0,0,20,0,0,6,8,6,10.666666666666666,0,0,6,7,6,11.857142857142858,0,11.1,0.6,2.02,Graduate,2,0,1.0,0.0,1.0,0.0,1.1904761904761916,0,2.12
1,8,1,16,1,1,1,23,27,6,6,1,0,0,1,0,0,18,0,0,6,9,5,11.0,0,0,6,9,4,11.25,0,10.8,1.4,1.74,Dropout,0,1,0.8333333333333334,0.16666666666666663,0.6666666666666666,0.33333333333333337,0.25,-1,1.56
1,8,2,14,1,1,1,1,14,6,6,1,0,0,1,0,0,21,0,0,6,0,0,0.0,0,0,6,0,0,0.0,0,8.9,1.4,3.51,Dropout,0,1,0.0,1.0,0.0,1.0,0.0,0,5.5
1,1,1,10,1,1,1,1,14,5,5,0,0,0,1,0,0,19,0,0,6,7,6,12.285714285714286,0,0,6,7,6,12.0,0,12.4,0.5,1.79,Graduate,2,0,1.0,0.0,1.0,0.0,-0.2857142857142865,0,0.5
1,1,5,12,1,1,1,23,28,10,10,1,0,0,1,0,0,18,0,0,8,8,8,12.82875,0,0,8,8,8,12.82875,0,9.4,-0.8,-3.12,Dropout,0,1,1.0,0.0,1.0,0.0,0.0,0,0.0
1,1,4,15,1,1,4,10,10,12,5,1,0,0,1,0,0,18,1,0,6,6,6,12.666666666666666,0,0,6,8,5,14.4,0,7.6,2.6,0.32,Graduate,2,0,1.0,0.0,0.8333333333333334,0.16666666666666663,1.7333333333333343,-1,0.0
1,8,1,2,1,1,1,1,1,7,8,1,0,0,1,0,0,18,0,0,0,0,0,0.0,0,0,0,0,0,0.0,0,12.4,0.5,1.79,Enrolled,1,0,0.0,1.0,0.0,1.0,0.0,0,5.5
1,8,1,6,1,1,1,13,14,5,10,1,0,1,0,0,1,21,0,0,6,16,2,13.0,0,0,6,8,0,0.0,0,15.5,2.8,-4.06,Dropout,0,1,0.3333333333333333,0.6666666666666667,0.0,1.0,-13.0,-2,5.56
1,1,1,9,1,1,1,1,28,6,6,0,0,1,1,0,0,19,0,0,5,10,5,10.875,0,0,5,8,4,12.4,0,13.9,-0.3,0.79,Graduate,2,0,1.0,0.0,0.8,0.19999999999999996,1.5250000000000004,-1,3.0
1,1,1,9,1,1,1,22,27,10,8,1,0,0,1,0,1,19,0,0,5,5,5,12.8,0,0,5,8,5,11.6,0,9.4,-0.8,-3.12,Graduate,2,0,1.0,0.0,1.0,0.0,-1.200000000000001,0,0.0
1,8,3,10,1,1,1,1,14,5,11,1,0,0,1,0,0,19,0,0,6,10,5,11.285714285714286,0,0,6,7,0,0.0,0,16.2,0.3,-0.92,Dropout,0,1,0.8333333333333334,0.16666666666666663,0.0,1.0,-11.285714285714286,-5,1.75
1,1,1,2,1,1,1,5,3,4,4,0,0,0,1,0,0,18,0,0,0,0,0,0.0,0,0,0,0,0,0.0,0,13.9,-0.3,0.79,Graduate,2,0,0.0,1.0,0.0,1.0,0.0,0,5.5
1,14,1,11,1,1,1,23,28,10,10,0,0,0,1,0,1,19,0,0,6,0,0,0.0,0,0,6,11,1,10.0,0,10.8,1.4,1.74,Dropout,0,1,0.0,1.0,0.16666666666666666,0.8333333333333334,10.0,1,5.5
1,8,2,12,1,1,1,23,1,6,8,1,0,0,1,0,1,20,0,0,7,9,6,13.766666666666666,0,0,8,9,8,13.744444444444444,0,16.2,0.3,-0.92,Dropout,0,1,0.8571428571428571,0.1428571428571429,1.0,0.0,-0.022222222222222143,2,1.17
1,1,3,12,1,1,1,12,13,2,2,1,0,0,0,0,0,18,0,0,8,9,6,12.758333333333333,1,0,8,9,6,12.758333333333333,1,9.4,-0.8,-3.12,Dropout,0,1,0.75,0.25,0.75,0.25,0.0,0,2.67
1,1,1,2,1,1,1,13,14,9,9,1,0,0,1,0,1,19,0,0,0,0,0,0.0,0,0,0,0,0,0.0,0,11.1,0.6,2.02,Dropout,0,1,0.0,1.0,0.0,1.0,0.0,0,5.5
1,1,1,5,1,1,1,13,1,6,8,1,0,0,1,0,0,18,0,0,6,6,6,12.666666666666666,0,0,6,8,6,13.25,0,10.8,1.4,1.74,Graduate,2,0,1.0,0.0,1.0,0.0,0.5833333333333339,0,0.0
1,1,1,6,1,1,1,13,27,4,8,0,0,0,1,0,0,18,0,0,6,13,6,12.0,0,0,6,16,4,12.75,0,11.1,0.6,2.02,Enrolled,1,0,1.0,0.0,0.6666666666666666,0.33333333333333337,0.75,-2,1.88
1,1,1,10,1,1,1,1,27,6,8,0,0,0,1,0,1,19,0,0,6,8,6,12.25,0,0,6,8,6,12.0,0,16.2,0.3,-0.92,Graduate,2,0,1.0,0.0,1.0,0.0,-0.25,0,0.88
1,1,2,9,1,1,1,13,27,5,6,1,0,0,1,0,0,20,0,0,5,8,3,11.333333333333334,0,0,5,8,5,12.2,0,7.6,2.6,0.32,Graduate,2,0,0.6,0.4,1.0,0.0,0.8666666666666654,2,2.19
1,8,5,12,1,1,1,1,1,5,6,1,0,0,1,0,1,19,0,0,7,9,7,13.507142857142856,0,0,8,12,8,13.05,0,16.2,0.3,-0.92,Graduate,2,0,1.0,0.0,1.0,0.0,-0.4571428571428555,1,0.78
1,1,3,12,1,1,1,13,28,2,2,1,0,0,1,0,0,18,0,0,8,8,7,13.614285714285714,0,0,8,8,7,13.614285714285714,0,12.7,3.7,-1.7,Graduate,2,0,0.875,0.125,0.875,0.125,0.0,0,0.44
1,12,1,11,1,1,1,13,1,5,2,0,0,1,1,0,0,25,0,0,6,6,0,0.0,0,0,6,6,0,0.0,0,15.5,2.8,-4.06,Dropout,0,1,0.0,1.0,0.0,1.0,0.0,0,6.75
1,8,5,5,1,1,1,22,27,10,10,1,0,0,0,0,0,18,0,0,6,9,4,11.5,1,0,6,6,6,12.166666666666666,0,7.6,2.6,0.32,Graduate,2,0,0.6666666666666666,0.33333333333333337,1.0,0.0,0.6666666666666661,2,3.53
1,1,5,15,1,1,1,23,14,10,10,1,0,0,1,0,0,19,0,0,6,7,6,12.333333333333334,0,0,6,7,6,12.5,0,8.9,1.4,3.51,Graduate,2,0,1.0,0.0,1.0,0.0,0.16666666666666607,0,0.5
1,8,2,13,1,1,1,13,28,5,9,1,0,0,1,0,1,19,0,0,7,7,7,11.971428571428572,0,0,8,8,8,14.4375,0,15.5,2.8,-4.06,Graduate,2,0,1.0,0.0,1.0,0.0,2.4660714285714285,1,0.0
1,1,1,9,1,1,1,13,14,6,9,0,0,1,0,0,1,20,0,0,5,12,2,13.0,1,0,5,13,2,11.5,0,9.4,-0.8,-3.12,Dropout,0,1,0.4,0.6,0.4,0.6,-1.5,0,5.82
1,8,5,12,1,1,1,1,1,6,5,1,0,0,1,0,0,18,0,0,7,9,7,12.385714285714286,0,0,8,9,7,12.728571428571428,0,13.9,-0.3,0.79,Enrolled,1,0,1.0,0.0,0.875,0.125,0.34285714285714164,0,0.78
1,8,4,6,1,1,1,23,27,5,10,1,0,0,1,0,0,20,0,0,5,12,2,13.5,0,0,5,12,5,11.285714285714286,1,10.8,1.4,1.74,Graduate,2,0,0.4,0.6,1.0,0.0,-2.2142857142857135,3,2.92
1,8,1,10,1,1,1,1,1,10,10,1,0,0,1,0,0,21,0,0,6,8,6,12.166666666666666,0,0,6,7,6,13.285714285714286,0,11.1,0.6,2.02,Graduate,2,0,1.0,0.0,1.0,0.0,1.1190476190476204,0,0.88
1,1,2,2,1,1,1,3,1,3,4,1,0,0,1,0,0,19,0,0,0,0,0,0.0,0,0,0,0,0,0.0,0,12.7,3.7,-1.7,Graduate,2,0,0.0,1.0,0.0,1.0,0.0,0,5.5
2,12,1,3,0,9,1,22,27,8,10,0,0,0,1,0,0,42,0,0,6,6,6,11.666666666666666,0,0,6,6,6,13.666666666666666,0,10.8,1.4,1.74,Graduate,2,0,1.0,0.0,1.0,0.0,2.0,0,0.0
1,8,1,8,1,1,1,3,3,3,3,1,0,1,0,0,0,18,0,0,6,9,5,12.4,0,0,6,12,5,14.166666666666666,0,8.9,1.4,3.51,Enrolled,1,0,0.8333333333333334,0.16666666666666663,0.8333333333333334,0.16666666666666663,1.7666666666666657,0,4.06
1,1,1,5,1,1,1,22,27,10,7,0,0,0,1,0,1,19,0,0,6,7,5,13.4,0,0,6,6,6,12.833333333333334,0,15.5,2.8,-4.06,Graduate,2,0,0.8333333333333334,0.16666666666666663,1.0,0.0,-0.5666666666666664,1,1.0
1,1,6,11,1,1,1,23,14,10,6,1,0,0,1,0,0,18,0,0,6,11,6,12.0,0,0,6,11,4,12.5,0,8.9,1.4,3.51,Graduate,2,0,1.0,0.0,0.6666666666666666,0.33333333333333337,0.5,-2,1.59
1,5,1,6,1,1,1,13,14,5,6,1,0,0,1,0,0,21,0,0,5,6,5,14.2,0,0,5,5,5,14.8,0,10.8,1.4,1.74,Graduate,2,0,1.0,0.0,1.0,0.0,0.6000000000000014,0,0.58
1,1,1,10,1,1,1,23,27,6,6,0,0,0,1,0,1,20,0,0,6,8,6,12.125,0,0,6,7,6,14.428571428571429,0,16.2,0.3,-0.92,Graduate,2,0,1.0,0.0,1.0,0.0,2.303571428571429,0,0.88
1,1,1,16,1,1,1,1,14,4,4,1,0,0,1,0,0,20,0,0,7,7,7,13.857142857142858,0,0,7,7,7,13.285714285714286,0,11.1,0.6,2.02,Graduate,2,0,1.0,0.0,1.0,0.0,-0.5714285714285712,0,0.0
1,15,1,6,1,14,1,3,1,3,10,1,0,0,1,0,0,21,0,1,6,13,3,11.75,0,1,6,13,5,12.333333333333334,0,12.4,0.5,1.79,Enrolled,1,0,0.5,0.5,0.8333333333333334,0.16666666666666663,0.5833333333333339,2,2.69
1,1,4,12,1,1,1,23,27,8,8,1,0,0,1,0,0,19,0,0,7,9,7,14.283333333333337,0,0,8,9,8,13.125555555555556,0,15.5,2.8,-4.06,Graduate,2,0,1.0,0.0,1.0,0.0,-1.1577777777777811,1,0.78
1,13,1,10,1,1,1,1,14,5,10,0,0,0,1,0,0,21,0,10,13,21,11,13.272727272727272,0,6,11,13,9,13.0,0,7.6,2.6,0.32,Graduate,2,0,0.8461538461538461,0.15384615384615385,0.8181818181818182,0.18181818181818177,-0.2727272727272716,-2,1.67
1,1,1,5,1,1,1,23,14,23,44,1,1,0,1,0,0,19,0,0,6,6,6,14.666666666666666,0,0,6,7,6,15.142857142857142,0,8.9,1.4,3.51,Graduate,2,0,1.0,0.0,1.0,0.0,0.4761904761904763,0,0.0
1,1,1,12,1,1,1,13,14,10,10,0,0,0,1,0,1,19,0,0,7,10,7,15.114999999999998,0,0,8,10,8,15.092,0,15.5,2.8,-4.06,Graduate,2,0,1.0,0.0,1.0,0.0,-0.02299999999999791,1,1.05
1,8,2,2,1,1,1,1,1,5,2,1,0,0,1,0,0,18,0,0,0,0,0,0.0,0,0,0,0,0,0.0,0,9.4,-0.8,-3.12,Enrolled,1,0,0.0,1.0,0.0,1.0,0.0,0,5.5
1,15,1,6,1,14,1,22,14,10,11,1,0,0,1,0,0,22,0,1,6,13,6,15.0,0,1,6,7,6,13.142857142857142,0,16.2,0.3,-0.92,Graduate,2,0,1.0,0.0,1.0,0.0,-1.8571428571428577,0,1.88
1,1,2,16,1,1,1,3,1,4,6,0,0,0,1,0,0,21,0,0,6,8,5,13.2,0,0,6,9,5,14.333333333333334,0,9.4,-0.8,-3.12,Graduate,2,0,0.8333333333333334,0.16666666666666663,0.8333333333333334,0.16666666666666663,1.1333333333333346,0,1.31
1,8,4,11,1,1,1,22,27,6,9,1,0,0,1,0,1,18,0,0,6,14,2,11.0,0,0,6,14,3,10.333333333333334,0,7.6,2.6,0.32,Dropout,0,1,0.3333333333333333,0.6666666666666667,0.5,0.5,-0.6666666666666661,1,3.0
1,1,4,12,1,1,1,1,3,2,3,0,0,0,1,0,1,20,0,0,8,8,7,14.565714285714288,0,0,8,8,7,14.565714285714288,0,10.8,1.4,1.74,Graduate,2,0,0.875,0.125,0.875,0.125,0.0,0,0.44
1,8,2,14,1,1,1,19,27,1,1,1,0,1,0,0,0,18,0,0,5,8,3,12.0,0,0,5,6,4,10.75,0,7.6,2.6,0.32,Dropout,0,1,0.6,0.4,0.8,0.19999999999999996,-1.25,1,4.69
1,8,1,10,1,1,1,13,27,8,10,0,0,0,1,0,0,20,0,0,6,6,0,0.0,0,0,5,5,0,0.0,0,8.9,1.4,3.51,Dropout,0,1,0.0,1.0,0.0,1.0,0.0,0,5.5
1,8,4,12,1,1,1,1,1,4,4,1,0,0,1,0,0,23,0,0,7,7,6,13.796666666666669,0,0,8,11,7,13.775,0,12.4,0.5,1.79,Graduate,2,0,0.8571428571428571,0.1428571428571429,0.875,0.125,-0.021666666666668277,1,0.5
1,1,2,15,1,1,1,1,1,4,4,1,0,0,1,0,0,18,0,0,6,6,6,14.833333333333334,0,0,6,6,6,15.333333333333334,0,12.7,3.7,-1.7,Graduate,2,0,1.0,0.0,1.0,0.0,0.5,0,0.0
1,15,1,10,1,14,1,1,1,10,4,1,0,0,1,0,0,20,0,3,6,6,6,12.833333333333334,0,2,6,6,6,13.833333333333334,0,12.4,0.5,1.79,Graduate,2,0,1.0,0.0,1.0,0.0,1.0,0,0.0
1,8,1,12,1,1,1,23,27,6,10,1,0,0,1,0,1,18,0,0,8,8,7,14.962857142857144,0,0,8,8,7,14.962857142857144,0,10.8,1.4,1.74,Graduate,2,0,0.875,0.125,0.875,0.125,0.0,0,0.44
1,1,6,9,1,1,1,23,28,10,10,1,0,0,1,0,0,20,0,0,5,8,4,12.0,0,0,5,8,5,11.2,0,11.1,0.6,2.02,Graduate,2,0,0.8,0.19999999999999996,1.0,0.0,-0.8000000000000007,1,1.75
1,9,2,12,1,1,1,1,3,4,3,1,0,0,1,0,0,18,0,0,7,8,7,12.4,0,0,8,9,8,12.8,0,16.2,0.3,-0.92,Graduate,2,0,1.0,0.0,1.0,0.0,0.40000000000000036,1,0.44
1,8,1,14,1,1,1,3,3,3,2,1,0,0,1,0,0,20,0,0,6,7,6,15.571428571428571,0,0,6,6,6,17.166666666666668,0,16.2,0.3,-0.92,Graduate,2,0,1.0,0.0,1.0,0.0,1.5952380952380967,0,0.5
1,1,5,12,1,1,1,1,1,6,9,1,0,0,1,0,0,19,0,0,8,8,7,13.714285714285714,0,0,8,8,7,13.714285714285714,0,12.7,3.7,-1.7,Graduate,2,0,0.875,0.125,0.875,0.125,0.0,0,0.44
1,15,1,6,1,14,1,1,14,5,5,0,0,0,1,0,0,21,0,2,6,9,6,13.142857142857142,0,0,6,9,6,12.166666666666666,0,13.9,-0.3,0.79,Graduate,2,0,1.0,0.0,1.0,0.0,-0.9761904761904763,0,1.17
2,4,1,5,1,17,1,22,1,10,8,0,0,0,1,0,0,33,0,0,6,7,6,15.0,0,0,6,8,3,11.0,0,11.1,0.6,2.02,Graduate,2,0,1.0,0.0,0.5,0.5,-4.0,-3,0.5
1,1,1,6,1,1,1,10,2,5,3,0,0,1,0,0,0,24,0,0,5,6,1,13.0,0,0,5,5,0,0.0,0,7.6,2.6,0.32,Dropout,0,1,0.2,0.8,0.0,1.0,-13.0,-1,5.42
1,14,1,10,1,1,1,1,28,5,4,0,0,0,1,0,1,20,0,8,11,12,11,12.0,0,6,11,14,11,12.75,0,13.9,-0.3,0.79,Graduate,2,0,1.0,0.0,1.0,0.0,0.75,0,0.29
1,1,1,2,1,1,1,13,28,10,2,1,0,0,1,0,0,18,0,0,0,0,0,0.0,0,0,0,0,0,0.0,0,9.4,-0.8,-3.12,Graduate,2,0,0.0,1.0,0.0,1.0,0.0,0,5.5
1,1,4,5,1,1,1,1,1,8,4,1,0,0,1,0,0,18,0,0,6,6,6,15.166666666666666,0,0,6,6,6,14.166666666666666,0,15.5,2.8,-4.06,Graduate,2,0,1.0,0.0,1.0,0.0,-1.0,0,0.0
1,14,1,3,0,6,1,19,24,1,1,0,0,1,1,0,0,29,0,1,6,9,4,12.0,0,1,6,13,2,10.5,0,7.6,2.6,0.32,Dropout,0,1,0.6666666666666666,0.33333333333333337,0.3333333333333333,0.6666666666666667,-1.5,-2,3.19
1,8,1,12,1,1,1,1,1,6,6,0,1,0,1,0,0,18,0,0,7,7,7,13.642857142857142,0,0,8,11,8,14.772727272727272,0,16.2,0.3,-0.92,Graduate,2,0,1.0,0.0,1.0,0.0,1.1298701298701292,1,0.0
1,1,3,15,1,1,1,23,27,6,6,1,0,0,1,0,0,19,0,0,6,8,6,12.666666666666666,0,0,6,7,6,12.714285714285714,0,9.4,-0.8,-3.12,Graduate,2,0,1.0,0.0,1.0,0.0,0.04761904761904745,0,0.88
1,8,1,2,1,1,1,23,28,8,8,1,0,0,1,0,0,19,0,0,0,0,0,0.0,0,0,0,0,0,0.0,0,15.5,2.8,-4.06,Dropout,0,1,0.0,1.0,0.0,1.0,0.0,0,5.5
1,8,1,10,1,1,1,13,14,6,5,0,0,0,1,0,1,18,0,0,6,8,5,10.8,0,0,6,9,6,10.5,0,12.4,0.5,1.79,Graduate,2,0,0.8333333333333334,0.16666666666666663,1.0,0.0,-0.3000000000000007,1,1.31
1,14,1,12,1,1,1,13,14,8,8,0,0,0,1,0,1,19,0,0,7,9,6,14.25,0,0,8,11,8,13.063636363636364,0,16.2,0.3,-0.92,Graduate,2,0,0.8571428571428571,0.1428571428571429,1.0,0.0,-1.1863636363636356,2,1.17
1,13,1,16,1,1,1,22,14,10,4,0,0,0,1,0,0,20,0,6,14,22,12,12.153846153846152,0,5,12,18,10,12.9,0,10.8,1.4,1.74,Dropout,0,1,0.8571428571428571,0.1428571428571429,0.8333333333333334,0.16666666666666663,0.7461538461538488,-2,1.59
1,8,2,10,1,1,1,2,1,4,5,1,0,0,1,0,0,19,0,0,6,14,1,11.5,0,0,6,12,2,10.5,0,7.6,2.6,0.32,Enrolled,1,0,0.16666666666666666,0.8333333333333334,0.3333333333333333,0.6666666666666667,-1.0,1,3.25
1,8,1,11,1,1,1,13,14,8,6,1,0,0,1,0,1,19,0,0,6,10,4,12.25,0,0,6,9,3,12.333333333333334,0,9.4,-0.8,-3.12,Graduate,2,0,0.6666666666666666,0.33333333333333337,0.5,0.5,0.08333333333333393,-1,2.1
1,1,1,5,1,1,1,13,27,5,5,0,0,0,1,0,1,18,0,1,6,8,6,12.0,1,0,6,12,5,11.142857142857142,0,13.9,-0.3,0.79,Enrolled,1,0,1.0,0.0,0.8333333333333334,0.16666666666666663,-0.8571428571428577,-1,1.21
1,1,6,12,1,1,1,13,28,6,8,1,0,0,1,0,1,18,0,0,8,8,8,13.40375,0,0,8,8,8,13.40375,0,9.4,-0.8,-3.12,Graduate,2,0,1.0,0.0,1.0,0.0,0.0,0,0.0
1,8,1,11,1,1,1,3,1,3,4,0,0,0,1,0,1,19,0,0,6,15,6,11.333333333333334,0,0,6,9,3,12.666666666666666,0,9.4,-0.8,-3.12,Graduate,2,0,1.0,0.0,0.5,0.5,1.3333333333333321,-3,2.1
1,8,4,15,1,1,1,1,1,6,6,0,0,1,1,1,0,20,0,0,6,7,5,12.2,0,0,6,6,6,12.333333333333334,0,12.7,3.7,-1.7,Dropout,0,1,0.8333333333333334,0.16666666666666663,1.0,0.0,0.13333333333333464,1,2.25
1,8,1,2,1,1,1,22,27,10,7,1,0,0,1,1,1,18,0,0,0,0,0,0.0,0,0,0,0,0,0.0,0,7.6,2.6,0.32,Enrolled,1,0,0.0,1.0,0.0,1.0,0.0,0,5.5
1,1,6,12,1,1,1,4,14,3,4,1,0,0,1,1,0,18,0,0,7,0,0,0.0,0,0,8,0,0,0.0,0,16.2,0.3,-0.92,Dropout,0,1,0.0,1.0,0.0,1.0,0.0,0,5.5
1,12,1,4,1,1,1,3,1,3,5,0,0,1,0,1,0,35,0,0,6,8,5,16.166666666666668,0,0,6,10,4,16.0,0,8.9,1.4,3.51,Dropout,0,1,0.8333333333333334,0.16666666666666663,0.6666666666666666,0.33333333333333337,-0.16666666666666785,-1,3.81
1,8,1,7,1,1,1,13,28,10,8,0,0,0,1,1,0,18,0,0,5,10,3,11.0,0,0,5,6,3,11.0,1,16.2,0.3,-0.92,Enrolled,1,0,0.6,0.4,0.6,0.4,0.0,0,2.45
1,1,1,2,1,1,1,22,14,6,9,1,0,0,1,1,1,19,0,0,0,0,0,0.0,0,0,0,0,0,0.0,0,13.9,-0.3,0.79,Graduate,2,0,0.0,1.0,0.0,1.0,0.0,0,5.5
1,1,2,15,1,1,1,23,14,5,8,1,0,0,1,1,1,19,0,0,6,8,4,12.0,0,0,6,8,6,12.285714285714286,0,15.5,2.8,-4.06,Enrolled,1,0,0.6666666666666666,0.33333333333333337,1.0,0.0,0.2857142857142865,2,1.75
1,8,2,9,1,1,1,1,28,6,8,1,0,0,1,1,0,20,0,0,5,8,2,10.5,0,0,5,11,4,12.25,0,10.8,1.4,1.74,Enrolled,1,0,0.4,0.6,0.8,0.19999999999999996,1.75,2,2.62
1,14,1,5,1,1,1,1,1,5,8,1,0,0,1,1,0,19,0,3,6,7,3,11.666666666666666,0,1,6,13,4,10.333333333333334,0,13.9,-0.3,0.79,Enrolled,1,0,0.5,0.5,0.6666666666666666,0.33333333333333337,-1.3333333333333321,1,2.0
1,1,3,9,1,1,1,23,28,10,10,1,0,0,1,1,0,19,0,0,5,8,3,11.0,0,0,5,7,2,10.0,0,12.7,3.7,-1.7,Dropout,0,1,0.6,0.4,0.4,0.6,-1.0,-1,2.19
1,12,2,13,1,1,1,1,1,10,11,0,0,0,1,1,0,24,0,0,7,18,0,0.0,0,0,7,13,0,0.0,1,11.1,0.6,2.02,Dropout,0,1,0.0,1.0,0.0,1.0,0.0,0,5.5
1,12,1,3,0,1,1,22,27,10,8,1,0,1,0,1,0,29,0,0,6,11,4,12.5,0,0,6,7,0,0.0,0,12.4,0.5,1.79,Dropout,0,1,0.6666666666666666,0.33333333333333337,0.0,1.0,-12.5,-4,4.73
1,12,1,12,1,1,1,23,3,10,2,0,0,0,1,1,0,24,0,0,7,11,7,11.294444444444444,0,0,8,22,2,12.6,0,15.5,2.8,-4.06,Graduate,2,0,1.0,0.0,0.25,0.75,1.3055555555555554,-5,1.27
1,8,2,11,1,1,1,13,28,7,7,1,0,0,1,1,0,19,0,0,6,8,5,11.2,0,0,6,11,4,12.5,0,15.5,2.8,-4.06,Graduate,2,0,0.8333333333333334,0.16666666666666663,0.6666666666666666,0.33333333333333337,1.3000000000000007,-1,1.31
2,4,1,2,1,3,1,13,14,10,10,1,0,0,1,1,0,37,0,0,0,0,0,0.0,0,0,0,0,0,0.0,0,7.6,2.6,0.32,Dropout,0,1,0.0,1.0,0.0,1.0,0.0,0,5.5
1,3,2,5,1,1,1,1,1,5,11,1,0,0,1,1,0,18,0,0,6,7,5,13.2,0,0,6,6,5,11.8,0,16.2,0.3,-0.92,Graduate,2,0,0.8333333333333334,0.16666666666666663,0.8333333333333334,0.16666666666666663,-1.3999999999999986,0,1.0
1,15,1,7,1,14,1,1,1,10,9,0,0,0,1,1,1,20,0,3,7,12,6,14.142857142857142,0,1,6,10,6,14.125,0,12.4,0.5,1.79,Enrolled,1,0,0.8571428571428571,0.1428571428571429,1.0,0.0,-0.01785714285714235,0,1.75
1,1,5,9,1,1,1,24,29,4,4,1,0,0,0,1,0,18,0,0,5,0,0,0.0,0,0,5,0,0,0.0,0,11.1,0.6,2.02,Dropout,0,1,0.0,1.0,0.0,1.0,0.0,0,6.75
1,14,1,9,1,1,1,22,14,10,9,0,0,0,1,1,0,22,0,0,5,5,0,0.0,0,0,5,9,3,13.333333333333334,2,16.2,0.3,-0.92,Enrolled,1,0,0.0,1.0,0.6,0.4,13.333333333333334,3,5.5
1,8,2,9,1,1,1,23,28,5,8,1,0,0,1,1,1,22,0,0,5,7,3,12.333333333333334,0,0,5,9,3,10.571428571428571,0,10.8,1.4,1.74,Enrolled,1,0,0.6,0.4,0.6,0.4,-1.7619047619047628,0,2.0
1,1,5,15,1,1,1,1,28,10,6,1,0,1,0,1,0,18,0,0,6,6,0,0.0,0,0,6,0,0,0.0,0,11.1,0.6,2.02,Dropout,0,1,0.0,1.0,0.0,1.0,0.0,0,8.0
1,1,3,12,1,1,1,1,1,5,5,1,0,0,1,1,0,18,0,0,8,8,7,13.1,0,0,8,8,7,13.1,0,12.7,3.7,-1.7,Graduate,2,0,0.875,0.125,0.875,0.125,0.0,0,0.44
1,1,1,5,1,1,1,22,27,10,10,1,0,0,1,1,0,19,0,0,6,6,6,13.5,0,0,6,6,6,13.166666666666666,0,9.4,-0.8,-3.12,Graduate,2,0,1.0,0.0,1.0,0.0,-0.3333333333333339,0,0.0
1,1,1,7,1,1,1,23,14,6,6,0,0,0,1,1,0,19,0,0,5,7,5,10.2,0,0,5,8,3,12.0,0,10.8,1.4,1.74,Enrolled,1,0,1.0,0.0,0.6,0.4,1.8000000000000007,-2,1.0
1,1,1,10,1,1,1,13,28,10,10,0,0,0,1,1,0,19,0,0,6,10,5,11.571428571428571,0,0,6,10,3,13.0,0,16.2,0.3,-0.92,Dropout,0,1,0.8333333333333334,0.16666666666666663,0.5,0.5,1.4285714285714288,-2,1.75
1,15,1,4,1,14,1,13,14,10,8,1,0,1,1,1,0,21,0,0,6,7,6,15.285714285714286,0,0,6,6,6,15.166666666666666,0,12.4,0.5,1.79,Graduate,2,0,1.0,0.0,1.0,0.0,-0.1190476190476204,0,1.75
1,1,2,15,1,1,1,3,1,3,5,0,0,0,1,1,0,19,0,0,6,9,5,12.6,0,6,10,16,8,11.0,1,8.9,1.4,3.51,Enrolled,1,0,0.8333333333333334,0.16666666666666663,0.8,0.19999999999999996,-1.5999999999999996,3,1.56
1,9,2,13,1,1,1,3,3,3,3,0,0,0,1,1,0,18,0,0,7,11,6,13.433333333333332,0,0,7,10,4,13.6,0,8.9,1.4,3.51,Graduate,2,0,0.8571428571428571,0.1428571428571429,0.5714285714285714,0.4285714285714286,0.16666666666666785,-2,1.59
1,7,2,9,1,1,1,13,14,5,10,1,0,0,1,1,0,19,0,0,5,8,5,11.6,0,0,5,9,3,11.0,0,10.8,1.4,1.74,Dropout,0,1,1.0,0.0,0.6,0.4,-0.5999999999999996,-2,1.31
1,4,1,15,1,17,1,13,1,5,9,0,0,0,1,1,0,25,0,0,6,6,6,14.666666666666666,0,0,6,6,6,13.5,0,11.1,0.6,2.02,Graduate,2,0,1.0,0.0,1.0,0.0,-1.166666666666666,0,0.0
1,1,1,5,1,1,1,22,1,10,9,1,0,0,1,1,0,22,0,0,6,9,6,14.666666666666666,0,0,6,12,6,14.666666666666666,0,12.7,3.7,-1.7,Graduate,2,0,1.0,0.0,1.0,0.0,0.0,0,1.17
1,12,1,12,1,1,1,1,1,5,10,0,0,0,1,1,0,24,0,0,8,8,7,12.742857142857144,0,0,8,8,7,12.742857142857144,0,12.7,3.7,-1.7,Graduate,2,0,0.875,0.125,0.875,0.125,0.0,0,0.44
1,1,2,12,1,1,1,1,3,6,11,1,0,0,1,1,0,19,0,0,7,9,7,11.975,0,0,8,9,7,13.12857142857143,0,13.9,-0.3,0.79,Graduate,2,0,1.0,0.0,0.875,0.125,1.1535714285714302,0,0.78
1,14,1,7,1,1,1,3,1,3,4,0,0,0,1,1,0,18,0,0,5,9,4,12.25,0,0,5,11,3,11.666666666666666,0,13.9,-0.3,0.79,Enrolled,1,0,0.8,0.19999999999999996,0.6,0.4,-0.5833333333333339,-1,1.94
1,8,1,2,1,1,1,23,27,5,7,0,0,0,0,1,0,20,0,0,0,0,0,0.0,0,0,0,0,0,0.0,0,9.4,-0.8,-3.12,Dropout,0,1,0.0,1.0,0.0,1.0,0.0,0,6.75
1,1,2,12,1,1,1,13,14,10,8,1,0,0,1,1,1,19,0,0,8,8,7,14.935714285714283,0,0,8,8,7,14.935714285714283,0,10.8,1.4,1.74,Graduate,2,0,0.875,0.125,0.875,0.125,0.0,0,0.44
1,14,3,11,1,1,1,22,27,10,10,1,0,0,1,1,0,19,0,1,6,16,2,10.5,0,0,6,15,4,10.0,0,7.6,2.6,0.32,Dropout,0,1,0.3333333333333333,0.6666666666666667,0.6666666666666666,0.33333333333333337,-0.5,2,3.06
1,1,1,14,1,1,1,3,3,4,4,1,0,0,1,1,0,19,0,0,6,9,5,13.333333333333334,0,0,6,6,5,13.0,0,12.4,0.5,1.79,Graduate,2,0,0.8333333333333334,0.16666666666666663,0.8333333333333334,0.16666666666666663,-0.3333333333333339,0,1.56
1,14,1,4,1,1,1,22,27,10,7,0,0,1,1,1,0,23,0,0,6,6,0,0.0,0,0,6,8,0,0.0,0,15.5,2.8,-4.06,Dropout,0,1,0.0,1.0,0.0,1.0,0.0,0,6.75
2,12,1,15,1,1,1,22,28,10,4,0,0,0,1,1,0,47,0,0,6,12,5,13.8,0,0,6,13,4,14.0,0,12.7,3.7,-1.7,Dropout,0,1,0.8333333333333334,0.16666666666666663,0.6666666666666666,0.33333333333333337,0.1999999999999993,-1,2.04
1,1,1,5,1,1,1,1,1,4,10,0,0,0,1,1,0,19,0,0,6,6,6,11.833333333333334,0,0,6,8,4,10.75,2,16.2,0.3,-0.92,Graduate,2,0,1.0,0.0,0.6666666666666666,0.33333333333333337,-1.083333333333334,-2,0.0
1,1,4,2,1,1,1,1,28,5,9,1,0,0,1,1,0,19,0,0,0,0,0,0.0,0,0,0,0,0,0.0,0,11.1,0.6,2.02,Graduate,2,0,0.0,1.0,0.0,1.0,0.0,0,5.5
1,1,1,2,1,1,1,3,3,3,3,1,0,0,1,1,0,18,0,0,0,0,0,0.0,0,0,0,0,0,0.0,0,16.2,0.3,-0.92,Dropout,0,1,0.0,1.0,0.0,1.0,0.0,0,5.5
1,14,1,9,1,1,1,1,3,2,2,0,0,0,1,1,0,28,0,0,5,9,2,10.0,0,0,5,9,0,0.0,0,15.5,2.8,-4.06,Dropout,0,1,0.4,0.6,0.0,1.0,-10.0,-2,2.72
1,14,1,11,1,6,1,19,24,1,1,1,0,0,1,1,0,20,0,0,6,10,4,11.5,0,0,6,11,3,11.666666666666666,0,7.6,2.6,0.32,Dropout,0,1,0.6666666666666666,0.33333333333333337,0.5,0.5,0.16666666666666607,-1,2.1
1,8,2,11,1,1,1,13,14,6,8,0,0,0,1,1,1,18,0,0,6,12,3,10.666666666666666,0,0,6,9,4,12.0,0,15.5,2.8,-4.06,Enrolled,1,0,0.5,0.5,0.6666666666666666,0.33333333333333337,1.333333333333334,1,2.62
1,1,1,2,1,1,1,13,14,5,9,1,0,0,1,1,1,21,0,0,0,0,0,0.0,0,0,0,0,0,0.0,0,12.4,0.5,1.79,Graduate,2,0,0.0,1.0,0.0,1.0,0.0,0,5.5
1,1,1,11,1,1,1,23,14,10,5,0,0,0,1,1,0,19,0,0,6,10,4,12.75,0,0,6,12,2,13.0,0,10.8,1.4,1.74,Enrolled,1,0,0.6666666666666666,0.33333333333333337,0.3333333333333333,0.6666666666666667,0.25,-2,2.1
1,12,1,11,1,12,1,23,27,5,6,0,0,1,0,1,0,24,0,0,6,7,0,0.0,0,0,6,7,0,0.0,0,16.2,0.3,-0.92,Dropout,0,1,0.0,1.0,0.0,1.0,0.0,0,8.0
1,12,1,8,1,1,1,13,1,29,29,0,0,0,1,1,0,24,0,0,6,11,6,11.333333333333334,0,0,6,12,3,11.333333333333334,0,16.2,0.3,-0.92,Enrolled,1,0,1.0,0.0,0.5,0.5,0.0,-3,1.59
1,12,1,6,1,9,1,23,14,10,9,1,0,1,0,1,0,25,0,0,6,6,0,0.0,0,0,6,6,0,0.0,0,8.9,1.4,3.51,Enrolled,1,0,0.0,1.0,0.0,1.0,0.0,0,8.0
1,12,1,11,1,1,1,3,1,4,5,0,0,0,1,1,0,28,0,0,6,10,6,13.0,0,0,6,8,5,12.2,0,13.9,-0.3,0.79,Graduate,2,0,1.0,0.0,0.8333333333333334,0.16666666666666663,-0.8000000000000007,-1,1.4
2,12,1,17,0,1,1,22,27,10,10,0,0,0,1,1,0,37,0,0,5,7,4,10.75,0,0,5,7,3,11.333333333333334,0,7.6,2.6,0.32,Enrolled,1,0,0.8,0.19999999999999996,0.6,0.4,0.5833333333333339,-1,1.5
1,14,1,7,1,1,1,1,28,5,8,0,0,0,1,1,0,19,0,0,5,8,5,12.0,0,0,5,12,2,10.5,0,13.9,-0.3,0.79,Enrolled,1,0,1.0,0.0,0.4,0.6,-1.5,-3,1.31
1,8,4,12,1,1,1,23,27,6,8,1,0,0,1,1,1,18,0,0,7,7,7,13.462857142857144,0,0,8,8,8,13.90625,0,11.1,0.6,2.02,Graduate,2,0,1.0,0.0,1.0,0.0,0.4433928571428556,1,0.0
1,12,1,11,1,12,1,22,27,12,12,0,0,0,1,1,0,48,0,0,6,13,3,10.0,0,0,6,15,1,10.0,0,7.6,2.6,0.32,Dropout,0,1,0.5,0.5,0.16666666666666666,0.8333333333333334,0.0,-2,2.69
1,8,4,10,1,1,1,22,27,10,9,1,0,0,1,1,0,21,0,0,6,6,6,12.333333333333334,0,0,6,7,6,13.666666666666666,0,8.9,1.4,3.51,Graduate,2,0,1.0,0.0,1.0,0.0,1.3333333333333321,0,0.0
1,8,1,12,1,1,1,1,1,5,6,0,0,0,1,1,1,19,0,0,7,11,6,12.528571428571428,0,0,7,10,6,12.416666666666666,0,15.5,2.8,-4.06,Enrolled,1,0,0.8571428571428571,0.1428571428571429,0.8571428571428571,0.1428571428571429,-0.1119047619047624,0,1.59
1,14,2,12,1,1,1,13,1,10,11,0,0,0,1,1,1,21,0,0,8,8,0,0.0,8,0,8,8,0,0.0,8,9.4,-0.8,-3.12,Enrolled,1,0,0.0,1.0,0.0,1.0,0.0,0,7.5
1,15,1,7,1,1,1,22,10,10,9,1,0,1,0,1,0,23,0,0,5,6,0,0.0,0,0,5,7,0,0.0,0,13.9,-0.3,0.79,Dropout,0,1,0.0,1.0,0.0,1.0,0.0,0,8.0
1,1,1,8,1,1,1,1,1,5,11,1,0,0,1,1,0,18,0,0,5,5,5,13.6,0,0,5,6,4,13.25,1,10.8,1.4,1.74,Graduate,2,0,1.0,0.0,0.8,0.19999999999999996,-0.34999999999999964,-1,0.0
1,15,1,10,1,14,1,1,1,5,4,0,0,0,1,1,0,22,0,3,6,7,6,12.333333333333334,0,2,6,6,2,14.0,0,13.9,-0.3,0.79,Dropout,0,1,1.0,0.0,0.3333333333333333,0.6666666666666667,1.666666666666666,-4,0.5
1,7,1,2,1,1,1,13,27,10,8,1,0,0,1,1,0,25,0,9,13,16,10,11.454545454545457,0,5,11,13,7,12.25,0,12.4,0.5,1.79,Dropout,0,1,0.7692307692307693,0.23076923076923073,0.6363636363636364,0.36363636363636365,0.7954545454545432,-3,1.31
1,4,1,6,1,15,1,5,3,3,3,0,0,1,1,1,0,27,0,8,13,13,8,13.5,2,5,11,12,5,14.4,0,11.1,0.6,2.02,Dropout,0,1,0.6153846153846154,0.3846153846153846,0.45454545454545453,0.5454545454545454,0.9000000000000004,-3,2.9
1,12,1,7,1,9,1,19,24,1,1,0,0,0,0,1,0,49,0,0,5,5,0,0.0,0,0,5,6,0,0.0,0,10.8,1.4,1.74,Dropout,0,1,0.0,1.0,0.0,1.0,0.0,0,6.75
1,12,1,17,0,1,1,13,27,6,6,0,0,0,0,1,0,31,0,0,5,5,2,11.0,0,0,5,0,0,0.0,0,12.7,3.7,-1.7,Dropout,0,1,0.4,0.6,0.0,1.0,-11.0,-2,3.35
1,12,1,11,1,1,1,22,27,10,7,0,0,0,1,1,0,54,0,0,6,9,6,13.714285714285714,0,0,6,13,5,14.333333333333334,0,16.2,0.3,-0.92,Dropout,0,1,1.0,0.0,0.8333333333333334,0.16666666666666663,0.6190476190476204,-1,1.17
1,4,1,1,1,15,1,23,27,6,7,1,0,1,0,1,0,25,0,18,21,26,21,12.363636363636363,0,12,16,21,12,12.25,1,11.1,0.6,2.02,Dropout,0,1,1.0,0.0,0.75,0.25,-0.11363636363636331,-9,3.17
1,15,1,4,1,14,1,5,3,3,3,0,0,0,1,1,0,20,0,1,7,13,3,10.666666666666666,0,0,6,14,2,11.5,0,15.5,2.8,-4.06,Enrolled,1,0,0.42857142857142855,0.5714285714285714,0.3333333333333333,0.6666666666666667,0.8333333333333339,-1,2.69
1,4,1,5,1,3,1,4,4,3,3,0,0,0,1,1,0,28,0,0,6,9,2,12.0,0,0,6,10,3,12.666666666666666,0,12.7,3.7,-1.7,Dropout,0,1,0.3333333333333333,0.6666666666666667,0.5,0.5,0.6666666666666661,1,2.72
2,12,1,3,0,12,1,22,27,10,7,0,0,0,1,1,0,41,0,1,7,7,7,12.857142857142858,0,0,6,6,6,13.166666666666666,0,12.7,3.7,-1.7,Graduate,2,0,1.0,0.0,1.0,0.0,0.3095238095238084,-1,0.0
1,1,2,14,1,1,1,1,14,5,5,0,0,0,1,1,1,19,0,0,6,10,6,13.125,0,0,6,9,6,12.714285714285714,0,11.1,0.6,2.02,Enrolled,1,0,1.0,0.0,1.0,0.0,-0.4107142857142865,0,1.4
1,14,1,9,1,1,1,1,1,5,5,0,0,0,1,1,0,22,0,0,5,6,0,0.0,0,0,5,8,2,11.5,0,15.5,2.8,-4.06,Dropout,0,1,0.0,1.0,0.4,0.6,11.5,2,5.5
1,1,1,11,1,1,1,2,1,3,4,0,0,0,1,1,0,34,0,0,6,13,2,13.5,0,0,6,6,0,0.0,0,15.5,2.8,-4.06,Dropout,0,1,0.3333333333333333,0.6666666666666667,0.0,1.0,-13.5,-2,2.96
1,12,1,4,1,1,1,23,28,10,10,0,0,1,0,1,0,28,0,5,11,14,11,15.090909090909092,0,5,10,11,10,15.0,0,11.1,0.6,2.02,Dropout,0,1,1.0,0.0,1.0,0.0,-0.09090909090909172,-1,3.25
1,1,1,16,1,1,1,22,27,10,5,1,0,0,1,1,0,42,0,0,6,9,5,12.4,0,0,6,10,5,11.8,0,7.6,2.6,0.32,Enrolled,1,0,0.8333333333333334,0.16666666666666663,0.8333333333333334,0.16666666666666663,-0.5999999999999996,0,1.56
1,9,1,6,1,1,1,1,14,4,6,0,0,0,0,1,0,21,0,0,6,10,5,14.0,0,0,6,11,4,14.8,0,11.1,0.6,2.02,Enrolled,1,0,0.8333333333333334,0.16666666666666663,0.6666666666666666,0.33333333333333337,0.8000000000000007,-1,3.0
1,4,1,4,1,3,1,24,29,10,5,0,0,0,1,1,0,50,0,2,6,8,2,13.5,0,1,6,9,1,13.0,0,15.5,2.8,-4.06,Dropout,0,1,0.3333333333333333,0.6666666666666667,0.16666666666666666,0.8333333333333334,-0.5,-1,2.62
1,1,4,9,1,1,1,3,1,4,5,1,0,0,1,1,0,19,0,0,5,5,0,0.0,0,0,5,5,0,0.0,0,12.4,0.5,1.79,Dropout,0,1,0.0,1.0,0.0,1.0,0.0,0,5.5
1,14,1,12,1,1,1,3,4,3,5,0,0,0,1,1,0,18,0,0,7,12,4,12.65,0,0,7,10,3,10.666666666666666,0,16.2,0.3,-0.92,Dropout,0,1,0.5714285714285714,0.4285714285714286,0.42857142857142855,0.5714285714285714,-1.9833333333333343,-1,2.33
2,12,1,17,0,1,1,22,27,2,2,0,0,0,1,1,0,59,0,0,5,7,0,0.0,0,0,5,7,0,0.0,0,16.2,0.3,-0.92,Dropout,0,1,0.0,1.0,0.0,1.0,0.0,0,5.5
2,4,1,17,0,3,1,19,24,13,13,1,0,0,0,1,0,33,0,0,5,5,0,0.0,0,0,5,5,0,0.0,0,7.6,2.6,0.32,Dropout,0,1,0.0,1.0,0.0,1.0,0.0,0,6.75
1,8,2,5,1,1,1,22,28,10,11,1,0,0,1,1,1,23,0,0,6,8,6,13.333333333333334,0,0,6,7,5,12.8,0,9.4,-0.8,-3.12,Graduate,2,0,1.0,0.0,0.8333333333333334,0.16666666666666663,-0.5333333333333332,-1,0.88
2,12,1,17,0,12,1,22,1,6,6,0,0,0,1,1,0,44,0,0,5,9,3,11.333333333333334,0,0,5,8,5,11.142857142857142,0,13.9,-0.3,0.79,Dropout,0,1,0.6,0.4,1.0,0.0,-0.19047619047619158,2,2.33
2,1,4,3,0,1,1,19,24,1,1,1,0,0,1,1,0,37,0,0,6,0,0,0.0,0,0,6,0,0,0.0,0,9.4,-0.8,-3.12,Dropout,0,1,0.0,1.0,0.0,1.0,0.0,0,5.5
2,12,1,2,1,12,1,22,27,10,10,0,0,0,1,1,0,36,0,0,0,0,0,0.0,0,0,0,0,0,0.0,0,10.8,1.4,1.74,Dropout,0,1,0.0,1.0,0.0,1.0,0.0,0,5.5
1,1,2,17,0,1,1,1,3,5,3,0,0,0,0,1,0,22,0,0,5,7,3,11.666666666666666,0,0,5,8,2,10.5,2,7.6,2.6,0.32,Dropout,0,1,0.6,0.4,0.4,0.6,-1.166666666666666,-1,3.25
2,12,1,3,0,12,1,22,27,7,7,0,0,0,1,1,0,49,0,0,6,8,6,12.166666666666666,0,0,6,8,6,14.428571428571429,0,12.4,0.5,1.79,Graduate,2,0,1.0,0.0,1.0,0.0,2.2619047619047628,0,0.88
1,16,1,15,1,1,1,1,32,6,4,1,0,0,1,1,0,23,0,0,6,7,6,13.333333333333334,0,0,6,6,4,12.75,0,11.1,0.6,2.02,Graduate,2,0,1.0,0.0,0.6666666666666666,0.33333333333333337,-0.5833333333333339,-2,0.5
1,1,1,5,1,1,1,1,1,5,10,1,0,0,1,1,0,19,0,0,6,7,5,11.4,0,0,6,10,3,11.0,3,7.6,2.6,0.32,Enrolled,1,0,0.8333333333333334,0.16666666666666663,0.5,0.5,-0.40000000000000036,-2,1.0
2,14,1,3,0,1,1,22,27,6,6,0,0,0,1,1,0,47,0,0,6,9,6,12.142857142857142,0,0,6,6,0,0.0,0,16.2,0.3,-0.92,Dropout,0,1,1.0,0.0,0.0,1.0,-12.142857142857142,-6,1.17
1,14,1,4,1,1,1,1,2,5,3,0,0,0,1,1,0,28,0,9,18,36,17,13.058823529411764,1,6,12,15,12,12.307692307692308,0,15.5,2.8,-4.06,Graduate,2,0,0.9444444444444444,0.05555555555555558,1.0,0.0,-0.7511312217194561,-5,1.96
1,15,1,4,1,14,1,1,28,10,7,0,0,0,1,1,0,21,0,0,6,13,4,11.75,0,0,6,15,4,10.5,0,15.5,2.8,-4.06,Enrolled,1,0,0.6666666666666666,0.33333333333333337,0.6666666666666666,0.33333333333333337,-1.25,0,2.42
1,1,1,11,1,1,1,23,1,10,10,0,0,1,0,1,0,21,0,0,6,9,5,11.833333333333334,0,0,6,8,5,10.0,0,8.9,1.4,3.51,Dropout,0,1,0.8333333333333334,0.16666666666666663,0.8333333333333334,0.16666666666666663,-1.833333333333334,0,4.06
1,14,1,10,1,14,1,2,1,2,3,0,0,0,1,1,0,21,0,9,11,14,10,12.4,0,6,10,13,10,11.8,0,13.9,-0.3,0.79,Graduate,2,0,0.9090909090909091,0.09090909090909094,1.0,0.0,-0.5999999999999996,0,1.0
1,1,1,5,1,1,1,13,28,5,5,0,0,0,1,1,0,20,0,1,6,8,6,13.428571428571429,1,0,6,12,4,11.5,0,13.9,-0.3,0.79,Enrolled,1,0,1.0,0.0,0.6666666666666666,0.33333333333333337,-1.9285714285714288,-2,1.21
2,13,1,9,1,1,1,22,27,10,10,0,0,0,0,1,0,49,0,0,5,5,0,0.0,0,0,5,9,0,0.0,0,10.8,1.4,1.74,Dropout,0,1,0.0,1.0,0.0,1.0,0.0,0,6.75
1,12,1,17,0,1,1,13,27,7,9,0,0,0,1,1,0,40,0,0,5,5,5,11.0,0,0,5,5,5,13.4,0,15.5,2.8,-4.06,Graduate,2,0,1.0,0.0,1.0,0.0,2.4000000000000004,0,0.0
1,8,1,11,1,1,1,1,1,4,4,0,0,0,1,1,1,22,0,0,6,8,6,13.625,0,0,6,8,6,14.428571428571429,0,11.1,0.6,2.02,Graduate,2,0,1.0,0.0,1.0,0.0,0.8035714285714288,0,0.88
1,13,1,7,1,1,1,1,27,6,6,0,0,0,1,1,0,19,0,2,5,6,4,11.8,0,0,5,7,2,11.5,0,15.5,2.8,-4.06,Enrolled,1,0,0.8,0.19999999999999996,0.4,0.6,-0.3000000000000007,-2,1.17
1,12,1,17,0,1,1,3,28,3,8,0,0,0,1,1,0,31,0,0,5,5,0,0.0,0,0,5,7,0,0.0,0,13.9,-0.3,0.79,Dropout,0,1,0.0,1.0,0.0,1.0,0.0,0,5.5
1,13,1,7,1,1,1,5,5,3,3,0,0,0,1,1,0,30,0,1,6,9,2,15.0,0,1,6,7,2,13.5,0,15.5,2.8,-4.06,Dropout,0,1,0.3333333333333333,0.6666666666666667,0.3333333333333333,0.6666666666666667,-1.5,0,2.72
1,1,1,10,1,1,1,22,27,6,11,0,0,0,1,1,0,19,0,0,6,9,5,10.8,0,0,6,11,5,11.0,0,7.6,2.6,0.32,Graduate,2,0,0.8333333333333334,0.16666666666666663,0.8333333333333334,0.16666666666666663,0.1999999999999993,0,1.56
1,9,1,9,1,1,1,19,24,12,12,0,0,0,1,1,0,22,0,0,5,11,3,13.666666666666666,0,0,5,10,3,11.333333333333334,0,9.4,-0.8,-3.12,Dropout,0,1,0.6,0.4,0.6,0.4,-2.333333333333332,0,2.55
1,1,1,15,1,1,1,13,27,10,10,0,0,0,1,1,0,19,0,0,6,8,6,12.833333333333334,0,0,6,8,6,13.333333333333334,0,15.5,2.8,-4.06,Graduate,2,0,1.0,0.0,1.0,0.0,0.5,0,0.88
1,8,1,2,1,1,1,1,27,5,10,0,0,0,0,1,0,21,0,0,0,0,0,0.0,0,0,0,0,0,0.0,0,7.6,2.6,0.32,Dropout,0,1,0.0,1.0,0.0,1.0,0.0,0,6.75
1,8,3,14,1,1,1,1,28,5,8,0,0,0,1,1,0,19,0,0,6,8,6,15.125,0,0,6,7,6,13.428571428571429,0,11.1,0.6,2.02,Graduate,2,0,1.0,0.0,1.0,0.0,-1.6964285714285712,0,0.88
1,14,2,9,1,1,1,1,14,4,4,1,0,0,1,1,0,22,0,0,5,11,0,0.0,0,0,5,7,1,10.0,1,16.2,0.3,-0.92,Dropout,0,1,0.0,1.0,0.2,0.8,10.0,1,5.5
1,1,1,10,1,1,1,4,5,3,3,0,0,0,1,1,0,22,0,0,6,10,5,11.4,0,0,6,8,5,11.0,0,10.8,1.4,1.74,Graduate,2,0,0.8333333333333334,0.16666666666666663,0.8333333333333334,0.16666666666666663,-0.40000000000000036,0,1.75
1,1,1,10,1,1,1,1,1,5,5,0,0,0,1,1,0,19,0,0,6,12,4,12.25,0,0,6,9,6,11.0,0,9.4,-0.8,-3.12,Graduate,2,0,0.6666666666666666,0.33333333333333337,1.0,0.0,-1.25,2,2.33
1,12,1,11,1,14,1,1,1,6,11,0,0,0,0,1,0,26,0,0,6,0,0,0.0,0,0,6,0,0,0.0,0,16.2,0.3,-0.92,Dropout,0,1,0.0,1.0,0.0,1.0,0.0,0,6.75
1,15,1,7,1,14,1,5,31,4,3,0,0,0,1,1,0,23,0,3,7,12,3,14.0,0,1,6,12,1,14.0,0,12.4,0.5,1.79,Enrolled,1,0,0.42857142857142855,0.5714285714285714,0.16666666666666666,0.8333333333333334,0.0,-2,2.62
1,8,1,5,1,1,1,13,14,8,8,0,0,0,1,1,0,18,0,0,6,7,6,12.333333333333334,0,0,6,10,5,10.8,4,16.2,0.3,-0.92,Enrolled,1,0,1.0,0.0,0.8333333333333334,0.16666666666666663,-1.5333333333333332,-1,0.5
1,1,1,9,1,1,1,22,27,10,10,0,0,1,1,1,1,22,0,0,5,8,5,10.666666666666666,0,0,5,11,2,11.0,0,15.5,2.8,-4.06,Enrolled,1,0,1.0,0.0,0.4,0.6,0.3333333333333339,-3,2.56
1,9,5,7,1,1,1,3,2,3,4,1,0,0,1,1,0,19,0,0,5,9,5,11.833333333333334,0,0,5,9,5,14.714285714285714,0,12.4,0.5,1.79,Enrolled,1,0,1.0,0.0,1.0,0.0,2.8809523809523796,0,1.56
1,8,1,9,1,1,1,1,14,5,9,0,0,0,1,1,0,20,0,0,5,14,0,0.0,0,0,5,5,0,0.0,0,11.1,0.6,2.02,Dropout,0,1,0.0,1.0,0.0,1.0,0.0,0,5.5
1,1,3,5,1,1,1,22,27,10,10,1,0,0,1,1,1,22,0,0,6,6,6,11.666666666666666,0,0,6,6,6,12.166666666666666,0,7.6,2.6,0.32,Enrolled,1,0,1.0,0.0,1.0,0.0,0.5,0,0.0
1,4,1,8,1,3,1,2,28,3,4,1,0,0,0,1,0,18,0,2,5,7,2,13.0,0,0,5,5,0,0.0,0,12.7,3.7,-1.7,Dropout,0,1,0.4,0.6,0.0,1.0,-13.0,-2,3.75
4,14,2,17,0,13,1,3,1,3,10,0,0,0,1,1,0,39,0,0,2,5,0,0.0,0,0,4,4,0,0.0,0,10.8,1.4,1.74,Dropout,0,1,0.0,1.0,0.0,1.0,0.0,0,5.5
1,1,1,12,1,1,1,13,1,12,12,0,0,0,1,1,0,18,0,0,8,8,0,0.0,3,0,8,8,0,0.0,3,10.8,1.4,1.74,Dropout,0,1,0.0,1.0,0.0,1.0,0.0,0,6.25
1,8,3,7,1,1,1,1,28,4,4,0,0,0,1,1,1,18,0,0,5,5,5,13.0,0,0,5,5,5,14.2,0,8.9,1.4,3.51,Graduate,2,0,1.0,0.0,1.0,0.0,1.1999999999999993,0,0.0
1,1,1,10,1,1,1,13,28,10,10,0,0,0,1,1,1,19,0,0,6,7,6,13.857142857142858,0,0,6,6,6,14.0,0,13.9,-0.3,0.79,Graduate,2,0,1.0,0.0,1.0,0.0,0.14285714285714235,0,0.5
1,1,1,12,1,1,1,1,14,10,10,0,0,0,1,1,0,18,0,0,7,7,6,13.391666666666666,0,0,8,8,8,12.4875,0,12.4,0.5,1.79,Graduate,2,0,0.8571428571428571,0.1428571428571429,1.0,0.0,-0.904166666666665,2,0.5
1,1,1,9,1,1,1,19,14,1,5,1,0,0,1,1,1,18,0,0,5,7,4,12.75,0,0,5,5,0,0.0,0,7.6,2.6,0.32,Dropout,0,1,0.8,0.19999999999999996,0.0,1.0,-12.75,-4,1.5
1,15,1,8,1,14,1,22,27,7,7,1,0,0,1,1,0,22,0,0,5,7,4,14.5,0,0,5,5,5,14.6,0,10.8,1.4,1.74,Graduate,2,0,0.8,0.19999999999999996,1.0,0.0,0.09999999999999964,1,1.5
1,1,1,10,1,1,1,1,1,4,5,0,0,0,1,1,0,19,0,0,6,7,6,12.166666666666666,0,0,6,6,6,12.166666666666666,0,12.4,0.5,1.79,Graduate,2,0,1.0,0.0,1.0,0.0,0.0,0,0.5
1,1,1,8,1,1,1,13,27,10,9,1,0,0,1,1,0,18,0,0,5,5,5,15.4,0,0,5,5,5,15.6,0,12.7,3.7,-1.7,Dropout,0,1,1.0,0.0,1.0,0.0,0.1999999999999993,0,0.0
1,12,1,7,1,12,1,1,1,5,4,0,0,1,0,1,0,31,0,0,5,9,2,13.333333333333334,0,0,5,9,2,16.0,4,16.2,0.3,-0.92,Dropout,0,1,0.4,0.6,0.4,0.6,2.666666666666666,0,5.22
1,12,1,17,0,1,1,3,1,4,4,0,0,0,1,1,0,28,0,0,5,5,0,0.0,0,0,5,5,0,0.0,0,12.7,3.7,-1.7,Dropout,0,1,0.0,1.0,0.0,1.0,0.0,0,5.5
1,1,1,5,1,1,1,1,1,5,9,0,0,0,1,1,0,19,0,0,6,0,0,0.0,0,0,6,0,0,0.0,0,15.5,2.8,-4.06,Dropout,0,1,0.0,1.0,0.0,1.0,0.0,0,5.5
1,8,1,11,1,1,1,1,1,5,9,0,0,0,1,1,0,20,0,0,6,7,6,13.714285714285714,0,0,6,8,6,14.714285714285714,0,16.2,0.3,-0.92,Graduate,2,0,1.0,0.0,1.0,0.0,1.0,0,0.5
4,12,1,10,1,1,1,13,3,10,3,0,0,0,1,1,0,50,0,0,6,7,4,12.25,0,0,6,7,0,0.0,0,8.9,1.4,3.51,Dropout,0,1,0.6666666666666666,0.33333333333333337,0.0,1.0,-12.25,-4,1.5
1,14,1,5,1,1,1,1,2,5,3,0,0,0,1,1,0,38,0,1,6,9,5,16.0,1,0,6,11,4,16.5,0,13.9,-0.3,0.79,Enrolled,1,0,0.8333333333333334,0.16666666666666663,0.6666666666666666,0.33333333333333337,0.5,-1,1.89
2,12,1,17,0,1,1,22,27,10,10,1,0,0,1,1,0,31,0,0,5,8,1,11.0,0,0,5,5,1,13.0,0,9.4,-0.8,-3.12,Dropout,0,1,0.2,0.8,0.2,0.8,2.0,0,3.06
1,12,1,12,1,1,1,1,27,10,10,1,0,0,1,1,0,27,0,0,7,7,7,14.085714285714284,0,0,7,7,7,14.085714285714284,0,7.6,2.6,0.32,Enrolled,1,0,1.0,0.0,1.0,0.0,0.0,0,0.0
1,9,1,10,1,1,1,1,3,10,3,1,0,0,1,1,0,21,0,0,6,9,6,10.166666666666666,0,0,6,10,6,10.5,0,12.7,3.7,-1.7,Graduate,2,0,1.0,0.0,1.0,0.0,0.3333333333333339,0,1.17
2,12,1,7,1,1,1,22,27,10,10,0,0,0,1,1,0,34,0,0,5,8,1,10.0,0,0,5,9,0,0.0,0,8.9,1.4,3.51,Dropout,0,1,0.2,0.8,0.0,1.0,-10.0,-1,3.06
1,16,1,7,1,1,1,2,27,3,10,1,0,0,1,1,0,19,0,0,5,10,0,0.0,0,0,5,7,1,10.0,0,7.6,2.6,0.32,Enrolled,1,0,0.0,1.0,0.2,0.8,10.0,1,5.5
2,12,1,17,0,1,1,22,27,2,5,1,0,0,0,1,0,40,0,0,5,10,2,10.5,0,0,5,5,3,10.666666666666666,0,9.4,-0.8,-3.12,Dropout,0,1,0.4,0.6,0.6,0.4,0.16666666666666607,1,4.05
1,1,1,2,1,1,1,23,14,10,3,1,0,0,1,1,1,18,0,0,0,0,0,0.0,0,0,0,0,0,0.0,0,12.7,3.7,-1.7,Graduate,2,0,0.0,1.0,0.0,1.0,0.0,0,5.5
2,12,1,5,1,9,1,22,28,6,11,0,0,1,0,1,1,46,0,0,6,6,0,0.0,0,0,6,6,0,0.0,0,15.5,2.8,-4.06,Dropout,0,1,0.0,1.0,0.0,1.0,0.0,0,8.0
1,14,5,3,0,1,1,19,24,1,1,0,0,0,1,1,0,37,0,0,6,12,0,0.0,0,0,5,10,0,0.0,0,7.6,2.6,0.32,Dropout,0,1,0.0,1.0,0.0,1.0,0.0,0,5.5
1,12,1,4,1,1,1,13,27,10,8,1,0,0,1,1,0,31,0,0,6,8,0,0.0,0,0,6,10,0,0.0,0,16.2,0.3,-0.92,Dropout,0,1,0.0,1.0,0.0,1.0,0.0,0,5.5
1,12,1,4,1,1,1,1,14,5,11,0,0,0,1,1,0,34,0,0,6,15,5,13.333333333333334,0,0,6,15,5,12.4,0,12.4,0.5,1.79,Graduate,2,0,0.8333333333333334,0.16666666666666663,0.8333333333333334,0.16666666666666663,-0.9333333333333336,0,2.33
1,1,6,2,1,1,1,8,8,5,5,1,0,0,1,1,1,18,0,0,0,0,0,0.0,0,0,0,0,0,0.0,0,9.4,-0.8,-3.12,Dropout,0,1,0.0,1.0,0.0,1.0,0.0,0,5.5
1,1,1,14,1,1,1,23,27,10,10,0,0,0,1,1,1,18,0,0,6,7,6,13.571428571428571,0,0,6,6,6,14.333333333333334,0,12.4,0.5,1.79,Graduate,2,0,1.0,0.0,1.0,0.0,0.7619047619047628,0,0.5
1,8,4,5,1,1,1,1,1,4,4,1,0,0,1,1,1,19,0,0,6,6,6,12.833333333333334,0,0,6,7,6,11.166666666666666,0,11.1,0.6,2.02,Graduate,2,0,1.0,0.0,1.0,0.0,-1.6666666666666679,0,0.0
1,14,1,17,0,1,1,22,14,10,5,0,0,0,1,1,0,40,0,1,5,6,4,10.25,0,3,8,18,5,11.2,5,15.5,2.8,-4.06,Dropout,0,1,0.8,0.19999999999999996,0.625,0.375,0.9499999999999993,1,1.17
1,12,1,8,1,1,1,1,28,10,10,0,0,0,1,1,0,25,0,0,6,6,0,0.0,0,0,6,6,0,0.0,0,12.4,0.5,1.79,Dropout,0,1,0.0,1.0,0.0,1.0,0.0,0,5.5
1,8,5,7,1,1,1,23,28,6,10,1,0,1,1,1,0,20,0,0,5,5,4,14.5,0,0,6,8,3,13.333333333333334,0,11.1,0.6,2.02,Dropout,0,1,0.8,0.19999999999999996,0.5,0.5,-1.166666666666666,-1,1.95
1,8,1,7,1,1,1,13,14,10,10,0,0,0,1,1,0,20,0,0,5,6,5,15.8,0,0,5,8,5,13.714285714285714,0,11.1,0.6,2.02,Enrolled,1,0,1.0,0.0,1.0,0.0,-2.085714285714287,0,0.58
1,12,1,4,1,1,1,22,27,10,11,1,0,0,0,1,0,43,0,0,6,0,0,0.0,0,0,6,0,0,0.0,0,15.5,2.8,-4.06,Dropout,0,1,0.0,1.0,0.0,1.0,0.0,0,6.75
1,8,4,7,1,1,1,22,14,10,5,1,0,0,1,1,0,18,0,0,5,8,4,12.5,0,0,5,7,3,14.666666666666666,1,7.6,2.6,0.32,Enrolled,1,0,0.8,0.19999999999999996,0.6,0.4,2.166666666666666,-1,1.75
1,14,1,4,1,1,1,2,4,5,2,0,0,0,1,1,0,35,0,16,18,22,18,11.666666666666666,0,12,13,13,12,11.5,1,15.5,2.8,-4.06,Graduate,2,0,1.0,0.0,0.9230769230769231,0.07692307692307687,-0.16666666666666607,-6,0.64
1,8,2,17,0,1,1,22,14,10,5,0,0,0,1,1,0,23,0,0,5,6,4,13.0,0,0,5,5,5,13.0,0,7.6,2.6,0.32,Graduate,2,0,0.8,0.19999999999999996,1.0,0.0,0.0,1,1.17
1,8,1,12,1,1,1,3,3,3,3,0,0,0,1,1,0,19,0,0,7,8,7,12.12142857142857,0,0,9,12,8,11.50625,0,12.4,0.5,1.79,Graduate,2,0,1.0,0.0,0.8888888888888888,0.11111111111111116,-0.6151785714285705,1,0.44
1,17,1,6,1,16,1,1,14,4,9,1,0,0,1,1,1,21,0,7,11,15,9,14.22222222222222,0,4,9,15,7,13.75,0,8.9,1.4,3.51,Graduate,2,0,0.8181818181818182,0.18181818181818177,0.7777777777777778,0.2222222222222222,-0.47222222222221966,-2,1.4
1,14,1,14,1,1,1,3,14,5,9,0,0,0,1,1,0,19,0,0,6,17,4,12.5,0,0,6,8,4,13.25,0,13.9,-0.3,0.79,Enrolled,1,0,0.6666666666666666,0.33333333333333337,0.6666666666666666,0.33333333333333337,0.75,0,2.68
1,9,1,7,1,1,1,1,1,5,4,1,0,0,1,1,0,20,0,0,5,7,5,12.166666666666666,0,0,5,7,5,15.285714285714286,0,12.4,0.5,1.79,Graduate,2,0,1.0,0.0,1.0,0.0,3.1190476190476204,0,1.0
1,12,1,14,1,1,1,13,14,4,4,0,1,0,1,1,1,30,0,0,6,0,0,0.0,0,0,6,0,0,0.0,0,12.4,0.5,1.79,Dropout,0,1,0.0,1.0,0.0,1.0,0.0,0,5.5
4,12,1,11,1,1,1,22,14,10,10,1,0,0,1,1,0,44,0,0,6,6,6,12.666666666666666,0,0,6,6,6,11.5,0,12.4,0.5,1.79,Graduate,2,0,1.0,0.0,1.0,0.0,-1.166666666666666,0,0.0
1,9,1,12,1,1,1,13,3,5,10,0,0,0,1,1,0,19,0,0,8,8,7,13.614285714285714,0,0,8,8,7,13.614285714285714,0,12.7,3.7,-1.7,Graduate,2,0,0.875,0.125,0.875,0.125,0.0,0,0.44
1,15,1,8,1,14,1,2,1,4,7,1,0,0,1,1,0,22,0,11,18,32,12,12.857142857142858,1,8,12,15,10,14.3,0,16.2,0.3,-0.92,Graduate,2,0,0.6666666666666666,0.33333333333333337,0.8333333333333334,0.16666666666666663,1.442857142857143,-2,2.3
1,1,1,8,1,1,1,3,3,2,3,0,0,0,1,1,0,18,0,0,5,7,4,14.0,0,0,5,5,5,14.2,0,7.6,2.6,0.32,Graduate,2,0,0.8,0.19999999999999996,1.0,0.0,0.1999999999999993,1,1.5
1,8,1,14,1,1,1,22,27,10,10,1,0,0,1,1,1,21,0,0,6,8,4,14.75,0,0,6,6,5,11.8,0,12.7,3.7,-1.7,Graduate,2,0,0.6666666666666666,0.33333333333333337,0.8333333333333334,0.16666666666666663,-2.9499999999999993,1,1.75
1,1,2,6,1,1,1,22,14,12,12,0,0,0,1,1,0,18,0,0,6,0,0,0.0,0,0,6,0,0,0.0,0,7.6,2.6,0.32,Dropout,0,1,0.0,1.0,0.0,1.0,0.0,0,5.5
1,8,4,14,1,1,1,3,1,3,4,1,0,0,1,1,0,18,0,0,6,8,6,13.625,0,0,6,7,6,14.285714285714286,0,11.1,0.6,2.02,Graduate,2,0,1.0,0.0,1.0,0.0,0.6607142857142865,0,0.88
1,1,1,2,1,1,1,1,1,5,4,0,0,0,1,1,0,19,0,0,0,0,0,0.0,0,0,0,0,0,0.0,0,7.6,2.6,0.32,Graduate,2,0,0.0,1.0,0.0,1.0,0.0,0,5.5
1,15,1,4,1,14,1,1,28,7,7,1,0,0,1,1,0,21,0,0,6,12,4,11.8,0,0,6,11,4,11.875,0,16.2,0.3,-0.92,Dropout,0,1,0.6666666666666666,0.33333333333333337,0.6666666666666666,0.33333333333333337,0.07499999999999929,0,2.33
1,12,1,4,1,1,1,3,3,3,3,0,0,0,1,1,0,31,0,0,6,8,6,15.125,0,0,6,10,6,14.6,0,16.2,0.3,-0.92,Graduate,2,0,1.0,0.0,1.0,0.0,-0.5250000000000004,0,0.88
1,8,5,11,1,1,1,1,1,3,4,1,0,0,1,1,0,21,0,0,6,10,4,11.5,0,0,6,10,2,10.5,0,9.4,-0.8,-3.12,Dropout,0,1,0.6666666666666666,0.33333333333333337,0.3333333333333333,0.6666666666666667,-1.0,-2,2.1
1,12,1,7,1,1,1,13,14,10,8,0,0,1,1,1,0,24,0,0,5,12,1,10.0,0,0,5,11,1,11.0,0,8.9,1.4,3.51,Enrolled,1,0,0.2,0.8,0.2,0.8,1.0,0,4.46
1,13,1,15,1,1,1,13,6,5,4,0,0,0,1,1,0,27,0,0,4,8,0,0.0,0,0,5,10,0,0.0,0,9.4,-0.8,-3.12,Dropout,0,1,0.0,1.0,0.0,1.0,0.0,0,5.5
1,1,5,9,1,1,1,13,14,10,10,1,0,0,1,1,0,20,0,0,5,9,3,10.333333333333334,0,0,5,6,5,12.8,0,12.4,0.5,1.79,Graduate,2,0,0.6,0.4,1.0,0.0,2.466666666666667,2,2.33
1,15,1,7,1,14,1,1,14,5,6,1,0,0,1,1,0,22,0,0,5,9,0,0.0,0,0,5,6,2,11.666666666666666,0,10.8,1.4,1.74,Enrolled,1,0,0.0,1.0,0.4,0.6,11.666666666666666,2,5.5
1,1,1,4,1,1,1,13,14,10,10,0,0,0,1,1,1,19,0,0,6,9,4,12.0,2,0,6,10,4,12.5,0,15.5,2.8,-4.06,Enrolled,1,0,0.6666666666666666,0.33333333333333337,0.6666666666666666,0.33333333333333337,0.5,0,2.61
1,9,1,15,1,1,1,1,1,5,8,1,0,0,1,1,0,19,0,0,6,6,6,13.833333333333334,0,0,6,6,6,14.5,0,8.9,1.4,3.51,Graduate,2,0,1.0,0.0,1.0,0.0,0.6666666666666661,0,0.0
1,1,1,2,1,1,1,1,1,8,5,1,0,1,1,1,0,23,0,13,17,19,13,12.153846153846152,0,10,17,28,11,11.909090909090908,1,11.1,0.6,2.02,Enrolled,1,0,0.7647058823529411,0.23529411764705888,0.6470588235294118,0.3529411764705882,-0.24475524475524324,-2,2.36
1,8,1,8,1,1,1,10,10,3,9,1,0,0,1,1,0,18,0,0,6,7,6,14.0,0,0,6,8,6,13.666666666666666,0,12.4,0.5,1.79,Graduate,2,0,1.0,0.0,1.0,0.0,-0.3333333333333339,0,0.5
1,1,1,15,1,1,1,3,2,5,7,1,0,0,0,1,0,29,0,0,6,8,6,16.5,0,0,6,6,5,13.8,0,11.1,0.6,2.02,Enrolled,1,0,1.0,0.0,0.8333333333333334,0.16666666666666663,-2.6999999999999993,-1,2.12
1,12,1,8,1,1,1,1,14,5,6,1,0,0,1,1,0,29,0,0,5,11,1,18.0,2,0,5,10,3,13.333333333333334,2,10.8,1.4,1.74,Dropout,0,1,0.2,0.8,0.6,0.4,-4.666666666666666,2,3.98
1,15,1,4,1,1,1,1,1,5,6,0,0,0,1,1,0,20,0,0,6,11,6,11.285714285714286,0,0,6,12,5,11.77777777777778,0,16.2,0.3,-0.92,Enrolled,1,0,1.0,0.0,0.8333333333333334,0.16666666666666663,0.49206349206349387,-1,1.59
1,1,5,2,1,1,1,13,3,10,3,1,0,0,1,1,1,19,0,0,0,0,0,0.0,0,0,0,0,0,0.0,0,9.4,-0.8,-3.12,Graduate,2,0,0.0,1.0,0.0,1.0,0.0,0,5.5
1,8,3,2,1,1,1,3,29,3,6,1,1,0,1,1,0,22,0,0,0,0,0,0.0,0,0,0,0,0,0.0,0,10.8,1.4,1.74,Enrolled,1,0,0.0,1.0,0.0,1.0,0.0,0,5.5
1,1,2,14,1,1,1,3,1,4,6,1,0,0,1,1,0,20,0,0,6,10,5,14.0,0,0,6,10,6,12.0,0,11.1,0.6,2.02,Enrolled,1,0,0.8333333333333334,0.16666666666666663,1.0,0.0,-2.0,1,1.75
1,12,1,8,1,1,1,13,14,10,6,1,0,0,1,1,0,24,0,0,5,13,4,13.75,1,0,5,9,3,12.0,0,9.4,-0.8,-3.12,Enrolled,1,0,0.8,0.19999999999999996,0.6,0.4,-1.75,-1,2.82
1,1,1,14,1,1,1,22,27,6,9,0,0,0,0,1,0,21,0,0,6,9,4,13.25,0,0,6,6,5,11.0,0,12.7,3.7,-1.7,Dropout,0,1,0.6666666666666666,0.33333333333333337,0.8333333333333334,0.16666666666666663,-2.25,1,3.19
1,12,1,9,1,1,1,22,1,8,4,0,0,0,1,1,1,25,0,0,5,7,4,14.25,0,0,5,7,4,14.75,0,12.7,3.7,-1.7,Graduate,2,0,0.8,0.19999999999999996,0.8,0.19999999999999996,0.5,0,1.5
1,12,1,9,1,1,1,22,27,10,10,0,0,0,0,1,0,32,0,0,5,9,0,0.0,1,0,5,5,0,0.0,0,9.4,-0.8,-3.12,Dropout,0,1,0.0,1.0,0.0,1.0,0.0,0,7.15
1,14,1,17,0,1,1,3,4,3,3,0,0,0,0,1,0,26,0,8,12,12,8,11.25,0,3,8,8,3,11.333333333333334,0,7.6,2.6,0.32,Dropout,0,1,0.6666666666666666,0.33333333333333337,0.375,0.625,0.08333333333333393,-5,2.42
1,1,1,8,1,1,1,2,27,10,8,1,0,0,1,1,1,18,0,0,6,7,6,13.5,0,0,6,8,6,12.5,0,12.4,0.5,1.79,Graduate,2,0,1.0,0.0,1.0,0.0,-1.0,0,0.5
1,8,1,11,1,1,1,1,14,5,8,0,0,0,1,1,1,19,0,0,6,8,5,12.666666666666666,0,0,6,10,6,12.857142857142858,0,16.2,0.3,-0.92,Graduate,2,0,0.8333333333333334,0.16666666666666663,1.0,0.0,0.19047619047619158,1,1.31
1,1,3,5,1,1,1,13,28,6,8,1,0,0,1,1,1,19,0,0,6,6,6,15.166666666666666,0,0,6,6,6,12.333333333333334,0,12.4,0.5,1.79,Graduate,2,0,1.0,0.0,1.0,0.0,-2.833333333333332,0,0.0
1,4,1,7,1,15,1,1,1,5,5,0,0,0,1,1,0,27,0,4,6,6,6,13.166666666666666,0,2,5,7,5,15.142857142857142,0,11.1,0.6,2.02,Dropout,0,1,1.0,0.0,1.0,0.0,1.9761904761904763,-1,0.0
1,17,1,4,1,1,1,13,1,10,10,0,0,1,1,1,0,21,0,7,12,20,10,11.8,0,5,12,15,9,11.444444444444445,0,8.9,1.4,3.51,Enrolled,1,0,0.8333333333333334,0.16666666666666663,0.75,0.25,-0.35555555555555607,-1,3.0
1,8,1,7,1,1,1,13,1,5,6,0,0,0,1,1,0,20,0,0,5,10,4,11.5,0,0,5,11,0,0.0,0,13.9,-0.3,0.79,Enrolled,1,0,0.8,0.19999999999999996,0.0,1.0,-11.5,-4,2.1
1,15,1,5,1,14,1,13,28,5,1,1,0,0,1,1,0,21,0,0,6,6,6,14.5,0,0,6,8,6,11.333333333333334,0,12.4,0.5,1.79,Graduate,2,0,1.0,0.0,1.0,0.0,-3.166666666666666,0,0.0
1,1,5,15,1,1,1,22,3,6,3,1,0,0,1,1,0,22,0,0,6,10,5,13.4,0,0,6,12,3,10.666666666666666,0,9.4,-0.8,-3.12,Enrolled,1,0,0.8333333333333334,0.16666666666666663,0.5,0.5,-2.7333333333333343,-2,1.75
1,1,1,2,1,1,1,1,28,6,8,1,0,1,0,1,0,19,0,0,0,0,0,0.0,0,0,0,0,0,0.0,0,12.7,3.7,-1.7,Graduate,2,0,0.0,1.0,0.0,1.0,0.0,0,8.0
1,8,4,9,1,1,1,23,14,6,6,1,0,0,1,1,1,18,0,0,5,8,4,10.8,0,0,5,10,2,12.5,0,11.1,0.6,2.02,Dropout,0,1,0.8,0.19999999999999996,0.4,0.6,1.6999999999999993,-2,1.75
1,12,2,10,1,1,1,13,1,6,6,0,0,0,1,1,0,28,0,0,5,6,0,0.0,0,0,5,5,0,0.0,0,13.9,-0.3,0.79,Dropout,0,1,0.0,1.0,0.0,1.0,0.0,0,5.5
2,12,1,4,1,1,1,1,27,10,2,0,0,1,0,1,0,25,0,3,10,23,6,11.428571428571429,0,2,7,15,4,12.0,1,15.5,2.8,-4.06,Dropout,0,1,0.6,0.4,0.5714285714285714,0.4285714285714286,0.5714285714285712,-2,5.09
1,14,1,4,1,1,1,22,1,6,5,0,0,0,1,1,0,25,0,8,14,24,8,12.5,2,6,13,23,10,11.6,0,15.5,2.8,-4.06,Dropout,0,1,0.5714285714285714,0.4285714285714286,0.7692307692307693,0.23076923076923073,-0.9000000000000004,2,2.62
1,1,1,9,1,1,1,23,14,10,6,0,0,0,1,1,0,18,0,0,5,11,2,13.5,0,0,5,11,3,12.333333333333334,0,8.9,1.4,3.51,Enrolled,1,0,0.4,0.6,0.6,0.4,-1.166666666666666,1,2.86
1,1,1,11,1,1,1,4,14,5,6,0,0,0,1,1,0,26,0,0,6,6,0,0.0,0,0,6,12,0,0.0,0,10.8,1.4,1.74,Dropout,0,1,0.0,1.0,0.0,1.0,0.0,0,5.5
1,8,3,9,1,1,1,22,27,7,6,1,0,0,1,1,1,18,0,0,5,8,5,12.75,0,0,5,7,5,11.5,0,13.9,-0.3,0.79,Graduate,2,0,1.0,0.0,1.0,0.0,-1.25,0,1.31
1,14,1,15,1,1,1,13,28,10,8,1,0,0,1,1,0,22,0,0,6,17,3,11.333333333333334,3,0,6,14,3,12.333333333333334,0,15.5,2.8,-4.06,Enrolled,1,0,0.5,0.5,0.5,0.5,1.0,0,3.88
1,12,1,4,1,1,1,1,3,5,6,0,0,0,1,1,0,25,0,0,6,8,0,0.0,0,0,6,10,0,0.0,0,16.2,0.3,-0.92,Dropout,0,1,0.0,1.0,0.0,1.0,0.0,0,5.5
1,1,2,15,1,1,1,3,1,5,5,1,0,0,1,1,0,19,0,0,6,9,5,11.4,0,0,6,13,5,12.4,0,8.9,1.4,3.51,Enrolled,1,0,0.8333333333333334,0.16666666666666663,0.8333333333333334,0.16666666666666663,1.0,0,1.56
1,8,2,15,1,1,1,3,14,3,4,1,0,0,1,1,0,19,0,0,6,7,6,14.428571428571429,0,0,6,7,6,14.571428571428571,0,13.9,-0.3,0.79,Graduate,2,0,1.0,0.0,1.0,0.0,0.14285714285714235,0,0.5
1,8,1,12,1,1,1,1,1,6,6,0,0,0,1,1,0,19,0,0,7,9,7,12.492857142857144,0,0,8,10,8,11.7125,0,16.2,0.3,-0.92,Graduate,2,0,1.0,0.0,1.0,0.0,-0.7803571428571434,1,0.78
4,12,1,3,0,12,1,1,27,10,2,0,0,0,1,1,0,45,0,2,8,10,4,11.5,0,2,8,13,4,11.0,0,10.8,1.4,1.74,Dropout,0,1,0.5,0.5,0.5,0.5,-0.5,0,2.1
2,12,1,17,0,1,1,22,27,10,10,0,0,0,1,1,0,52,0,0,5,7,5,11.2,0,0,5,6,5,12.8,1,7.6,2.6,0.32,Graduate,2,0,1.0,0.0,1.0,0.0,1.6000000000000014,0,1.0
1,1,1,9,1,1,1,13,14,10,4,1,0,0,0,1,0,20,0,0,5,9,3,12.0,1,0,5,7,3,11.0,0,9.4,-0.8,-3.12,Dropout,0,1,0.6,0.4,0.6,0.4,-1.0,0,3.98
1,1,1,12,1,1,1,23,27,6,11,1,0,0,1,1,0,19,0,0,8,8,7,15.885714285714286,0,0,8,8,7,15.885714285714286,0,10.8,1.4,1.74,Graduate,2,0,0.875,0.125,0.875,0.125,0.0,0,0.44
1,1,1,12,1,1,1,1,28,10,10,0,0,1,0,1,0,21,0,0,7,12,4,12.94,0,0,7,12,4,11.58,0,12.4,0.5,1.79,Dropout,0,1,0.5714285714285714,0.4285714285714286,0.5714285714285714,0.4285714285714286,-1.3599999999999994,0,4.83
2,12,1,3,0,1,1,22,27,10,10,0,0,0,0,1,0,35,0,0,6,6,6,14.0,0,0,6,6,6,14.166666666666666,0,9.4,-0.8,-3.12,Graduate,2,0,1.0,0.0,1.0,0.0,0.16666666666666607,0,1.25
2,12,1,2,1,9,1,22,27,8,8,1,0,0,1,1,0,36,0,0,0,0,0,0.0,0,0,0,0,0,0.0,0,7.6,2.6,0.32,Graduate,2,0,0.0,1.0,0.0,1.0,0.0,0,5.5
4,12,1,12,1,12,1,22,28,6,6,0,0,1,0,1,0,47,0,0,7,7,0,0.0,7,0,8,8,0,0.0,8,15.5,2.8,-4.06,Dropout,0,1,0.0,1.0,0.0,1.0,0.0,0,10.0
1,9,1,17,0,1,1,28,30,3,3,0,0,0,1,1,0,22,0,0,5,0,0,0.0,0,0,5,0,0,0.0,0,8.9,1.4,3.51,Dropout,0,1,0.0,1.0,0.0,1.0,0.0,0,5.5
2,12,1,17,0,1,1,22,27,10,10,1,0,0,1,1,0,41,0,0,5,8,4,11.25,0,0,5,8,3,11.0,1,7.6,2.6,0.32,Dropout,0,1,0.8,0.19999999999999996,0.6,0.4,-0.25,-1,1.75
1,4,1,7,1,3,1,19,24,12,12,0,0,0,1,1,0,26,0,0,5,5,0,0.0,0,0,5,6,0,0.0,0,10.8,1.4,1.74,Dropout,0,1,0.0,1.0,0.0,1.0,0.0,0,5.5
2,12,1,3,0,1,1,19,24,12,12,0,0,0,0,0,0,51,0,0,6,13,4,11.25,0,0,6,12,0,0.0,1,10.8,1.4,1.74,Dropout,0,1,0.6666666666666666,0.33333333333333337,0.0,1.0,-11.25,-4,3.67
2,12,2,17,0,1,1,22,27,10,10,0,0,0,1,0,0,43,0,0,5,11,3,10.666666666666666,0,1,5,10,4,12.5,0,9.4,-0.8,-3.12,Enrolled,1,0,0.6,0.4,0.8,0.19999999999999996,1.833333333333334,1,2.55
2,12,2,3,0,1,1,19,24,1,1,1,0,0,1,0,0,41,0,0,6,9,5,11.8,0,1,6,10,3,10.666666666666666,1,7.6,2.6,0.32,Graduate,2,0,0.8333333333333334,0.16666666666666663,0.5,0.5,-1.1333333333333346,-2,1.56
1,14,2,9,1,1,1,19,27,10,10,1,0,0,1,1,0,23,0,5,10,19,8,11.625,1,4,10,16,10,11.181818181818182,3,7.6,2.6,0.32,Graduate,2,0,0.8,0.19999999999999996,1.0,0.0,-0.44318181818181834,2,2.23
1,14,2,10,1,1,1,19,21,1,6,1,0,0,1,1,0,22,0,0,6,11,0,0.0,0,0,5,10,0,0.0,0,9.4,-0.8,-3.12,Dropout,0,1,0.0,1.0,0.0,1.0,0.0,0,5.5
1,8,2,5,1,1,1,22,27,10,10,1,1,0,1,1,1,25,0,0,6,8,4,10.25,0,0,6,6,4,11.25,0,12.7,3.7,-1.7,Dropout,0,1,0.6666666666666666,0.33333333333333337,0.6666666666666666,0.33333333333333337,1.0,0,1.75
1,14,1,17,0,1,1,22,27,10,10,1,0,0,1,1,0,25,0,14,15,16,15,10.8,0,13,14,14,14,11.357142857142858,0,9.4,-0.8,-3.12,Graduate,2,0,1.0,0.0,1.0,0.0,0.5571428571428569,-1,0.22
1,17,1,2,1,16,1,1,14,10,10,1,0,0,0,1,1,22,0,5,12,15,11,12.545454545454543,0,4,11,16,11,12.666666666666666,0,8.9,1.4,3.51,Graduate,2,0,0.9166666666666666,0.08333333333333337,1.0,0.0,0.12121212121212288,0,2.18
1,12,1,4,1,1,3,1,1,30,29,0,0,0,1,1,0,24,1,0,7,7,7,13.571428571428571,0,0,6,9,5,13.4,0,8.9,1.4,3.51,Enrolled,1,0,1.0,0.0,0.8333333333333334,0.16666666666666663,-0.17142857142857082,-2,0.0
1,12,1,6,1,2,1,23,28,10,11,0,0,0,1,1,0,47,0,0,6,0,0,0.0,0,0,6,0,0,0.0,0,16.2,0.3,-0.92,Dropout,0,1,0.0,1.0,0.0,1.0,0.0,0,5.5
2,12,1,17,0,12,1,22,27,6,6,1,0,0,1,1,0,41,0,0,5,5,0,0.0,0,0,5,5,0,0.0,0,7.6,2.6,0.32,Dropout,0,1,0.0,1.0,0.0,1.0,0.0,0,5.5
1,12,1,4,1,1,1,22,27,10,10,1,0,0,1,1,0,43,0,0,6,9,6,14.77777777777778,0,0,6,11,5,12.2,0,13.9,-0.3,0.79,Graduate,2,0,1.0,0.0,0.8333333333333334,0.16666666666666663,-2.577777777777781,-1,1.17
1,12,1,4,1,1,1,1,27,10,9,0,0,0,1,1,0,29,0,0,3,4,0,0.0,0,0,4,8,0,0.0,0,16.2,0.3,-0.92,Dropout,0,1,0.0,1.0,0.0,1.0,0.0,0,5.5
1,12,2,7,1,1,1,22,27,6,6,0,0,0,1,1,0,30,0,0,2,2,0,0.0,0,0,2,2,0,0.0,0,7.6,2.6,0.32,Dropout,0,1,0.0,1.0,0.0,1.0,0.0,0,5.5
1,12,2,9,1,13,1,13,28,10,10,0,0,0,0,1,0,26,0,0,4,4,0,0.0,0,0,5,0,0,0.0,0,12.7,3.7,-1.7,Dropout,0,1,0.0,1.0,0.0,1.0,0.0,0,6.75
1,12,2,17,0,1,1,13,28,10,10,0,0,0,0,1,0,27,0,0,5,10,0,0.0,0,0,5,5,0,0.0,0,15.5,2.8,-4.06,Dropout,0,1,0.0,1.0,0.0,1.0,0.0,0,6.75
2,12,2,14,1,1,1,22,27,10,10,0,0,0,1,1,1,36,0,0,5,5,5,11.4,0,0,5,7,5,11.6,0,9.4,-0.8,-3.12,Graduate,2,0,1.0,0.0,1.0,0.0,0.1999999999999993,0,0.0
1,12,1,4,1,12,1,1,14,5,11,0,0,0,1,1,0,29,0,3,9,13,6,11.666666666666666,0,2,7,10,6,10.857142857142858,0,15.5,2.8,-4.06,Dropout,0,1,0.6666666666666666,0.33333333333333337,0.8571428571428571,0.1428571428571429,-0.8095238095238084,0,1.88
1,13,1,7,1,1,1,19,24,1,1,1,0,0,1,1,0,35,0,6,10,12,7,11.285714285714286,0,2,8,8,5,13.0,0,9.4,-0.8,-3.12,Dropout,0,1,0.7,0.30000000000000004,0.625,0.375,1.7142857142857135,-2,1.46
1,1,1,15,1,1,1,23,28,7,4,0,0,0,1,1,1,18,0,0,6,12,4,11.5,0,0,6,10,5,12.6,0,10.8,1.4,1.74,Graduate,2,0,0.6666666666666666,0.33333333333333337,0.8333333333333334,0.16666666666666663,1.0999999999999996,1,2.33
1,1,1,17,0,1,1,23,27,10,10,0,0,0,1,1,1,24,0,0,5,5,5,16.0,0,0,5,5,5,16.0,0,8.9,1.4,3.51,Graduate,2,0,1.0,0.0,1.0,0.0,0.0,0,0.0
1,1,3,15,1,1,1,23,28,10,8,1,0,0,1,1,1,18,0,0,6,6,6,12.5,0,0,6,7,6,12.666666666666666,0,10.8,1.4,1.74,Dropout,0,1,1.0,0.0,1.0,0.0,0.16666666666666607,0,0.0
1,8,4,7,1,1,1,23,27,6,8,1,0,0,1,1,0,18,0,0,5,7,4,12.0,0,0,5,10,3,13.0,3,7.6,2.6,0.32,Enrolled,1,0,0.8,0.19999999999999996,0.6,0.4,1.0,-1,1.5
2,14,1,6,1,1,1,22,27,10,8,0,0,0,1,1,0,21,0,0,5,11,0,0.0,2,0,5,11,3,11.666666666666666,1,9.4,-0.8,-3.12,Enrolled,1,0,0.0,1.0,0.6,0.4,11.666666666666666,3,6.3
1,13,1,7,1,1,1,23,27,6,9,1,0,0,1,1,0,21,0,0,5,10,5,13.0,0,0,5,10,5,12.6,0,9.4,-0.8,-3.12,Graduate,2,0,1.0,0.0,1.0,0.0,-0.40000000000000036,0,1.75
1,12,1,4,1,1,1,1,3,3,7,0,0,0,1,1,0,32,0,8,18,27,13,13.714285714285714,1,7,12,18,12,12.083333333333334,0,15.5,2.8,-4.06,Graduate,2,0,0.7222222222222222,0.2777777777777778,1.0,0.0,-1.6309523809523796,-1,1.93
1,1,4,7,1,1,1,22,27,10,6,1,0,0,1,1,1,22,0,0,5,9,3,12.333333333333334,0,0,6,14,3,12.5,0,11.1,0.6,2.02,Dropout,0,1,0.6,0.4,0.5,0.5,0.16666666666666607,0,2.33
1,4,1,4,1,3,1,1,28,10,8,1,0,0,0,1,0,32,0,11,17,31,11,12.727272727272728,4,10,12,24,10,12.7,1,15.5,2.8,-4.06,Dropout,0,1,0.6470588235294118,0.3529411764705882,0.8333333333333334,0.16666666666666663,-0.027272727272729114,-1,3.98
1,14,1,14,1,6,1,19,24,1,1,0,0,0,1,1,0,35,0,1,5,5,1,14.0,0,0,5,5,0,0.0,0,9.4,-0.8,-3.12,Dropout,0,1,0.2,0.8,0.0,1.0,-14.0,-1,2.8
1,9,3,9,1,1,1,1,28,5,8,1,0,0,0,1,0,23,0,0,5,0,0,0.0,0,0,5,0,0,0.0,0,8.9,1.4,3.51,Dropout,0,1,0.0,1.0,0.0,1.0,0.0,0,6.75
1,12,1,3,0,1,1,22,27,7,7,0,0,0,1,1,0,39,0,0,6,8,5,11.4,0,1,6,12,3,11.0,1,7.6,2.6,0.32,Enrolled,1,0,0.8333333333333334,0.16666666666666663,0.5,0.5,-0.40000000000000036,-2,1.31
2,14,1,14,1,1,1,19,24,1,1,0,0,0,1,1,0,35,0,0,5,5,0,0.0,0,0,5,5,1,10.0,0,9.4,-0.8,-3.12,Dropout,0,1,0.0,1.0,0.2,0.8,10.0,1,5.5
2,12,1,4,1,3,1,3,14,5,7,0,0,0,1,1,0,32,0,0,6,8,6,18.875,0,6,12,14,12,17.692307692307693,0,16.2,0.3,-0.92,Graduate,2,0,1.0,0.0,1.0,0.0,-1.1826923076923066,6,0.88
1,1,1,16,1,1,1,19,24,1,1,0,0,0,1,1,0,20,0,0,6,12,0,0.0,0,0,6,12,0,0.0,0,7.6,2.6,0.32,Dropout,0,1,0.0,1.0,0.0,1.0,0.0,0,5.5
1,12,1,12,1,1,1,22,27,10,10,0,0,0,1,1,0,34,0,0,7,15,6,11.333333333333334,0,0,7,16,4,12.6,0,16.2,0.3,-0.92,Enrolled,1,0,0.8571428571428571,0.1428571428571429,0.5714285714285714,0.4285714285714286,1.2666666666666657,-2,2.1
1,4,1,17,0,15,1,22,27,7,7,1,0,0,1,1,0,44,0,3,7,9,7,13.5,0,0,5,6,5,16.2,0,8.9,1.4,3.51,Dropout,0,1,1.0,0.0,1.0,0.0,2.6999999999999993,-2,0.78
2,12,1,11,1,12,1,22,14,10,11,0,0,0,1,1,0,53,0,7,11,12,2,15.0,7,4,9,10,3,10.0,4,16.2,0.3,-0.92,Graduate,2,0,0.18181818181818182,0.8181818181818181,0.3333333333333333,0.6666666666666667,-5.0,1,4.19
1,12,1,7,1,12,1,22,27,10,5,0,0,1,0,1,0,28,0,0,5,10,0,0.0,0,0,5,7,0,0.0,0,12.4,0.5,1.79,Dropout,0,1,0.0,1.0,0.0,1.0,0.0,0,8.0
1,4,1,17,0,3,1,22,27,10,10,0,0,0,1,1,0,31,0,9,9,9,9,14.22222222222222,0,5,5,5,5,12.8,0,12.7,3.7,-1.7,Dropout,0,1,1.0,0.0,1.0,0.0,-1.422222222222219,-4,0.0
1,1,1,2,1,1,1,1,28,6,10,0,0,1,0,1,0,18,0,0,0,0,0,0.0,0,0,0,0,0,0.0,0,9.4,-0.8,-3.12,Enrolled,1,0,0.0,1.0,0.0,1.0,0.0,0,8.0
1,12,1,4,1,1,1,1,3,10,11,0,0,1,0,1,0,44,0,2,7,14,4,12.0,2,0,6,16,0,0.0,1,15.5,2.8,-4.06,Dropout,0,1,0.5714285714285714,0.4285714285714286,0.0,1.0,-12.0,-4,5.57
1,1,1,6,1,1,1,1,1,10,10,1,0,0,1,1,0,19,0,0,5,9,5,12.6,1,0,5,8,4,12.0,0,12.7,3.7,-1.7,Graduate,2,0,1.0,0.0,0.8,0.19999999999999996,-0.5999999999999996,-1,1.96
1,6,1,2,1,1,12,1,1,3,10,0,0,0,1,1,0,21,1,6,12,12,12,15.083333333333334,0,4,11,15,11,13.083333333333334,0,8.9,1.4,3.51,Enrolled,1,0,1.0,0.0,1.0,0.0,-2.0,-1,0.0
1,9,1,7,1,1,1,3,14,4,6,0,0,0,1,1,1,18,0,0,5,5,0,0.0,0,0,5,5,0,0.0,0,9.4,-0.8,-3.12,Dropout,0,1,0.0,1.0,0.0,1.0,0.0,0,5.5
1,15,1,4,1,14,1,13,14,6,6,1,0,0,1,1,0,20,0,0,6,8,6,14.5,0,0,6,10,6,15.3,0,16.2,0.3,-0.92,Graduate,2,0,1.0,0.0,1.0,0.0,0.8000000000000007,0,0.88
1,12,1,5,1,1,1,22,27,8,8,0,0,0,1,1,0,55,0,0,6,6,6,14.5,0,0,6,6,6,13.5,0,11.1,0.6,2.02,Graduate,2,0,1.0,0.0,1.0,0.0,-1.0,0,0.0
1,1,1,9,1,1,1,13,27,5,9,0,0,0,1,1,0,27,0,0,5,12,3,10.0,0,0,5,12,1,13.0,0,7.6,2.6,0.32,Enrolled,1,0,0.6,0.4,0.2,0.8,3.0,-2,2.62
1,8,2,7,1,1,1,10,14,6,6,0,0,0,1,1,0,19,0,0,5,0,0,0.0,0,0,5,0,0,0.0,0,12.4,0.5,1.79,Dropout,0,1,0.0,1.0,0.0,1.0,0.0,0,5.5
1,1,1,9,1,1,1,13,27,10,10,0,0,0,1,1,0,18,0,0,5,5,5,11.6,0,0,5,5,5,13.2,0,12.4,0.5,1.79,Graduate,2,0,1.0,0.0,1.0,0.0,1.5999999999999996,0,0.0
2,12,1,15,1,1,1,22,27,8,5,0,0,0,1,1,0,43,0,0,6,10,4,11.75,0,0,6,7,0,0.0,0,15.5,2.8,-4.06,Dropout,0,1,0.6666666666666666,0.33333333333333337,0.0,1.0,-11.75,-4,2.1
1,9,3,11,1,1,1,13,14,10,7,1,0,0,1,1,0,18,0,0,6,0,0,0.0,0,0,6,0,0,0.0,0,13.9,-0.3,0.79,Dropout,0,1,0.0,1.0,0.0,1.0,0.0,0,5.5
1,1,1,2,1,1,1,3,3,3,3,1,0,0,1,1,0,18,0,0,0,0,0,0.0,0,0,0,0,0,0.0,0,9.4,-0.8,-3.12,Dropout,0,1,0.0,1.0,0.0,1.0,0.0,0,5.5
1,8,5,11,1,1,1,22,28,10,10,1,0,1,1,1,1,20,0,0,6,7,0,0.0,0,0,6,6,0,0.0,0,8.9,1.4,3.51,Dropout,0,1,0.0,1.0,0.0,1.0,0.0,0,6.75
2,12,1,17,0,1,1,22,14,10,10,0,0,1,0,1,0,29,0,0,5,7,4,11.25,0,0,5,8,4,11.8,0,10.8,1.4,1.74,Dropout,0,1,0.8,0.19999999999999996,0.8,0.19999999999999996,0.5500000000000007,0,4.0
1,12,1,8,1,12,1,22,27,10,11,1,0,1,1,1,0,44,0,0,6,9,5,11.571428571428571,0,0,6,11,0,0.0,0,13.9,-0.3,0.79,Dropout,0,1,0.8333333333333334,0.16666666666666663,0.0,1.0,-11.571428571428571,-5,2.81
1,1,1,7,1,1,1,22,27,10,10,1,0,0,1,1,0,18,0,0,5,7,4,10.0,0,0,5,8,1,16.0,0,10.8,1.4,1.74,Enrolled,1,0,0.8,0.19999999999999996,0.2,0.8,6.0,-3,1.5
1,15,1,4,1,14,1,22,27,10,2,0,0,0,1,1,1,20,0,0,6,11,5,13.833333333333334,0,0,6,13,6,12.3,0,15.5,2.8,-4.06,Enrolled,1,0,0.8333333333333334,0.16666666666666663,1.0,0.0,-1.5333333333333332,1,1.91
1,14,1,5,1,1,1,23,27,9,8,1,0,0,1,1,0,20,0,3,6,6,4,12.75,0,3,9,12,3,12.666666666666666,0,12.4,0.5,1.79,Dropout,0,1,0.6666666666666666,0.33333333333333337,0.3333333333333333,0.6666666666666667,-0.08333333333333393,-1,1.17
2,12,2,9,1,1,1,22,27,10,10,1,0,0,1,1,0,36,0,0,4,4,0,0.0,0,0,5,9,0,0.0,0,10.8,1.4,1.74,Dropout,0,1,0.0,1.0,0.0,1.0,0.0,0,5.5
1,15,1,8,1,14,1,5,1,3,6,1,0,0,1,1,0,19,0,1,6,13,5,11.6,0,1,6,12,2,11.0,0,13.9,-0.3,0.79,Enrolled,1,0,0.8333333333333334,0.16666666666666663,0.3333333333333333,0.6666666666666667,-0.5999999999999996,-3,2.15
2,12,1,6,1,12,1,22,27,12,12,0,0,0,0,1,0,29,0,0,5,5,0,0.0,0,0,5,5,0,0.0,0,12.7,3.7,-1.7,Dropout,0,1,0.0,1.0,0.0,1.0,0.0,0,6.75
1,1,1,14,1,1,1,1,1,10,10,1,0,0,1,1,0,18,0,0,6,6,4,11.25,0,0,6,10,3,10.333333333333334,0,10.8,1.4,1.74,Dropout,0,1,0.6666666666666666,0.33333333333333337,0.5,0.5,-0.9166666666666661,-1,1.17
1,12,1,4,1,1,1,1,1,2,7,0,0,0,0,1,0,24,0,0,6,0,0,0.0,0,0,6,0,0,0.0,0,13.9,-0.3,0.79,Dropout,0,1,0.0,1.0,0.0,1.0,0.0,0,6.75
1,1,1,15,1,1,1,3,14,3,6,0,0,0,1,1,0,20,0,0,6,6,6,14.333333333333334,0,0,6,7,6,15.0,0,15.5,2.8,-4.06,Graduate,2,0,1.0,0.0,1.0,0.0,0.6666666666666661,0,0.0
2,12,1,3,0,12,1,13,27,10,10,0,0,1,0,1,0,45,0,0,6,7,0,0.0,0,0,5,5,0,0.0,0,16.2,0.3,-0.92,Dropout,0,1,0.0,1.0,0.0,1.0,0.0,0,8.0
1,14,2,12,1,1,1,23,27,5,5,1,0,0,1,1,1,28,0,18,23,23,20,13.5,3,18,23,23,20,13.5,3,7.6,2.6,0.32,Graduate,2,0,0.8695652173913043,0.13043478260869568,0.8695652173913043,0.13043478260869568,0.0,0,0.72
1,1,1,11,1,1,1,13,28,10,10,1,0,0,1,1,0,23,0,0,6,8,6,12.666666666666666,0,0,6,10,5,12.2,0,7.6,2.6,0.32,Enrolled,1,0,1.0,0.0,0.8333333333333334,0.16666666666666663,-0.4666666666666668,-1,0.88
1,1,1,12,1,1,1,1,14,5,8,1,0,0,1,1,0,18,0,0,7,7,7,12.444285714285714,0,0,8,11,7,11.347142857142858,0,12.4,0.5,1.79,Graduate,2,0,1.0,0.0,0.875,0.125,-1.097142857142856,0,0.0
1,1,2,9,1,1,1,13,14,10,5,1,0,0,1,1,0,23,0,0,5,7,3,10.666666666666666,1,0,5,7,3,11.333333333333334,0,9.4,-0.8,-3.12,Dropout,0,1,0.6,0.4,0.6,0.4,0.6666666666666679,0,2.4
1,14,1,2,1,1,1,3,3,3,3,1,0,0,1,1,0,22,0,0,0,0,0,0.0,0,0,0,0,0,0.0,0,7.6,2.6,0.32,Enrolled,1,0,0.0,1.0,0.0,1.0,0.0,0,5.5
1,1,1,5,1,1,1,13,14,6,6,0,0,0,1,1,1,22,0,1,6,6,6,12.666666666666666,0,1,6,6,5,12.4,0,12.4,0.5,1.79,Graduate,2,0,1.0,0.0,0.8333333333333334,0.16666666666666663,-0.2666666666666657,-1,0.0
1,12,1,17,0,9,1,22,28,6,6,0,0,0,1,1,0,33,0,0,5,5,5,13.2,0,0,5,6,5,14.833333333333334,0,10.8,1.4,1.74,Graduate,2,0,1.0,0.0,1.0,0.0,1.6333333333333346,0,0.0
1,17,1,4,1,16,1,1,28,10,7,0,0,0,1,1,0,21,0,7,12,20,10,12.7,0,5,12,14,11,12.181818181818182,0,8.9,1.4,3.51,Graduate,2,0,0.8333333333333334,0.16666666666666663,0.9166666666666666,0.08333333333333337,-0.5181818181818176,1,1.75
2,12,1,9,1,1,1,22,27,10,6,0,0,0,1,1,0,45,0,0,5,6,5,14.833333333333334,0,0,5,5,5,14.8,0,15.5,2.8,-4.06,Graduate,2,0,1.0,0.0,1.0,0.0,-0.033333333333333215,0,0.58
2,12,1,4,1,1,1,22,27,10,10,0,0,0,0,1,0,44,0,4,10,10,4,11.5,0,1,7,8,1,12.0,0,15.5,2.8,-4.06,Dropout,0,1,0.4,0.6,0.14285714285714285,0.8571428571428572,0.5,-3,3.35
4,12,1,14,1,1,1,13,14,12,13,0,0,0,1,1,0,42,0,0,6,0,0,0.0,0,0,6,0,0,0.0,0,12.7,3.7,-1.7,Dropout,0,1,0.0,1.0,0.0,1.0,0.0,0,5.5
1,9,1,9,1,1,1,13,1,10,8,1,0,0,1,1,0,20,0,0,5,0,0,0.0,0,0,5,0,0,0.0,0,12.4,0.5,1.79,Dropout,0,1,0.0,1.0,0.0,1.0,0.0,0,5.5
1,8,6,9,1,1,1,13,28,6,7,1,0,0,1,1,0,20,0,0,5,7,3,12.666666666666666,1,0,5,12,2,12.5,0,9.4,-0.8,-3.12,Enrolled,1,0,0.6,0.4,0.4,0.6,-0.16666666666666607,-1,2.4
1,1,2,11,1,1,1,1,28,3,9,1,0,0,1,1,1,20,0,0,6,7,6,14.714285714285714,0,0,6,6,6,12.5,0,8.9,1.4,3.51,Graduate,2,0,1.0,0.0,1.0,0.0,-2.2142857142857135,0,0.5
1,8,2,15,1,1,1,1,1,5,5,1,0,0,1,1,0,20,0,0,6,11,3,13.666666666666666,0,0,6,13,4,10.25,0,9.4,-0.8,-3.12,Enrolled,1,0,0.5,0.5,0.6666666666666666,0.33333333333333337,-3.416666666666666,1,2.55
1,1,2,9,1,1,1,1,1,10,7,0,0,0,1,1,0,19,0,0,5,9,5,10.8,0,0,5,13,2,13.5,0,8.9,1.4,3.51,Enrolled,1,0,1.0,0.0,0.4,0.6,2.6999999999999993,-3,1.56
1,16,1,3,0,1,1,1,1,5,5,0,0,1,0,1,0,26,0,2,8,13,4,10.5,0,5,10,16,7,10.428571428571429,0,12.4,0.5,1.79,Dropout,0,1,0.5,0.5,0.7,0.30000000000000004,-0.07142857142857117,3,4.92
2,12,1,4,1,1,1,22,27,9,8,0,0,0,1,1,0,31,0,0,6,10,6,15.0,0,0,6,11,5,12.5,0,13.9,-0.3,0.79,Graduate,2,0,1.0,0.0,0.8333333333333334,0.16666666666666663,-2.5,-1,1.4
1,1,1,15,1,1,1,1,14,10,10,0,0,1,1,1,1,19,0,0,6,6,6,12.666666666666666,0,0,6,6,6,14.0,0,16.2,0.3,-0.92,Graduate,2,0,1.0,0.0,1.0,0.0,1.333333333333334,0,1.25
1,12,1,15,1,12,1,22,27,1,1,1,0,0,1,1,0,28,0,0,6,7,6,13.166666666666666,0,0,6,6,6,13.666666666666666,0,7.6,2.6,0.32,Graduate,2,0,1.0,0.0,1.0,0.0,0.5,0,0.5
1,1,1,2,1,1,1,13,27,10,10,1,0,0,1,1,1,20,0,0,0,0,0,0.0,0,0,0,0,0,0.0,0,10.8,1.4,1.74,Graduate,2,0,0.0,1.0,0.0,1.0,0.0,0,5.5
2,1,2,3,0,1,1,22,1,10,11,1,0,0,1,0,0,43,0,0,6,6,6,13.0,0,0,6,6,6,12.5,0,9.4,-0.8,-3.12,Graduate,2,0,1.0,0.0,1.0,0.0,-0.5,0,0.0
1,12,1,2,1,12,17,1,14,3,8,0,0,0,1,1,1,25,1,0,0,0,0,0.0,0,0,0,0,0,0.0,0,15.5,2.8,-4.06,Dropout,0,1,0.0,1.0,0.0,1.0,0.0,0,5.5
1,12,1,10,1,12,1,22,27,10,10,0,1,1,1,0,0,40,0,0,6,13,2,10.0,0,0,6,10,1,15.0,0,16.2,0.3,-0.92,Dropout,0,1,0.3333333333333333,0.6666666666666667,0.16666666666666666,0.8333333333333334,5.0,-1,4.21
1,15,1,6,1,14,3,5,4,2,2,0,0,0,1,0,0,20,1,2,6,7,6,13.333333333333334,0,1,6,16,5,13.375,0,12.4,0.5,1.79,Graduate,2,0,1.0,0.0,0.8333333333333334,0.16666666666666663,0.041666666666666075,-1,0.5
2,12,1,3,0,9,1,22,27,10,2,0,0,0,1,0,0,46,0,0,6,13,3,12.333333333333334,0,0,6,6,6,13.333333333333334,0,11.1,0.6,2.02,Graduate,2,0,0.5,0.5,1.0,0.0,1.0,3,2.69
1,16,1,1,1,1,1,13,27,6,8,0,0,0,1,0,0,26,0,14,21,23,20,13.181818181818182,0,10,14,18,14,11.642857142857142,0,8.9,1.4,3.51,Graduate,2,0,0.9523809523809523,0.04761904761904767,1.0,0.0,-1.5389610389610393,-6,0.46
2,12,1,12,1,1,1,3,1,6,6,0,0,0,1,0,1,34,0,0,7,7,6,12.513333333333334,0,0,8,9,7,13.071428571428571,0,12.4,0.5,1.79,Graduate,2,0,0.8571428571428571,0.1428571428571429,0.875,0.125,0.5580952380952375,1,0.5
1,9,3,16,1,1,1,23,27,10,6,1,0,0,1,0,0,19,0,0,6,0,0,0.0,0,0,6,0,0,0.0,0,10.8,1.4,1.74,Dropout,0,1,0.0,1.0,0.0,1.0,0.0,0,5.5
1,1,6,12,1,1,1,13,14,10,10,1,0,0,1,0,1,18,0,0,8,8,7,13.585714285714284,0,0,8,8,7,13.585714285714284,0,12.7,3.7,-1.7,Graduate,2,0,0.875,0.125,0.875,0.125,0.0,0,0.44
1,1,1,13,1,1,1,13,14,5,10,1,0,0,1,0,0,18,0,0,7,9,7,11.155555555555557,0,0,8,10,8,11.425,0,12.7,3.7,-1.7,Graduate,2,0,1.0,0.0,1.0,0.0,0.26944444444444393,1,0.78
1,12,1,3,0,1,1,23,27,10,8,0,0,0,1,1,1,37,0,1,7,9,6,11.857142857142858,0,1,6,7,5,12.0,0,13.9,-0.3,0.79,Graduate,2,0,0.8571428571428571,0.1428571428571429,0.8333333333333334,0.16666666666666663,0.14285714285714235,-1,1.17
1,8,1,2,1,1,1,13,28,10,8,0,0,0,1,1,1,23,0,0,0,0,0,0.0,0,0,0,0,0,0.0,0,9.4,-0.8,-3.12,Graduate,2,0,0.0,1.0,0.0,1.0,0.0,0,5.5
1,14,1,5,1,1,1,13,28,10,8,0,0,0,1,1,0,26,0,9,14,14,14,14.0,0,7,13,13,13,13.615384615384617,0,15.5,2.8,-4.06,Graduate,2,0,1.0,0.0,1.0,0.0,-0.38461538461538325,-1,0.0
1,5,2,15,1,1,9,13,28,4,6,1,0,0,0,0,0,18,1,0,6,8,5,12.0,0,0,6,0,0,0.0,0,10.8,1.4,1.74,Dropout,0,1,0.8333333333333334,0.16666666666666663,0.0,1.0,-12.0,-5,2.56
1,6,1,12,1,1,20,3,2,14,5,1,0,0,1,0,0,18,1,0,7,15,4,11.575,0,0,7,10,5,12.419999999999998,0,12.4,0.5,1.79,Enrolled,1,0,0.5714285714285714,0.4285714285714286,0.7142857142857143,0.2857142857142857,0.8449999999999989,1,2.57
1,8,4,12,1,1,1,3,3,3,3,1,0,0,1,0,0,19,0,0,7,8,7,13.198571428571428,0,0,8,8,8,13.0625,0,11.1,0.6,2.02,Graduate,2,0,1.0,0.0,1.0,0.0,-0.1360714285714284,1,0.44
1,5,2,6,1,1,9,13,1,5,10,0,0,0,1,0,0,18,1,0,6,10,6,13.5,0,0,6,12,6,12.0,0,12.4,0.5,1.79,Graduate,2,0,1.0,0.0,1.0,0.0,-1.5,0,1.4
1,1,1,14,1,1,1,1,3,5,4,1,0,0,1,0,0,19,0,0,6,6,6,13.333333333333334,0,0,6,8,5,12.8,0,8.9,1.4,3.51,Dropout,0,1,1.0,0.0,0.8333333333333334,0.16666666666666663,-0.5333333333333332,-1,0.0
1,8,4,7,1,1,15,1,1,29,36,1,0,0,1,1,0,20,1,0,5,10,4,14.25,0,0,5,14,1,10.0,0,8.9,1.4,3.51,Enrolled,1,0,0.8,0.19999999999999996,0.2,0.8,-4.25,-3,2.1
1,8,1,5,1,1,1,1,1,2,6,0,0,0,1,0,1,22,0,0,6,7,6,12.166666666666666,0,0,6,9,4,12.0,0,9.4,-0.8,-3.12,Graduate,2,0,1.0,0.0,0.6666666666666666,0.33333333333333337,-0.16666666666666607,-2,0.5
1,1,3,12,1,1,1,13,1,10,6,1,0,0,1,0,1,18,0,0,8,8,7,12.214285714285714,0,0,8,8,7,12.214285714285714,0,12.7,3.7,-1.7,Graduate,2,0,0.875,0.125,0.875,0.125,0.0,0,0.44
1,8,1,11,1,1,1,13,29,6,5,0,0,0,1,0,1,18,0,0,6,8,6,12.666666666666666,0,0,6,6,6,13.0,0,13.9,-0.3,0.79,Graduate,2,0,1.0,0.0,1.0,0.0,0.3333333333333339,0,0.88
1,1,3,15,1,1,1,23,28,6,6,1,0,0,1,0,1,18,0,0,6,7,6,12.285714285714286,0,0,6,6,6,13.5,0,8.9,1.4,3.51,Graduate,2,0,1.0,0.0,1.0,0.0,1.2142857142857135,0,0.5
1,1,6,11,1,1,1,23,27,6,8,1,0,0,1,0,1,18,0,0,6,7,6,13.0,0,0,6,6,6,13.0,0,12.4,0.5,1.79,Graduate,2,0,1.0,0.0,1.0,0.0,0.0,0,0.5
1,1,2,11,1,1,1,4,3,8,5,1,0,0,1,0,0,18,0,0,6,8,6,12.142857142857142,0,0,6,6,6,11.166666666666666,0,8.9,1.4,3.51,Graduate,2,0,1.0,0.0,1.0,0.0,-0.9761904761904763,0,0.88
1,8,6,12,1,1,1,1,14,8,8,1,0,0,1,0,1,19,0,0,7,8,7,13.875714285714285,0,0,8,9,7,13.085714285714284,0,11.1,0.6,2.02,Graduate,2,0,1.0,0.0,0.875,0.125,-0.7900000000000009,0,0.44
1,8,1,16,1,1,1,13,1,6,6,0,0,0,1,0,0,20,0,0,6,0,0,0.0,0,0,6,0,0,0.0,0,15.5,2.8,-4.06,Dropout,0,1,0.0,1.0,0.0,1.0,0.0,0,5.5
1,8,4,10,1,1,1,1,14,10,6,1,0,0,1,0,1,19,0,0,6,12,6,11.666666666666666,0,0,6,7,0,0.0,0,15.5,2.8,-4.06,Dropout,0,1,1.0,0.0,0.0,1.0,-11.666666666666666,-6,1.75
1,1,2,6,1,1,1,3,1,5,8,1,0,0,1,0,0,18,0,0,6,13,6,13.153846153846152,0,0,6,12,3,11.0,0,15.5,2.8,-4.06,Graduate,2,0,1.0,0.0,0.5,0.5,-2.1538461538461515,-3,1.88
1,1,4,5,1,1,1,1,1,10,8,1,0,0,1,0,1,18,0,0,6,6,6,14.5,0,0,6,6,6,12.833333333333334,0,12.4,0.5,1.79,Dropout,0,1,1.0,0.0,1.0,0.0,-1.666666666666666,0,0.0
1,8,6,12,1,1,1,13,14,8,8,1,0,0,1,0,1,18,0,0,7,7,7,14.44142857142857,0,0,8,8,8,13.65625,0,11.1,0.6,2.02,Graduate,2,0,1.0,0.0,1.0,0.0,-0.7851785714285704,1,0.0
1,8,2,15,1,1,1,3,28,3,7,1,0,0,1,0,0,18,0,0,6,6,6,15.166666666666666,0,0,6,7,6,14.285714285714286,0,12.4,0.5,1.79,Graduate,2,0,1.0,0.0,1.0,0.0,-0.8809523809523796,0,0.0
1,8,1,9,1,1,1,13,28,5,9,0,0,0,1,0,1,18,0,0,5,5,5,11.6,0,0,5,12,4,12.625,0,10.8,1.4,1.74,Graduate,2,0,1.0,0.0,0.8,0.19999999999999996,1.0250000000000004,-1,0.0
1,8,1,15,1,1,1,1,1,5,8,1,0,1,1,0,0,18,0,0,6,6,6,11.666666666666666,0,0,6,6,6,12.333333333333334,0,16.2,0.3,-0.92,Graduate,2,0,1.0,0.0,1.0,0.0,0.6666666666666679,0,1.25
1,15,1,4,1,14,1,22,28,10,7,0,0,0,1,0,1,20,0,0,6,8,6,12.625,0,0,6,10,6,13.2,0,16.2,0.3,-0.92,Graduate,2,0,1.0,0.0,1.0,0.0,0.5749999999999993,0,0.88
1,7,2,10,1,1,1,23,27,4,6,1,0,0,1,0,1,19,0,0,6,14,3,12.666666666666666,0,0,6,7,6,11.0,0,9.4,-0.8,-3.12,Graduate,2,0,0.5,0.5,1.0,0.0,-1.666666666666666,3,2.75
1,8,1,8,1,1,1,2,14,3,7,1,0,0,1,0,1,18,0,0,6,7,6,12.833333333333334,1,0,6,8,6,13.0,0,8.9,1.4,3.51,Enrolled,1,0,1.0,0.0,1.0,0.0,0.16666666666666607,0,0.83
1,1,1,10,1,1,1,23,28,9,8,1,0,0,1,0,1,19,0,0,6,7,6,11.857142857142858,0,0,6,8,6,13.142857142857142,0,12.4,0.5,1.79,Graduate,2,0,1.0,0.0,1.0,0.0,1.2857142857142847,0,0.5
1,8,2,16,1,1,1,3,1,2,6,1,0,0,1,0,0,19,0,0,6,8,5,11.4,1,0,6,7,4,10.75,0,12.7,3.7,-1.7,Enrolled,1,0,0.8333333333333334,0.16666666666666663,0.6666666666666666,0.33333333333333337,-0.6500000000000004,-1,1.65
1,14,1,8,1,1,14,3,4,4,3,0,0,0,1,0,0,19,1,0,5,10,5,14.857142857142858,2,0,5,7,5,15.142857142857142,0,9.4,-0.8,-3.12,Enrolled,1,0,1.0,0.0,1.0,0.0,0.2857142857142847,0,2.55
1,1,1,14,1,1,1,13,14,8,8,0,0,0,1,0,0,19,0,0,6,7,6,14.714285714285714,0,0,6,6,6,15.833333333333334,0,12.4,0.5,1.79,Graduate,2,0,1.0,0.0,1.0,0.0,1.1190476190476204,0,0.5
1,6,1,14,1,1,12,27,1,3,8,0,1,1,1,0,0,20,1,0,6,6,6,13.5,0,0,6,9,5,13.0,0,8.9,1.4,3.51,Graduate,2,0,1.0,0.0,0.8333333333333334,0.16666666666666663,-0.5,-1,1.25
1,9,1,8,1,1,1,23,14,10,6,1,0,0,1,0,1,18,0,0,5,7,4,11.5,0,0,5,5,5,12.4,0,10.8,1.4,1.74,Graduate,2,0,0.8,0.19999999999999996,1.0,0.0,0.9000000000000004,1,1.5
1,4,1,9,1,3,1,1,29,5,8,0,0,0,1,0,0,33,0,2,5,9,2,14.0,0,0,5,5,0,0.0,0,12.4,0.5,1.79,Dropout,0,1,0.4,0.6,0.0,1.0,-14.0,-2,2.72
1,1,1,16,1,1,1,13,14,5,6,0,0,0,1,0,1,19,0,0,7,8,6,12.833333333333334,0,0,6,6,0,0.0,0,13.9,-0.3,0.79,Dropout,0,1,0.8571428571428571,0.1428571428571429,0.0,1.0,-12.833333333333334,-6,0.88
1,8,2,13,1,1,1,1,1,10,10,0,0,0,1,0,1,18,0,0,7,7,7,13.428571428571429,0,0,8,8,8,14.75,0,15.5,2.8,-4.06,Graduate,2,0,1.0,0.0,1.0,0.0,1.3214285714285712,1,0.0
1,8,1,5,1,1,1,13,1,5,4,0,0,0,1,0,0,19,0,0,6,0,0,0.0,0,0,6,0,0,0.0,0,8.9,1.4,3.51,Dropout,0,1,0.0,1.0,0.0,1.0,0.0,0,5.5
1,15,1,4,1,14,1,23,28,7,4,0,0,0,1,0,0,19,0,0,6,18,3,11.666666666666666,0,0,6,14,4,11.5,0,15.5,2.8,-4.06,Enrolled,1,0,0.5,0.5,0.6666666666666666,0.33333333333333337,-0.16666666666666607,1,2.92
1,1,3,15,1,1,1,3,1,3,9,1,0,0,1,0,0,18,0,0,6,6,6,16.0,0,0,6,7,6,14.333333333333334,0,12.4,0.5,1.79,Graduate,2,0,1.0,0.0,1.0,0.0,-1.666666666666666,0,0.0
1,1,1,10,1,1,1,13,14,10,6,1,0,0,1,0,0,20,0,0,6,6,6,13.833333333333334,0,0,6,6,6,11.833333333333334,0,10.8,1.4,1.74,Graduate,2,0,1.0,0.0,1.0,0.0,-2.0,0,0.0
1,1,5,12,1,1,1,13,27,8,8,1,0,0,1,0,0,19,0,0,8,9,8,13.2325,1,0,8,9,8,13.2325,1,9.4,-0.8,-3.12,Graduate,2,0,1.0,0.0,1.0,0.0,0.0,0,0.64
1,1,2,15,1,1,1,13,14,10,10,1,0,0,1,1,1,18,0,0,6,6,6,14.0,0,0,6,6,6,14.166666666666666,0,9.4,-0.8,-3.12,Graduate,2,0,1.0,0.0,1.0,0.0,0.16666666666666607,0,0.0
1,8,2,11,1,1,1,1,2,6,4,1,0,1,1,1,1,19,0,0,6,14,2,10.0,0,0,6,6,0,0.0,0,13.9,-0.3,0.79,Dropout,0,1,0.3333333333333333,0.6666666666666667,0.0,1.0,-10.0,-2,4.25
1,14,1,3,0,1,9,22,27,10,10,1,0,0,1,0,0,25,1,8,16,16,15,13.333333333333334,0,11,13,13,11,12.272727272727272,0,13.9,-0.3,0.79,Graduate,2,0,0.9375,0.0625,0.8461538461538461,0.15384615384615385,-1.0606060606060623,-4,0.22
1,8,3,5,1,1,1,3,3,5,5,1,0,0,1,0,1,20,0,0,6,6,6,12.5,0,0,6,6,6,14.333333333333334,0,12.7,3.7,-1.7,Enrolled,1,0,1.0,0.0,1.0,0.0,1.833333333333334,0,0.0
1,1,1,3,0,1,1,23,27,6,6,0,0,0,1,0,0,19,0,0,6,6,6,12.5,0,0,6,6,6,11.5,0,12.7,3.7,-1.7,Graduate,2,0,1.0,0.0,1.0,0.0,-1.0,0,0.0
1,8,1,17,0,1,1,19,24,1,1,1,0,1,1,1,0,33,0,0,5,8,2,10.5,0,0,5,5,0,0.0,0,7.6,2.6,0.32,Dropout,0,1,0.4,0.6,0.0,1.0,-10.5,-2,3.87
1,9,4,7,1,1,1,13,28,32,39,1,0,1,1,1,0,18,0,0,5,11,3,10.666666666666666,0,0,5,9,3,11.333333333333334,0,8.9,1.4,3.51,Enrolled,1,0,0.6,0.4,0.6,0.4,0.6666666666666679,0,3.8
1,1,1,7,1,1,1,13,27,6,9,1,0,0,1,1,0,18,0,0,5,9,4,10.5,0,0,5,11,2,10.5,3,7.6,2.6,0.32,Enrolled,1,0,0.8,0.19999999999999996,0.4,0.6,0.0,-2,1.94
1,6,1,9,1,1,12,1,1,3,4,0,0,0,1,0,0,19,1,0,5,10,4,12.0,0,0,5,6,5,11.4,0,11.1,0.6,2.02,Graduate,2,0,0.8,0.19999999999999996,1.0,0.0,-0.5999999999999996,1,2.1
1,1,2,2,1,1,1,3,3,3,3,1,0,0,1,0,0,18,0,0,0,0,0,0.0,0,0,0,0,0,0.0,0,12.4,0.5,1.79,Enrolled,1,0,0.0,1.0,0.0,1.0,0.0,0,5.5
1,14,1,9,1,1,1,23,14,20,36,0,0,0,1,0,0,19,0,0,5,11,5,11.5,0,0,5,9,2,10.666666666666666,0,13.9,-0.3,0.79,Enrolled,1,0,1.0,0.0,0.4,0.6,-0.8333333333333339,-3,1.91
1,1,1,15,1,1,1,13,1,6,11,1,0,0,1,0,0,18,0,0,6,6,6,14.0,0,0,6,6,6,13.5,0,11.1,0.6,2.02,Dropout,0,1,1.0,0.0,1.0,0.0,-0.5,0,0.0
1,8,5,16,1,1,1,3,14,3,8,1,0,0,1,0,0,18,0,0,6,7,6,13.5,0,0,6,8,5,12.6,0,7.6,2.6,0.32,Graduate,2,0,1.0,0.0,0.8333333333333334,0.16666666666666663,-0.9000000000000004,-1,0.5
1,1,3,12,1,1,1,13,27,8,8,1,0,0,1,0,0,18,0,0,8,8,8,13.07375,0,0,8,8,8,13.07375,0,9.4,-0.8,-3.12,Graduate,2,0,1.0,0.0,1.0,0.0,0.0,0,0.0
2,12,1,12,1,12,1,23,28,3,11,0,0,0,1,0,0,37,0,0,7,9,2,10.75,0,0,7,9,0,0.0,0,16.2,0.3,-0.92,Dropout,0,1,0.2857142857142857,0.7142857142857143,0.0,1.0,-10.75,-2,2.72
1,1,1,10,1,1,1,23,1,3,5,0,0,0,1,0,0,20,0,0,6,11,1,12.0,0,0,5,10,0,0.0,0,9.4,-0.8,-3.12,Enrolled,1,0,0.16666666666666666,0.8333333333333334,0.0,1.0,-12.0,-1,3.18
1,1,1,11,1,1,14,22,27,6,6,1,0,0,1,0,1,20,1,0,6,6,6,14.0,0,0,6,6,6,13.333333333333334,0,10.8,1.4,1.74,Graduate,2,0,1.0,0.0,1.0,0.0,-0.6666666666666661,0,0.0
1,6,1,10,1,1,12,13,14,10,7,0,0,0,1,1,0,21,1,0,6,7,6,12.333333333333334,0,0,6,7,6,13.428571428571429,0,11.1,0.6,2.02,Graduate,2,0,1.0,0.0,1.0,0.0,1.095238095238095,0,0.5
1,8,1,12,1,1,1,23,1,6,5,0,0,0,1,0,1,18,0,0,7,7,7,13.464285714285714,0,0,8,9,8,14.788888888888888,0,12.4,0.5,1.79,Graduate,2,0,1.0,0.0,1.0,0.0,1.3246031746031743,1,0.0
1,12,1,3,0,1,1,13,1,10,9,0,0,0,1,0,0,26,0,0,6,14,3,10.666666666666666,1,0,6,9,5,11.2,0,15.5,2.8,-4.06,Enrolled,1,0,0.5,0.5,0.8333333333333334,0.16666666666666663,0.5333333333333332,2,3.08
1,12,1,9,1,9,1,22,27,10,8,0,0,1,1,0,0,41,0,0,5,6,5,11.6,0,0,5,8,5,12.2,0,7.6,2.6,0.32,Enrolled,1,0,1.0,0.0,1.0,0.0,0.5999999999999996,0,1.83
1,1,2,15,1,1,1,13,1,4,10,1,0,0,1,0,1,18,0,0,6,6,6,13.666666666666666,0,0,6,6,6,14.666666666666666,0,16.2,0.3,-0.92,Graduate,2,0,1.0,0.0,1.0,0.0,1.0,0,0.0
1,1,4,12,1,1,1,13,27,10,8,0,0,1,1,0,0,18,0,0,8,9,8,14.4025,1,0,8,9,8,14.4025,1,9.4,-0.8,-3.12,Graduate,2,0,1.0,0.0,1.0,0.0,0.0,0,1.89
1,1,1,12,1,1,1,23,28,10,10,1,0,0,1,0,0,31,0,0,7,9,7,15.46875,0,0,8,8,8,16.3875,0,11.1,0.6,2.02,Graduate,2,0,1.0,0.0,1.0,0.0,0.9187499999999993,1,0.78
1,1,1,10,1,1,1,1,1,5,11,0,0,1,1,0,0,23,0,0,6,8,6,12.625,0,0,6,6,6,14.166666666666666,0,12.7,3.7,-1.7,Graduate,2,0,1.0,0.0,1.0,0.0,1.541666666666666,0,2.12
1,1,4,12,1,1,1,22,14,10,10,1,0,0,1,0,0,19,0,0,7,7,6,14.983333333333334,0,0,7,7,6,14.983333333333334,0,7.6,2.6,0.32,Graduate,2,0,0.8571428571428571,0.1428571428571429,0.8571428571428571,0.1428571428571429,0.0,0,0.5
1,7,3,15,1,1,1,22,28,5,10,1,0,0,1,0,1,20,0,0,6,6,6,15.0,0,0,6,6,6,13.0,0,11.1,0.6,2.02,Graduate,2,0,1.0,0.0,1.0,0.0,-2.0,0,0.0
2,12,1,3,0,1,1,22,27,8,6,0,0,0,1,0,0,40,0,5,9,9,9,15.88888888888889,0,3,7,7,7,14.142857142857142,0,12.7,3.7,-1.7,Graduate,2,0,1.0,0.0,1.0,0.0,-1.746031746031747,-2,0.0
1,15,1,6,1,14,1,22,27,10,10,1,0,1,1,0,0,32,0,0,6,14,4,11.5,0,0,6,14,3,11.0,0,16.2,0.3,-0.92,Dropout,0,1,0.6666666666666666,0.33333333333333337,0.5,0.5,-0.5,-1,3.75
1,1,4,11,1,1,1,22,27,10,8,1,0,0,1,0,0,24,0,0,6,14,2,10.5,0,0,6,11,1,10.0,0,10.8,1.4,1.74,Dropout,0,1,0.3333333333333333,0.6666666666666667,0.16666666666666666,0.8333333333333334,-0.5,-1,3.0
1,8,4,12,1,1,1,13,27,6,9,1,0,0,1,0,0,18,0,0,7,7,6,13.983333333333334,0,0,7,7,6,13.983333333333334,0,7.6,2.6,0.32,Graduate,2,0,0.8571428571428571,0.1428571428571429,0.8571428571428571,0.1428571428571429,0.0,0,0.5
1,1,1,10,1,1,1,22,27,10,10,0,0,0,1,0,0,18,0,0,6,6,6,13.0,0,0,6,6,6,12.833333333333334,0,10.8,1.4,1.74,Graduate,2,0,1.0,0.0,1.0,0.0,-0.16666666666666607,0,0.0
1,1,1,10,1,1,1,13,27,5,8,1,0,0,1,0,1,18,0,0,6,6,6,13.666666666666666,0,0,6,6,6,13.0,0,10.8,1.4,1.74,Graduate,2,0,1.0,0.0,1.0,0.0,-0.6666666666666661,0,0.0
1,12,1,4,1,1,1,23,28,5,8,1,0,0,0,0,0,27,0,0,6,8,0,0.0,0,0,6,8,0,0.0,0,15.5,2.8,-4.06,Dropout,0,1,0.0,1.0,0.0,1.0,0.0,0,6.75
1,1,1,9,1,1,1,23,27,10,6,0,0,0,1,0,0,18,0,0,5,5,5,14.4,0,0,5,5,5,15.4,0,7.6,2.6,0.32,Graduate,2,0,1.0,0.0,1.0,0.0,1.0,0,0.0
1,12,1,17,0,1,1,13,27,10,9,0,0,0,1,0,0,26,0,0,5,10,4,12.0,0,0,5,9,4,11.25,0,12.7,3.7,-1.7,Enrolled,1,0,0.8,0.19999999999999996,0.8,0.19999999999999996,-0.75,0,2.1
1,1,1,16,1,1,1,13,10,10,5,1,0,0,1,0,0,19,0,0,6,6,6,14.166666666666666,0,0,6,7,6,13.666666666666666,0,7.6,2.6,0.32,Graduate,2,0,1.0,0.0,1.0,0.0,-0.5,0,0.0
1,8,2,3,0,1,1,22,24,1,1,1,0,0,1,0,0,19,0,0,6,8,5,12.2,0,0,6,7,6,12.0,0,7.6,2.6,0.32,Graduate,2,0,0.8333333333333334,0.16666666666666663,1.0,0.0,-0.1999999999999993,1,1.31
1,9,2,9,1,1,1,1,27,6,6,1,0,0,1,0,0,21,0,0,5,8,3,12.0,1,0,5,9,3,12.666666666666666,0,9.4,-0.8,-3.12,Enrolled,1,0,0.6,0.4,0.6,0.4,0.6666666666666661,0,2.59
1,1,4,9,1,1,1,1,14,5,7,1,0,0,1,0,0,24,0,0,5,11,2,10.5,0,0,5,14,1,11.0,0,12.7,3.7,-1.7,Enrolled,1,0,0.4,0.6,0.2,0.8,0.5,-1,2.86
1,8,1,16,1,1,1,22,27,10,11,0,0,0,1,0,0,20,0,0,6,8,3,12.333333333333334,0,0,6,11,2,10.5,0,12.7,3.7,-1.7,Dropout,0,1,0.5,0.5,0.3333333333333333,0.6666666666666667,-1.833333333333334,-1,2.19
1,1,4,16,1,1,1,13,1,6,10,1,0,0,1,0,0,18,0,0,6,7,5,12.2,0,0,6,7,5,12.2,0,10.8,1.4,1.74,Enrolled,1,0,0.8333333333333334,0.16666666666666663,0.8333333333333334,0.16666666666666663,0.0,0,1.0
1,12,1,4,1,1,1,13,14,10,10,0,0,0,1,0,0,30,0,0,6,6,0,0.0,0,0,6,6,0,0.0,0,11.1,0.6,2.02,Dropout,0,1,0.0,1.0,0.0,1.0,0.0,0,5.5
1,1,1,16,1,1,1,13,27,10,10,1,0,1,0,0,0,22,0,0,7,10,6,11.5,0,0,7,8,6,13.166666666666666,0,11.1,0.6,2.02,Enrolled,1,0,0.8571428571428571,0.1428571428571429,0.8571428571428571,0.1428571428571429,1.666666666666666,0,3.9
1,4,1,9,1,3,1,22,14,10,9,0,0,0,1,0,0,21,0,4,9,9,9,10.88888888888889,0,3,10,18,10,11.615384615384617,0,10.8,1.4,1.74,Graduate,2,0,1.0,0.0,1.0,0.0,0.7264957264957275,1,0.0
1,12,1,13,1,1,1,13,14,5,6,0,0,0,1,0,0,26,0,0,7,12,6,12.166666666666666,0,0,8,8,8,11.675,0,13.9,-0.3,0.79,Dropout,0,1,0.8571428571428571,0.1428571428571429,1.0,0.0,-0.49166666666666536,2,1.75
1,8,1,9,1,1,1,13,14,8,8,1,0,0,1,0,0,23,0,0,5,7,2,10.0,1,0,5,9,1,12.0,0,9.4,-0.8,-3.12,Enrolled,1,0,0.4,0.6,0.2,0.8,2.0,-1,2.9
1,8,1,5,1,1,1,13,27,6,10,0,0,0,1,0,1,18,0,0,6,6,6,12.666666666666666,0,0,6,6,6,12.166666666666666,0,16.2,0.3,-0.92,Graduate,2,0,1.0,0.0,1.0,0.0,-0.5,0,0.0
1,1,1,5,1,1,1,1,27,6,10,1,0,1,1,0,0,21,0,0,6,9,5,11.4,0,0,6,8,5,12.2,0,12.7,3.7,-1.7,Dropout,0,1,0.8333333333333334,0.16666666666666663,0.8333333333333334,0.16666666666666663,0.7999999999999989,0,2.81
1,14,1,2,1,1,1,13,28,10,10,0,0,0,1,0,1,18,0,0,0,0,0,0.0,0,0,0,0,0,0.0,0,13.9,-0.3,0.79,Dropout,0,1,0.0,1.0,0.0,1.0,0.0,0,5.5
1,8,3,6,1,1,1,13,27,6,6,1,0,0,1,0,0,21,0,0,5,14,2,13.0,2,0,5,8,4,12.0,1,9.4,-0.8,-3.12,Enrolled,1,0,0.4,0.6,0.8,0.19999999999999996,-1.0,2,3.8
1,8,3,16,1,1,1,23,28,8,8,1,0,0,1,0,0,18,0,0,6,8,5,13.4,0,0,6,7,5,12.0,0,7.6,2.6,0.32,Enrolled,1,0,0.8333333333333334,0.16666666666666663,0.8333333333333334,0.16666666666666663,-1.4000000000000004,0,1.31
1,8,3,16,1,1,1,22,27,6,10,1,1,0,1,0,1,19,0,0,6,6,6,13.5,0,0,6,8,5,12.8,0,12.7,3.7,-1.7,Dropout,0,1,1.0,0.0,0.8333333333333334,0.16666666666666663,-0.6999999999999993,-1,0.0
1,8,1,11,1,1,1,1,1,5,10,1,0,0,1,0,0,22,0,0,6,14,4,12.25,0,0,6,11,3,11.333333333333334,0,7.6,2.6,0.32,Enrolled,1,0,0.6666666666666666,0.33333333333333337,0.5,0.5,-0.9166666666666661,-1,2.5
1,1,3,10,1,1,1,23,14,6,9,1,0,0,1,0,0,19,0,0,6,7,6,12.285714285714286,0,0,6,7,6,12.833333333333334,0,12.4,0.5,1.79,Graduate,2,0,1.0,0.0,1.0,0.0,0.5476190476190474,0,0.5
1,1,5,6,1,1,1,23,27,10,9,1,0,0,0,0,0,19,0,0,5,12,0,0.0,4,0,5,8,0,0.0,1,9.4,-0.8,-3.12,Dropout,0,1,0.0,1.0,0.0,1.0,0.0,0,8.35
1,8,1,10,1,1,1,22,27,8,6,1,0,0,1,0,0,19,0,0,6,10,2,10.5,0,0,6,11,1,13.0,0,9.4,-0.8,-3.12,Dropout,0,1,0.3333333333333333,0.6666666666666667,0.16666666666666666,0.8333333333333334,2.5,-1,2.8
2,15,1,6,1,14,1,22,27,30,43,0,0,0,1,0,0,27,0,0,5,12,3,14.0,2,0,5,8,5,12.0,1,9.4,-0.8,-3.12,Graduate,2,0,0.6,0.4,1.0,0.0,-2.0,2,3.42
1,5,1,6,1,1,1,22,27,6,6,1,0,0,1,0,0,22,0,2,5,7,5,14.2,0,0,5,10,5,12.2,0,12.7,3.7,-1.7,Graduate,2,0,1.0,0.0,1.0,0.0,-2.0,0,1.0
1,1,1,15,1,1,1,22,1,10,8,1,0,0,1,0,0,18,0,0,6,8,5,13.0,0,0,6,7,6,13.142857142857142,0,15.5,2.8,-4.06,Dropout,0,1,0.8333333333333334,0.16666666666666663,1.0,0.0,0.14285714285714235,1,1.31
1,8,4,11,1,1,1,23,28,6,6,1,0,0,1,0,0,20,0,0,6,6,6,11.0,0,0,6,8,4,12.75,0,9.4,-0.8,-3.12,Graduate,2,0,1.0,0.0,0.6666666666666666,0.33333333333333337,1.75,-2,0.0
2,14,1,17,0,1,1,22,27,10,10,0,0,0,1,0,0,34,0,3,8,9,3,11.0,0,2,7,7,2,10.0,0,9.4,-0.8,-3.12,Dropout,0,1,0.375,0.625,0.2857142857142857,0.7142857142857143,-1.0,-1,2.33
1,8,2,12,1,1,1,1,28,6,9,1,0,0,1,0,0,18,0,0,7,9,6,12.385714285714286,0,0,8,9,8,13.755555555555556,0,13.9,-0.3,0.79,Graduate,2,0,0.8571428571428571,0.1428571428571429,1.0,0.0,1.3698412698412703,2,1.17
1,8,2,15,1,1,1,1,1,6,6,1,0,0,1,1,0,20,0,0,6,12,4,14.75,0,0,6,7,4,12.25,0,9.4,-0.8,-3.12,Graduate,2,0,0.6666666666666666,0.33333333333333337,0.6666666666666666,0.33333333333333337,-2.5,0,2.33
1,1,1,8,1,1,14,1,14,6,6,1,0,0,1,0,0,20,1,0,5,6,5,16.166666666666668,0,0,5,6,5,15.833333333333334,0,12.7,3.7,-1.7,Graduate,2,0,1.0,0.0,1.0,0.0,-0.3333333333333339,0,0.58
1,12,1,17,0,1,1,1,28,5,10,0,0,0,1,1,0,25,0,0,5,7,0,0.0,0,0,5,8,0,0.0,0,16.2,0.3,-0.92,Dropout,0,1,0.0,1.0,0.0,1.0,0.0,0,5.5
1,1,4,7,1,1,1,3,14,3,10,1,0,0,1,1,0,18,0,0,5,6,5,12.4,0,0,5,9,3,13.0,0,8.9,1.4,3.51,Dropout,0,1,1.0,0.0,0.6,0.4,0.5999999999999996,-2,0.58
1,1,1,8,1,1,1,1,1,10,10,0,0,0,0,1,0,18,0,0,6,8,5,11.6,0,0,6,11,4,13.0,0,8.9,1.4,3.51,Dropout,0,1,0.8333333333333334,0.16666666666666663,0.6666666666666666,0.33333333333333337,1.4000000000000004,-1,2.56
1,8,1,16,1,1,1,13,28,6,8,1,0,0,1,0,1,18,0,0,6,8,5,12.2,0,0,6,13,0,0.0,0,9.4,-0.8,-3.12,Dropout,0,1,0.8333333333333334,0.16666666666666663,0.0,1.0,-12.2,-5,1.31
1,8,1,11,1,1,1,1,14,6,5,0,0,0,1,0,1,19,0,0,6,7,5,11.0,0,0,6,7,5,12.8,0,12.4,0.5,1.79,Graduate,2,0,0.8333333333333334,0.16666666666666663,0.8333333333333334,0.16666666666666663,1.8000000000000007,0,1.0
1,8,2,16,1,1,1,23,14,6,6,1,0,0,1,0,1,19,0,0,6,8,6,12.333333333333334,0,0,6,7,5,12.4,0,10.8,1.4,1.74,Dropout,0,1,1.0,0.0,0.8333333333333334,0.16666666666666663,0.06666666666666643,-1,0.88
1,15,1,10,1,1,1,1,1,6,6,0,0,0,1,0,1,21,0,3,6,6,6,14.833333333333334,0,2,6,7,6,12.571428571428571,0,13.9,-0.3,0.79,Graduate,2,0,1.0,0.0,1.0,0.0,-2.2619047619047628,0,0.0
1,13,1,5,1,1,1,3,2,3,3,0,0,0,1,0,0,29,0,9,10,15,9,11.555555555555555,0,7,11,17,10,11.9,0,9.4,-0.8,-3.12,Enrolled,1,0,0.9,0.09999999999999998,0.9090909090909091,0.09090909090909094,0.344444444444445,1,1.4
1,1,1,5,1,1,1,1,27,10,10,1,0,0,1,0,1,20,0,0,6,6,6,12.0,0,0,6,6,6,11.833333333333334,0,12.4,0.5,1.79,Graduate,2,0,1.0,0.0,1.0,0.0,-0.16666666666666607,0,0.0
1,16,1,3,0,16,1,13,27,19,44,1,0,1,1,0,1,21,0,13,13,13,11,12.727272727272728,0,9,11,11,10,12.6,0,8.9,1.4,3.51,Graduate,2,0,0.8461538461538461,0.15384615384615385,0.9090909090909091,0.09090909090909094,-0.12727272727272876,-1,1.79
1,14,1,17,0,1,14,22,27,10,9,0,0,0,1,0,0,34,1,2,2,2,2,10.5,0,1,1,1,1,11.0,0,10.8,1.4,1.74,Dropout,0,1,1.0,0.0,1.0,0.0,0.5,-1,0.0
1,1,4,15,1,1,9,1,27,4,10,1,0,0,1,0,0,20,1,0,6,6,6,12.333333333333334,0,0,6,6,6,12.0,0,12.7,3.7,-1.7,Graduate,2,0,1.0,0.0,1.0,0.0,-0.3333333333333339,0,0.0
1,12,1,17,0,1,1,22,27,10,10,0,0,0,1,1,0,24,0,0,5,10,0,0.0,0,0,5,7,1,12.0,0,10.8,1.4,1.74,Dropout,0,1,0.0,1.0,0.2,0.8,12.0,1,5.5
1,1,1,12,1,1,1,1,1,5,4,0,0,0,1,1,0,18,0,0,7,7,7,14.842857142857143,0,0,8,9,8,14.38888888888889,0,16.2,0.3,-0.92,Graduate,2,0,1.0,0.0,1.0,0.0,-0.45396825396825413,1,0.0
1,1,1,12,1,1,1,1,14,5,5,0,0,0,1,1,0,19,0,0,7,7,7,12.2,0,0,7,7,7,12.2,0,7.6,2.6,0.32,Enrolled,1,0,1.0,0.0,1.0,0.0,0.0,0,0.0
1,1,1,9,1,1,1,1,14,8,8,0,0,0,1,1,1,18,0,0,5,10,4,10.8,0,0,5,10,4,11.75,0,15.5,2.8,-4.06,Enrolled,1,0,0.8,0.19999999999999996,0.8,0.19999999999999996,0.9499999999999993,0,2.1
1,12,9,17,0,1,1,23,28,10,6,0,0,0,1,1,0,28,0,0,5,7,4,12.75,0,0,5,7,5,14.333333333333334,0,10.8,1.4,1.74,Enrolled,1,0,0.8,0.19999999999999996,1.0,0.0,1.583333333333334,1,1.5
1,12,1,17,0,1,1,1,1,10,8,0,0,0,1,1,0,28,0,0,5,13,2,11.0,0,0,5,12,1,12.0,0,11.1,0.6,2.02,Dropout,0,1,0.4,0.6,0.2,0.8,1.0,-1,2.96
1,8,1,11,1,1,1,23,28,1,6,0,0,0,1,1,0,20,0,0,6,9,4,10.75,0,0,6,12,0,0.0,0,7.6,2.6,0.32,Dropout,0,1,0.6666666666666666,0.33333333333333337,0.0,1.0,-10.75,-4,1.94
1,14,1,12,1,1,1,1,1,8,5,1,0,0,1,1,0,22,0,0,8,9,8,12.55375,1,0,8,9,8,12.55375,1,9.4,-0.8,-3.12,Graduate,2,0,1.0,0.0,1.0,0.0,0.0,0,0.64
1,1,4,12,1,1,1,13,1,5,5,1,0,0,1,1,0,19,0,0,8,8,7,12.665714285714284,0,0,8,8,7,12.665714285714284,0,10.8,1.4,1.74,Graduate,2,0,0.875,0.125,0.875,0.125,0.0,0,0.44
1,1,1,14,1,1,1,1,14,8,6,1,0,0,1,1,0,20,0,0,6,10,6,12.714285714285714,0,0,6,8,4,13.0,0,12.4,0.5,1.79,Enrolled,1,0,1.0,0.0,0.6666666666666666,0.33333333333333337,0.2857142857142865,-2,1.4
1,12,2,13,1,1,1,3,1,3,5,0,0,0,1,1,0,26,0,0,7,7,2,11.75,0,0,5,10,0,0.0,0,12.4,0.5,1.79,Dropout,0,1,0.2857142857142857,0.7142857142857143,0.0,1.0,-11.75,-2,2.5
1,1,2,11,1,1,1,22,27,10,10,1,0,0,0,1,0,21,0,0,6,11,3,11.0,0,0,6,14,0,0.0,0,9.4,-0.8,-3.12,Dropout,0,1,0.5,0.5,0.0,1.0,-11.0,-3,3.8
1,7,2,2,1,1,1,3,3,3,3,1,0,0,1,1,0,18,0,0,0,0,0,0.0,0,0,0,0,0,0.0,0,12.4,0.5,1.79,Graduate,2,0,0.0,1.0,0.0,1.0,0.0,0,5.5
1,8,1,9,1,1,1,22,28,10,8,1,0,0,1,1,0,18,0,0,5,5,5,13.4,0,0,5,6,5,12.2,0,11.1,0.6,2.02,Graduate,2,0,1.0,0.0,1.0,0.0,-1.200000000000001,0,0.0
1,1,2,2,1,1,1,13,14,5,8,1,0,0,1,1,0,22,0,14,17,21,17,12.578947368421051,0,15,17,20,17,12.117647058823527,0,11.1,0.6,2.02,Graduate,2,0,1.0,0.0,1.0,0.0,-0.4613003095975241,0,0.67
2,12,1,7,1,12,1,22,27,10,10,0,0,0,1,1,0,36,0,0,5,0,0,0.0,0,0,5,0,0,0.0,0,16.2,0.3,-0.92,Dropout,0,1,0.0,1.0,0.0,1.0,0.0,0,5.5
1,1,1,15,1,1,1,23,28,10,10,1,0,0,1,1,1,20,0,0,6,8,6,12.0,0,0,6,8,6,11.5,0,13.9,-0.3,0.79,Graduate,2,0,1.0,0.0,1.0,0.0,-0.5,0,0.88
1,8,5,14,1,1,1,3,4,3,3,0,0,0,1,1,0,20,0,0,6,6,3,12.333333333333334,0,0,6,9,0,0.0,0,10.8,1.4,1.74,Dropout,0,1,0.5,0.5,0.0,1.0,-12.333333333333334,-3,1.75
1,12,1,17,0,1,1,22,1,6,5,0,0,0,1,1,0,25,0,0,5,11,4,11.5,0,0,5,11,3,13.5,0,12.4,0.5,1.79,Dropout,0,1,0.8,0.19999999999999996,0.6,0.4,2.0,-1,2.23
1,12,1,4,1,1,1,22,14,7,5,0,0,0,1,1,0,35,0,1,6,7,5,12.8,0,1,6,11,5,13.833333333333334,0,15.5,2.8,-4.06,Graduate,2,0,0.8333333333333334,0.16666666666666663,0.8333333333333334,0.16666666666666663,1.0333333333333332,0,1.0
1,1,1,2,1,1,1,1,27,8,8,0,0,0,1,1,0,22,0,0,0,0,0,0.0,0,0,0,0,0,0.0,0,11.1,0.6,2.02,Dropout,0,1,0.0,1.0,0.0,1.0,0.0,0,5.5
1,14,1,5,1,1,1,3,29,4,8,0,0,0,1,1,0,26,0,5,7,8,7,13.285714285714286,0,3,8,11,7,12.142857142857142,0,12.4,0.5,1.79,Enrolled,1,0,1.0,0.0,0.875,0.125,-1.1428571428571441,0,0.44
1,15,1,4,1,14,1,23,28,10,6,0,0,1,0,1,0,20,0,0,6,16,4,11.8,0,0,6,15,2,12.0,0,16.2,0.3,-0.92,Dropout,0,1,0.6666666666666666,0.33333333333333337,0.3333333333333333,0.6666666666666667,0.1999999999999993,-2,5.12
1,14,1,3,0,9,1,22,1,10,11,0,0,0,1,1,0,50,0,6,13,13,6,11.333333333333334,0,2,11,11,2,13.5,0,16.2,0.3,-0.92,Dropout,0,1,0.46153846153846156,0.5384615384615384,0.18181818181818182,0.8181818181818181,2.166666666666666,-4,1.88
1,1,1,12,1,1,1,13,28,10,9,0,0,0,1,1,0,20,0,0,8,12,5,12.002,1,0,8,12,5,12.002,1,10.8,1.4,1.74,Dropout,0,1,0.625,0.375,0.625,0.375,0.0,0,2.29
1,1,1,12,1,1,1,3,1,3,9,0,0,0,1,1,0,20,0,0,7,10,5,13.976666666666668,0,0,8,9,8,13.22222222222222,0,12.4,0.5,1.79,Enrolled,1,0,0.7142857142857143,0.2857142857142857,1.0,0.0,-0.7544444444444487,3,1.75
1,4,1,4,1,3,1,3,14,3,11,0,0,0,0,1,0,35,0,0,6,10,5,15.2,0,1,6,9,1,11.0,0,15.5,2.8,-4.06,Dropout,0,1,0.8333333333333334,0.16666666666666663,0.16666666666666666,0.8333333333333334,-4.199999999999999,-4,3.0
1,1,1,14,1,1,1,3,14,5,6,0,0,0,1,1,1,19,0,0,6,7,6,13.142857142857142,0,0,6,8,6,14.166666666666666,0,15.5,2.8,-4.06,Graduate,2,0,1.0,0.0,1.0,0.0,1.0238095238095237,0,0.5
2,12,2,9,1,1,1,22,27,6,8,0,0,0,1,1,0,43,0,0,5,14,0,0.0,1,0,5,5,0,0.0,0,9.4,-0.8,-3.12,Dropout,0,1,0.0,1.0,0.0,1.0,0.0,0,5.9
1,8,5,12,1,1,1,3,28,3,2,0,0,0,1,1,0,19,0,0,8,11,7,13.867142857142856,0,0,8,11,7,13.867142857142856,0,10.8,1.4,1.74,Graduate,2,0,0.875,0.125,0.875,0.125,0.0,0,1.27
1,12,1,12,1,1,1,22,27,10,10,0,0,0,1,1,0,25,0,0,8,11,6,12.675,0,0,8,11,6,12.675,0,12.7,3.7,-1.7,Graduate,2,0,0.75,0.25,0.75,0.25,0.0,0,1.59
1,7,1,2,1,1,1,1,3,6,11,1,0,0,1,1,0,19,0,0,0,0,0,0.0,0,0,0,0,0,0.0,0,13.9,-0.3,0.79,Graduate,2,0,0.0,1.0,0.0,1.0,0.0,0,5.5
1,8,2,16,1,1,1,1,14,10,10,1,0,0,1,1,1,20,0,0,6,6,6,12.0,0,0,6,7,6,12.5,0,7.6,2.6,0.32,Enrolled,1,0,1.0,0.0,1.0,0.0,0.5,0,0.0
1,1,1,2,1,1,1,23,27,6,6,1,0,0,1,1,0,22,0,0,0,0,0,0.0,0,0,0,0,0,0.0,0,12.7,3.7,-1.7,Dropout,0,1,0.0,1.0,0.0,1.0,0.0,0,5.5
1,1,1,11,1,1,1,22,27,4,4,0,0,0,1,1,1,19,0,0,6,7,6,11.0,0,0,6,6,5,12.2,0,11.1,0.6,2.02,Dropout,0,1,1.0,0.0,0.8333333333333334,0.16666666666666663,1.1999999999999993,-1,0.5
2,12,1,17,0,1,1,13,27,4,10,0,0,0,1,1,0,32,0,0,5,11,4,10.75,0,0,5,11,4,11.333333333333334,0,13.9,-0.3,0.79,Dropout,0,1,0.8,0.19999999999999996,0.8,0.19999999999999996,0.5833333333333339,0,2.23
2,12,1,15,1,13,1,22,27,10,8,1,0,0,1,1,0,57,0,0,6,7,5,14.2,0,0,6,6,6,14.166666666666666,0,9.4,-0.8,-3.12,Graduate,2,0,0.8333333333333334,0.16666666666666663,1.0,0.0,-0.033333333333333215,1,1.0
1,1,1,12,1,1,1,1,14,4,6,0,0,0,0,1,0,20,0,0,7,11,4,12.6,0,0,7,7,4,11.575,0,16.2,0.3,-0.92,Dropout,0,1,0.5714285714285714,0.4285714285714286,0.5714285714285714,0.4285714285714286,-1.0250000000000004,0,3.48
1,12,1,17,0,1,1,1,1,6,6,1,0,0,0,1,0,38,0,0,5,5,0,0.0,0,0,5,5,0,0.0,0,8.9,1.4,3.51,Dropout,0,1,0.0,1.0,0.0,1.0,0.0,0,6.75
2,12,1,17,0,1,1,22,3,10,4,0,0,0,1,1,0,45,0,0,5,6,5,14.0,0,0,5,6,5,14.166666666666666,0,12.4,0.5,1.79,Graduate,2,0,1.0,0.0,1.0,0.0,0.16666666666666607,0,0.58
2,12,1,15,1,1,1,22,27,10,11,0,0,1,0,1,0,43,0,0,6,16,2,10.0,0,0,6,12,4,12.25,0,10.8,1.4,1.74,Dropout,0,1,0.3333333333333333,0.6666666666666667,0.6666666666666666,0.33333333333333337,2.25,2,5.56
1,8,4,5,1,1,1,23,1,10,10,1,0,0,1,1,0,19,0,0,6,6,6,13.833333333333334,0,0,6,8,6,13.125,0,10.8,1.4,1.74,Graduate,2,0,1.0,0.0,1.0,0.0,-0.7083333333333339,0,0.0
2,12,1,17,0,12,1,13,14,5,5,0,0,0,0,1,0,49,0,0,5,8,2,11.0,0,0,5,5,1,11.0,0,15.5,2.8,-4.06,Dropout,0,1,0.4,0.6,0.2,0.8,0.0,-1,3.87
2,12,1,12,1,12,1,22,28,10,8,1,0,0,1,1,0,43,0,0,8,8,7,11.635714285714286,0,0,8,8,7,11.635714285714286,0,10.8,1.4,1.74,Enrolled,1,0,0.875,0.125,0.875,0.125,0.0,0,0.44
1,12,1,3,0,1,1,22,28,10,10,0,0,0,1,1,0,34,0,0,6,6,4,12.25,0,0,5,5,0,0.0,0,11.1,0.6,2.02,Dropout,0,1,0.6666666666666666,0.33333333333333337,0.0,1.0,-12.25,-4,1.17
1,8,5,7,1,1,1,13,14,6,6,1,0,1,1,1,0,18,0,0,5,9,4,12.5,0,0,5,11,5,11.285714285714286,0,12.4,0.5,1.79,Enrolled,1,0,0.8,0.19999999999999996,1.0,0.0,-1.2142857142857135,1,3.19
2,12,1,17,0,1,1,23,28,2,5,0,0,0,1,1,0,43,0,0,5,5,5,13.8,0,0,5,6,5,13.666666666666666,0,10.8,1.4,1.74,Graduate,2,0,1.0,0.0,1.0,0.0,-0.13333333333333464,0,0.0
1,1,2,11,1,1,1,13,1,10,9,0,0,0,1,1,0,21,0,0,6,8,3,12.0,0,0,6,9,1,11.0,0,15.5,2.8,-4.06,Dropout,0,1,0.5,0.5,0.16666666666666666,0.8333333333333334,-1.0,-2,2.19
2,12,1,17,0,1,1,19,24,13,13,0,0,0,1,1,0,40,0,0,5,9,3,11.0,0,0,5,8,4,12.5,1,7.6,2.6,0.32,Enrolled,1,0,0.6,0.4,0.8,0.19999999999999996,1.5,1,2.33
1,8,1,14,1,1,1,13,27,6,6,1,0,0,1,1,1,19,0,0,6,7,4,13.75,0,0,6,10,6,11.555555555555555,0,10.8,1.4,1.74,Graduate,2,0,0.6666666666666666,0.33333333333333337,1.0,0.0,-2.1944444444444446,2,1.5
1,1,1,11,1,1,1,22,27,2,2,0,0,0,1,1,0,27,0,0,6,6,6,10.666666666666666,0,0,6,8,4,11.25,0,10.8,1.4,1.74,Enrolled,1,0,1.0,0.0,0.6666666666666666,0.33333333333333337,0.5833333333333339,-2,0.0
2,13,1,13,1,1,1,22,27,10,7,0,0,0,1,1,0,43,0,0,7,7,0,0.0,0,0,8,13,2,13.15,0,16.2,0.3,-0.92,Dropout,0,1,0.0,1.0,0.25,0.75,13.15,2,5.5
1,14,1,17,0,1,1,22,27,10,10,0,0,0,1,1,0,31,0,1,5,6,5,13.833333333333334,0,0,5,7,5,15.4,0,9.4,-0.8,-3.12,Graduate,2,0,1.0,0.0,1.0,0.0,1.5666666666666664,0,0.58
1,15,1,4,1,14,1,23,1,19,25,1,0,1,1,1,0,26,0,0,6,6,0,0.0,0,0,6,7,0,0.0,0,8.9,1.4,3.51,Enrolled,1,0,0.0,1.0,0.0,1.0,0.0,0,6.75
1,12,1,17,0,1,1,22,28,28,16,0,0,0,1,1,0,34,0,0,5,5,5,15.8,0,0,5,5,5,16.8,0,8.9,1.4,3.51,Graduate,2,0,1.0,0.0,1.0,0.0,1.0,0,0.0
4,14,1,12,1,12,1,19,24,1,1,0,0,0,1,1,0,30,0,11,14,26,12,12.52608695652174,1,11,14,26,12,12.52608695652174,1,7.6,2.6,0.32,Graduate,2,0,0.8571428571428571,0.1428571428571429,0.8571428571428571,0.1428571428571429,0.0,0,2.03
2,12,1,12,1,12,1,23,28,8,9,0,0,0,1,1,0,36,0,0,7,9,6,12.783333333333331,0,0,8,11,0,0.0,0,16.2,0.3,-0.92,Dropout,0,1,0.8571428571428571,0.1428571428571429,0.0,1.0,-12.783333333333331,-6,1.17
1,4,1,17,0,3,1,22,27,7,8,0,0,1,0,1,0,46,0,0,5,5,0,0.0,0,0,5,5,1,10.0,0,11.1,0.6,2.02,Dropout,0,1,0.0,1.0,0.2,0.8,10.0,1,8.0
1,8,1,6,1,1,1,1,14,6,10,0,0,0,1,1,0,22,0,0,5,8,3,13.0,0,0,5,8,3,10.666666666666666,0,7.6,2.6,0.32,Graduate,2,0,0.6,0.4,0.6,0.4,-2.333333333333334,0,2.19
1,4,1,4,1,3,1,1,14,6,10,0,0,0,1,1,0,27,0,0,6,8,0,0.0,0,0,6,10,0,0.0,0,16.2,0.3,-0.92,Dropout,0,1,0.0,1.0,0.0,1.0,0.0,0,5.5
1,1,2,7,1,1,1,1,28,20,43,1,0,0,1,1,0,20,0,0,5,7,5,10.8,0,0,5,9,3,12.0,0,8.9,1.4,3.51,Enrolled,1,0,1.0,0.0,0.6,0.4,1.1999999999999993,-2,1.0
1,16,1,9,1,1,1,13,28,10,9,0,0,0,1,1,0,20,0,0,5,7,5,11.0,0,0,5,7,3,10.0,0,8.9,1.4,3.51,Enrolled,1,0,1.0,0.0,0.6,0.4,-1.0,-2,1.0
1,13,1,7,1,1,1,13,14,12,12,0,0,1,0,1,0,31,0,0,4,4,0,0.0,0,0,5,5,0,0.0,0,12.7,3.7,-1.7,Dropout,0,1,0.0,1.0,0.0,1.0,0.0,0,8.0
1,1,1,7,1,1,1,22,14,10,10,1,0,1,1,1,0,20,0,0,5,7,0,0.0,0,0,5,5,0,0.0,0,9.4,-0.8,-3.12,Enrolled,1,0,0.0,1.0,0.0,1.0,0.0,0,6.75
1,8,1,15,1,1,1,1,28,12,9,1,0,0,0,1,0,21,0,0,6,10,2,12.0,0,0,6,0,0,0.0,0,10.8,1.4,1.74,Dropout,0,1,0.3333333333333333,0.6666666666666667,0.0,1.0,-12.0,-2,4.05
1,8,1,9,1,1,1,13,14,10,8,0,0,0,1,1,0,21,0,0,5,7,4,10.75,0,0,5,10,2,11.0,3,16.2,0.3,-0.92,Dropout,0,1,0.8,0.19999999999999996,0.4,0.6,0.25,-2,1.5
1,1,1,9,1,1,1,1,4,10,11,0,0,0,1,1,0,19,0,0,5,8,5,11.6,0,0,5,10,4,13.5,3,16.2,0.3,-0.92,Graduate,2,0,1.0,0.0,0.8,0.19999999999999996,1.9000000000000004,-1,1.31
1,8,4,9,1,1,1,13,14,5,5,1,0,0,1,1,1,20,0,0,5,6,5,11.8,0,0,5,8,4,11.6,0,8.9,1.4,3.51,Graduate,2,0,1.0,0.0,0.8,0.19999999999999996,-0.20000000000000107,-1,0.58
1,1,1,4,1,1,1,23,1,10,5,0,0,0,1,1,0,18,0,0,6,7,6,16.0,0,0,6,6,6,15.166666666666666,0,12.4,0.5,1.79,Graduate,2,0,1.0,0.0,1.0,0.0,-0.8333333333333339,0,0.5
1,1,2,15,1,1,1,1,1,5,4,0,0,0,1,1,1,18,0,0,6,6,6,12.666666666666666,0,0,6,6,6,11.5,0,16.2,0.3,-0.92,Graduate,2,0,1.0,0.0,1.0,0.0,-1.166666666666666,0,0.0
1,12,1,12,1,1,1,1,2,22,21,0,0,1,1,1,0,30,0,0,7,12,4,14.4,0,0,7,9,6,13.5,0,12.4,0.5,1.79,Enrolled,1,0,0.5714285714285714,0.4285714285714286,0.8571428571428571,0.1428571428571429,-0.9000000000000004,2,3.58
1,12,1,11,1,12,1,13,14,4,2,0,0,1,0,1,0,34,0,0,6,6,0,0.0,0,0,6,6,0,0.0,0,15.5,2.8,-4.06,Dropout,0,1,0.0,1.0,0.0,1.0,0.0,0,8.0
1,8,1,14,1,1,1,13,14,29,36,0,0,1,0,1,0,21,0,0,6,11,4,12.25,0,0,6,9,4,13.4,0,11.1,0.6,2.02,Enrolled,1,0,0.6666666666666666,0.33333333333333337,0.6666666666666666,0.33333333333333337,1.1500000000000004,0,4.73
1,15,1,5,1,14,1,22,1,10,8,0,0,0,1,1,0,20,0,2,7,9,5,12.6,0,5,9,10,8,12.75,1,16.2,0.3,-0.92,Dropout,0,1,0.7142857142857143,0.2857142857142857,0.8888888888888888,0.11111111111111116,0.15000000000000036,3,1.56
1,1,1,12,1,1,1,22,27,10,10,0,0,0,1,1,0,18,0,0,8,8,7,13.4,0,0,8,8,7,13.4,0,12.7,3.7,-1.7,Graduate,2,0,0.875,0.125,0.875,0.125,0.0,0,0.44
1,1,1,2,1,1,1,1,1,5,4,1,0,1,1,1,0,21,0,0,0,0,0,0.0,0,0,0,0,0,0.0,0,16.2,0.3,-0.92,Dropout,0,1,0.0,1.0,0.0,1.0,0.0,0,6.75
2,13,1,4,1,1,1,3,1,3,3,0,0,0,1,1,0,26,0,0,6,9,1,10.0,0,0,6,6,0,0.0,0,12.4,0.5,1.79,Dropout,0,1,0.16666666666666666,0.8333333333333334,0.0,1.0,-10.0,-1,3.11
1,8,1,7,1,1,1,23,14,8,4,1,0,1,1,1,0,20,0,0,5,5,0,0.0,0,0,5,5,0,0.0,5,9.4,-0.8,-3.12,Dropout,0,1,0.0,1.0,0.0,1.0,0.0,0,6.75
1,15,1,4,1,14,1,1,28,2,10,0,0,0,1,1,0,25,0,0,6,16,3,11.25,0,0,6,14,4,11.2,0,15.5,2.8,-4.06,Dropout,0,1,0.5,0.5,0.6666666666666666,0.33333333333333337,-0.05000000000000071,1,2.84
1,8,1,14,1,1,1,1,1,5,5,0,0,0,1,1,0,19,0,0,5,10,0,0.0,0,0,5,5,0,0.0,0,7.6,2.6,0.32,Enrolled,1,0,0.0,1.0,0.0,1.0,0.0,0,5.5
1,12,2,9,1,1,1,13,5,5,2,1,0,0,1,1,0,24,0,0,5,8,3,10.666666666666666,1,0,5,5,1,14.0,0,9.4,-0.8,-3.12,Dropout,0,1,0.6,0.4,0.2,0.8,3.333333333333334,-2,2.59
1,1,1,8,1,1,1,3,3,3,3,0,0,0,1,1,0,20,0,0,5,7,4,11.75,0,0,5,5,5,13.4,0,7.6,2.6,0.32,Graduate,2,0,0.8,0.19999999999999996,1.0,0.0,1.6500000000000004,1,1.5
1,1,1,9,1,1,1,1,3,10,6,0,0,0,1,1,0,20,0,0,5,5,0,0.0,0,0,5,5,0,0.0,0,12.7,3.7,-1.7,Dropout,0,1,0.0,1.0,0.0,1.0,0.0,0,5.5
1,3,3,5,1,1,1,3,1,10,7,1,0,0,1,0,0,18,0,0,6,6,6,12.666666666666666,0,0,6,8,6,14.125,0,10.8,1.4,1.74,Graduate,2,0,1.0,0.0,1.0,0.0,1.458333333333334,0,0.0
4,12,1,13,1,1,1,13,3,10,3,0,0,0,1,0,0,25,0,0,7,14,7,11.95,0,0,8,15,7,12.042857142857144,0,12.7,3.7,-1.7,Enrolled,1,0,1.0,0.0,0.875,0.125,0.09285714285714519,0,1.75
1,8,1,11,1,1,1,23,27,10,7,1,0,0,1,0,0,22,0,0,6,7,5,14.0,0,0,6,6,6,15.666666666666666,0,11.1,0.6,2.02,Graduate,2,0,0.8333333333333334,0.16666666666666663,1.0,0.0,1.666666666666666,1,1.0
1,14,1,3,0,1,1,22,27,1,7,0,0,0,0,0,0,41,0,0,6,6,0,0.0,6,0,6,12,0,0.0,0,9.4,-0.8,-3.12,Dropout,0,1,0.0,1.0,0.0,1.0,0.0,0,8.75
1,1,2,9,1,1,1,22,28,8,10,0,0,1,1,0,1,19,0,0,5,11,2,11.5,0,0,5,10,0,0.0,0,12.7,3.7,-1.7,Dropout,0,1,0.4,0.6,0.0,1.0,-11.5,-2,4.11
1,14,1,8,1,1,1,3,3,4,5,1,0,0,1,0,0,21,0,0,6,10,6,12.0,0,0,6,12,5,12.8,0,13.9,-0.3,0.79,Graduate,2,0,1.0,0.0,0.8333333333333334,0.16666666666666663,0.8000000000000007,-1,1.4
1,12,1,6,1,1,1,1,1,6,6,1,0,1,1,0,0,30,0,0,6,7,6,16.428571428571427,0,0,6,7,6,16.666666666666668,0,13.9,-0.3,0.79,Dropout,0,1,1.0,0.0,1.0,0.0,0.2380952380952408,0,1.75
1,1,5,12,1,1,1,23,28,10,10,1,0,0,1,0,1,21,0,0,7,9,5,13.336000000000002,0,0,8,9,7,13.207142857142856,0,11.1,0.6,2.02,Graduate,2,0,0.7142857142857143,0.2857142857142857,0.875,0.125,-0.12885714285714656,2,1.56
2,12,2,13,1,1,1,13,28,10,10,0,0,0,1,0,1,26,0,0,7,7,0,0.0,0,0,8,8,0,0.0,6,10.8,1.4,1.74,Enrolled,1,0,0.0,1.0,0.0,1.0,0.0,0,5.5
1,6,1,14,1,1,14,1,1,10,5,0,0,0,1,0,0,21,1,2,7,9,7,14.666666666666666,0,1,6,8,6,14.0,0,11.1,0.6,2.02,Graduate,2,0,1.0,0.0,1.0,0.0,-0.6666666666666661,-1,0.78
1,1,1,12,1,1,1,1,1,4,5,1,0,0,1,0,0,18,0,0,8,8,7,14.115714285714288,0,0,8,8,7,14.115714285714288,0,10.8,1.4,1.74,Graduate,2,0,0.875,0.125,0.875,0.125,0.0,0,0.44
1,1,4,6,1,1,1,3,1,2,5,1,0,0,1,0,1,19,0,0,6,7,6,14.857142857142858,0,0,6,10,6,13.11111111111111,0,12.4,0.5,1.79,Graduate,2,0,1.0,0.0,1.0,0.0,-1.746031746031747,0,0.5
1,1,2,6,1,1,1,1,28,10,9,1,0,0,1,0,1,18,0,0,6,7,6,13.833333333333334,0,0,6,10,6,13.714285714285714,0,8.9,1.4,3.51,Graduate,2,0,1.0,0.0,1.0,0.0,-0.1190476190476204,0,0.5
1,8,2,9,1,1,1,2,3,3,3,1,0,0,1,0,0,19,0,0,5,10,3,11.0,0,0,5,9,4,11.75,0,12.7,3.7,-1.7,Enrolled,1,0,0.6,0.4,0.8,0.19999999999999996,0.75,1,2.45
1,14,1,6,1,1,1,3,3,3,6,0,0,0,1,0,0,21,0,0,6,11,4,11.75,0,0,6,12,3,13.666666666666666,0,13.9,-0.3,0.79,Enrolled,1,0,0.6666666666666666,0.33333333333333337,0.5,0.5,1.916666666666666,-1,2.23
1,8,2,9,1,1,1,13,1,10,4,1,0,0,1,0,1,18,0,0,5,15,2,10.0,0,0,5,14,2,12.0,0,13.9,-0.3,0.79,Dropout,0,1,0.4,0.6,0.4,0.6,2.0,0,3.03
1,12,1,12,1,1,1,22,27,8,8,1,0,0,1,0,1,24,0,0,8,15,6,12.415,0,0,8,15,6,12.415,0,10.8,1.4,1.74,Graduate,2,0,0.75,0.25,0.75,0.25,0.0,0,2.1
1,1,1,8,1,1,1,4,5,3,3,1,0,0,1,0,0,21,0,0,5,12,1,11.0,0,0,5,9,2,10.5,0,12.7,3.7,-1.7,Enrolled,1,0,0.2,0.8,0.4,0.6,-0.5,1,3.21
1,15,1,6,1,14,1,13,14,10,10,1,0,0,1,0,0,23,0,1,6,14,5,14.428571428571429,0,1,6,7,6,13.428571428571429,0,16.2,0.3,-0.92,Graduate,2,0,0.8333333333333334,0.16666666666666663,1.0,0.0,-1.0,1,2.25
1,8,2,12,1,1,1,23,14,6,8,1,0,0,1,0,1,18,0,0,8,8,7,14.312857142857142,0,0,8,8,7,14.312857142857142,0,10.8,1.4,1.74,Graduate,2,0,0.875,0.125,0.875,0.125,0.0,0,0.44
1,12,1,6,1,1,1,4,1,3,10,0,0,0,0,0,0,26,0,0,6,8,6,15.428571428571429,0,0,6,7,5,14.5,0,11.1,0.6,2.02,Enrolled,1,0,1.0,0.0,0.8333333333333334,0.16666666666666663,-0.9285714285714288,-1,2.12
1,1,1,8,1,1,1,23,28,6,9,1,0,0,1,0,0,20,0,0,5,9,4,12.0,1,0,5,6,5,13.4,0,9.4,-0.8,-3.12,Graduate,2,0,0.8,0.19999999999999996,1.0,0.0,1.4000000000000004,1,2.34
1,1,1,10,1,1,1,4,1,6,6,0,0,0,1,0,0,18,0,0,6,7,6,13.833333333333334,0,0,6,7,6,13.714285714285714,0,11.1,0.6,2.02,Graduate,2,0,1.0,0.0,1.0,0.0,-0.1190476190476204,0,0.5
1,1,1,10,1,1,1,2,10,4,11,1,0,0,1,0,0,20,0,0,6,6,6,12.166666666666666,0,0,6,7,6,12.142857142857142,0,11.1,0.6,2.02,Graduate,2,0,1.0,0.0,1.0,0.0,-0.023809523809523725,0,0.0
1,1,1,12,1,1,1,13,14,5,5,1,0,0,1,0,0,20,0,0,8,8,7,14.014285714285714,0,0,8,8,7,14.014285714285714,0,12.7,3.7,-1.7,Enrolled,1,0,0.875,0.125,0.875,0.125,0.0,0,0.44
1,8,2,10,1,1,1,1,14,5,11,1,1,0,1,0,0,18,0,0,6,15,2,10.333333333333334,3,0,6,13,3,13.333333333333334,0,12.7,3.7,-1.7,Enrolled,1,0,0.3333333333333333,0.6666666666666667,0.5,0.5,3.0,1,4.03
1,1,4,15,1,1,1,1,10,10,11,1,0,0,1,0,1,22,0,0,6,7,5,13.2,0,0,6,7,5,13.6,0,12.4,0.5,1.79,Graduate,2,0,0.8333333333333334,0.16666666666666663,0.8333333333333334,0.16666666666666663,0.40000000000000036,0,1.0
1,1,1,12,1,1,1,22,27,10,10,1,0,1,1,0,0,20,0,0,7,7,6,15.4,0,0,7,7,6,15.4,0,7.6,2.6,0.32,Graduate,2,0,0.8571428571428571,0.1428571428571429,0.8571428571428571,0.1428571428571429,0.0,0,1.75
1,8,4,12,1,1,1,1,27,10,10,1,0,0,1,0,1,19,0,0,7,7,7,13.385714285714286,0,0,8,8,8,15.925,0,13.9,-0.3,0.79,Graduate,2,0,1.0,0.0,1.0,0.0,2.5392857142857146,1,0.0
1,1,1,8,1,1,1,3,1,3,5,1,0,1,1,0,0,18,0,0,6,13,6,10.857142857142858,0,0,6,10,4,11.0,0,15.5,2.8,-4.06,Dropout,0,1,1.0,0.0,0.6666666666666666,0.33333333333333337,0.14285714285714235,-2,3.13
1,8,2,9,1,1,1,23,27,7,7,0,0,0,1,0,0,18,0,0,5,11,5,11.333333333333334,0,0,5,8,5,12.0,0,13.9,-0.3,0.79,Graduate,2,0,1.0,0.0,1.0,0.0,0.6666666666666661,0,1.91
1,1,4,6,1,1,1,22,1,10,10,1,0,0,1,0,1,19,0,0,5,7,4,14.5,0,0,5,5,5,13.6,0,10.8,1.4,1.74,Graduate,2,0,0.8,0.19999999999999996,1.0,0.0,-0.9000000000000004,1,1.5
1,1,2,5,1,1,1,13,28,10,10,1,0,0,1,0,1,19,0,0,6,6,6,14.166666666666666,0,0,6,8,6,12.375,0,10.8,1.4,1.74,Graduate,2,0,1.0,0.0,1.0,0.0,-1.791666666666666,0,0.0
1,8,1,3,0,1,1,19,24,1,1,0,0,0,1,0,0,24,0,0,6,7,6,12.833333333333334,0,0,6,8,6,12.0,0,7.6,2.6,0.32,Graduate,2,0,1.0,0.0,1.0,0.0,-0.8333333333333339,0,0.5
1,1,1,10,1,1,1,22,27,5,5,0,0,0,1,0,0,21,0,0,6,7,6,13.333333333333334,0,0,6,6,6,14.5,0,10.8,1.4,1.74,Graduate,2,0,1.0,0.0,1.0,0.0,1.166666666666666,0,0.5
1,1,1,10,1,1,1,1,1,4,4,1,0,0,1,0,1,20,0,0,6,7,6,13.666666666666666,0,0,6,7,6,14.571428571428571,0,11.1,0.6,2.02,Graduate,2,0,1.0,0.0,1.0,0.0,0.9047619047619051,0,0.5
1,12,1,11,1,1,1,13,14,5,8,0,0,1,0,0,1,28,0,0,6,6,6,10.833333333333334,0,0,6,7,5,11.0,0,13.9,-0.3,0.79,Dropout,0,1,1.0,0.0,0.8333333333333334,0.16666666666666663,0.16666666666666607,-1,2.5
1,1,2,16,1,1,1,22,14,10,9,1,0,0,1,0,0,21,0,0,6,7,6,13.428571428571429,0,0,6,8,6,13.142857142857142,0,7.6,2.6,0.32,Graduate,2,0,1.0,0.0,1.0,0.0,-0.2857142857142865,0,0.5
1,1,1,12,1,1,1,22,28,29,35,1,0,1,1,1,0,20,0,0,7,7,7,12.401428571428571,0,0,8,10,6,11.808333333333332,0,11.1,0.6,2.02,Enrolled,1,0,1.0,0.0,0.75,0.25,-0.5930952380952395,-1,1.25
1,13,1,4,1,1,1,3,2,3,7,0,0,0,0,1,0,36,0,0,6,8,0,0.0,0,0,6,10,0,0.0,0,16.2,0.3,-0.92,Dropout,0,1,0.0,1.0,0.0,1.0,0.0,0,6.75
2,12,1,17,0,1,1,22,27,10,10,0,0,0,0,1,0,42,0,0,4,4,0,0.0,0,0,5,0,0,0.0,0,12.7,3.7,-1.7,Dropout,0,1,0.0,1.0,0.0,1.0,0.0,0,6.75
2,12,1,17,0,1,1,22,27,10,8,0,0,0,1,1,0,47,0,0,5,9,4,11.5,0,0,5,6,5,11.6,1,7.6,2.6,0.32,Dropout,0,1,0.8,0.19999999999999996,1.0,0.0,0.09999999999999964,1,1.94
1,12,1,7,1,1,1,1,28,5,8,0,0,0,0,1,0,25,0,0,5,8,0,0.0,0,0,5,5,0,0.0,0,9.4,-0.8,-3.12,Dropout,0,1,0.0,1.0,0.0,1.0,0.0,0,6.75
1,12,1,14,1,9,1,1,27,4,6,0,0,0,1,1,1,25,0,0,6,8,6,14.142857142857142,0,0,6,6,6,13.5,0,15.5,2.8,-4.06,Graduate,2,0,1.0,0.0,1.0,0.0,-0.6428571428571423,0,0.88
2,12,1,3,0,12,1,13,27,7,9,0,0,0,1,1,0,48,0,0,6,6,0,0.0,0,0,5,6,0,0.0,0,12.4,0.5,1.79,Dropout,0,1,0.0,1.0,0.0,1.0,0.0,0,5.5
1,14,1,17,0,1,1,23,28,10,8,0,0,0,1,1,1,32,0,5,10,12,10,13.8,0,5,10,10,10,12.8,0,10.8,1.4,1.74,Graduate,2,0,1.0,0.0,1.0,0.0,-1.0,0,0.58
1,4,1,17,0,15,1,23,28,10,8,0,0,0,1,1,0,38,0,10,10,10,10,13.6,0,5,10,10,5,13.6,0,8.9,1.4,3.51,Dropout,0,1,1.0,0.0,0.5,0.5,0.0,-5,0.0
1,4,1,10,1,15,1,22,27,6,6,0,0,0,1,1,0,37,0,11,16,23,15,11.733333333333333,0,6,11,17,9,11.88888888888889,0,15.5,2.8,-4.06,Graduate,2,0,0.9375,0.0625,0.8181818181818182,0.18181818181818177,0.15555555555555678,-6,1.22
1,12,2,9,1,1,1,22,27,10,10,0,0,0,0,1,0,26,0,0,5,8,1,10.0,0,0,5,9,1,10.0,0,10.8,1.4,1.74,Dropout,0,1,0.2,0.8,0.2,0.8,0.0,0,4.31
1,15,1,6,1,14,1,3,5,3,3,0,0,0,1,1,0,23,0,0,6,19,0,0.0,0,0,6,6,0,0.0,0,13.9,-0.3,0.79,Dropout,0,1,0.0,1.0,0.0,1.0,0.0,0,5.5
1,15,1,4,1,14,1,23,14,4,6,0,0,0,1,1,0,23,0,0,6,6,0,0.0,0,0,6,8,0,0.0,0,15.5,2.8,-4.06,Enrolled,1,0,0.0,1.0,0.0,1.0,0.0,0,5.5
1,15,1,4,1,14,1,2,3,10,7,0,0,0,1,1,0,20,0,0,6,12,4,10.8,0,0,6,13,4,12.0,0,12.4,0.5,1.79,Enrolled,1,0,0.6666666666666666,0.33333333333333337,0.6666666666666666,0.33333333333333337,1.1999999999999993,0,2.33
1,12,1,12,1,4,1,3,28,4,8,1,0,0,1,1,0,26,0,2,7,8,6,13.046666666666669,0,2,8,10,7,13.30625,0,11.1,0.6,2.02,Dropout,0,1,0.8571428571428571,0.1428571428571429,0.875,0.125,0.2595833333333317,1,0.88
1,14,1,3,0,1,1,22,27,10,6,0,0,0,1,0,0,45,0,5,9,13,8,11.0,0,3,7,10,6,10.833333333333334,0,12.7,3.7,-1.7,Enrolled,1,0,0.8888888888888888,0.11111111111111116,0.8571428571428571,0.1428571428571429,-0.16666666666666607,-2,1.35
1,12,1,3,0,12,1,22,27,6,6,1,0,0,1,0,1,26,0,0,6,10,3,12.333333333333334,0,0,6,14,3,11.666666666666666,0,7.6,2.6,0.32,Enrolled,1,0,0.5,0.5,0.5,0.5,-0.6666666666666679,0,2.45
1,14,1,3,0,3,1,7,7,12,12,0,0,0,1,0,0,26,0,8,11,16,10,11.8,0,3,7,7,7,13.285714285714286,0,7.6,2.6,0.32,Graduate,2,0,0.9090909090909091,0.09090909090909094,1.0,0.0,1.4857142857142858,-3,1.31
1,12,1,17,0,1,1,22,27,10,10,0,0,0,1,0,0,25,0,0,5,8,3,11.0,0,0,5,8,3,11.25,0,10.8,1.4,1.74,Enrolled,1,0,0.6,0.4,0.6,0.4,0.25,0,2.19
1,7,4,12,1,1,1,1,1,5,5,1,0,0,1,0,0,18,0,0,8,8,8,13.11,0,0,8,8,8,13.11,0,9.4,-0.8,-3.12,Graduate,2,0,1.0,0.0,1.0,0.0,0.0,0,0.0
1,4,1,12,1,3,1,22,27,8,8,1,0,0,1,0,0,27,0,0,8,8,7,14.414285714285716,0,0,8,8,7,14.414285714285716,0,12.7,3.7,-1.7,Graduate,2,0,0.875,0.125,0.875,0.125,0.0,0,0.44
6,8,3,3,0,1,1,13,1,6,12,0,0,0,0,0,0,24,0,0,5,5,0,0.0,0,0,5,10,0,0.0,0,10.8,1.4,1.74,Dropout,0,1,0.0,1.0,0.0,1.0,0.0,0,6.75
1,8,1,9,1,1,1,23,14,7,11,1,0,0,1,0,0,20,0,0,5,8,5,12.333333333333334,0,0,5,7,5,12.2,0,15.5,2.8,-4.06,Graduate,2,0,1.0,0.0,1.0,0.0,-0.13333333333333464,0,1.31
1,1,1,12,1,1,1,1,14,10,9,1,0,0,1,0,1,18,0,0,7,9,0,0.0,0,0,7,8,1,10.0,0,15.5,2.8,-4.06,Dropout,0,1,0.0,1.0,0.14285714285714285,0.8571428571428572,10.0,1,5.5
1,8,6,13,1,1,1,13,28,8,8,1,0,0,1,0,1,18,0,0,7,9,7,14.1,0,0,8,8,8,13.3125,0,12.7,3.7,-1.7,Graduate,2,0,1.0,0.0,1.0,0.0,-0.7874999999999996,1,0.78
1,1,4,12,1,1,1,22,27,10,10,1,0,0,1,0,0,18,0,0,8,8,8,13.045,0,0,8,8,8,13.045,0,9.4,-0.8,-3.12,Graduate,2,0,1.0,0.0,1.0,0.0,0.0,0,0.0
1,1,1,12,1,1,1,13,27,4,9,1,0,0,1,1,0,19,0,0,8,10,5,12.858,3,0,8,10,5,12.858,3,9.4,-0.8,-3.12,Enrolled,1,0,0.625,0.375,0.625,0.375,0.0,0,2.5
1,13,3,12,1,1,1,1,1,5,5,1,0,0,1,0,1,19,0,0,8,8,8,14.2525,0,0,8,8,8,14.2525,0,9.4,-0.8,-3.12,Graduate,2,0,1.0,0.0,1.0,0.0,0.0,0,0.0
1,1,4,12,1,1,1,10,1,6,11,0,0,0,1,0,1,19,0,0,7,9,5,14.06,0,0,7,9,7,11.242857142857142,0,12.4,0.5,1.79,Enrolled,1,0,0.7142857142857143,0.2857142857142857,1.0,0.0,-2.8171428571428585,2,1.56
1,1,4,12,1,1,1,23,27,10,6,1,0,0,1,0,0,18,0,0,8,8,7,15.075714285714286,0,0,8,8,7,15.075714285714286,0,10.8,1.4,1.74,Graduate,2,0,0.875,0.125,0.875,0.125,0.0,0,0.44
1,8,2,2,1,1,1,13,27,10,10,1,0,0,1,0,1,18,0,0,0,0,0,0.0,0,0,0,0,0,0.0,0,12.7,3.7,-1.7,Enrolled,1,0,0.0,1.0,0.0,1.0,0.0,0,5.5
1,14,2,14,1,1,1,3,3,6,6,1,0,0,1,0,0,19,0,0,5,5,4,13.75,0,0,6,9,5,12.6,0,12.7,3.7,-1.7,Enrolled,1,0,0.8,0.19999999999999996,0.8333333333333334,0.16666666666666663,-1.1500000000000004,1,0.7
1,4,0,4,1,3,1,1,27,5,10,1,0,0,1,0,0,23,0,10,17,28,17,13.15,2,8,12,22,12,13.214285714285714,0,15.5,2.8,-4.06,Graduate,2,0,1.0,0.0,1.0,0.0,0.06428571428571317,-5,1.61
1,1,2,10,1,1,1,13,14,5,8,1,0,0,1,0,1,21,0,0,6,9,5,12.333333333333334,0,0,6,7,5,11.8,0,13.9,-0.3,0.79,Graduate,2,0,0.8333333333333334,0.16666666666666663,0.8333333333333334,0.16666666666666663,-0.5333333333333332,0,1.56
1,1,3,12,1,1,1,23,28,6,8,1,0,0,1,0,1,18,0,0,7,8,7,13.778571428571428,0,0,8,10,8,13.122222222222222,0,16.2,0.3,-0.92,Graduate,2,0,1.0,0.0,1.0,0.0,-0.6563492063492067,1,0.44
1,1,1,16,1,1,1,19,27,10,10,1,0,1,0,0,0,20,0,0,6,12,3,10.333333333333334,0,0,6,14,1,11.0,0,10.8,1.4,1.74,Dropout,0,1,0.5,0.5,0.16666666666666666,0.8333333333333334,0.6666666666666661,-2,5.12
1,14,1,15,1,1,1,13,27,6,6,1,0,0,1,0,0,23,0,0,6,11,3,11.333333333333334,0,0,6,7,2,11.0,0,16.2,0.3,-0.92,Enrolled,1,0,0.5,0.5,0.3333333333333333,0.6666666666666667,-0.3333333333333339,-1,2.55
1,1,1,10,1,1,1,22,27,10,8,1,0,0,1,0,0,20,0,0,6,7,5,13.2,0,0,6,6,6,12.666666666666666,0,10.8,1.4,1.74,Enrolled,1,0,0.8333333333333334,0.16666666666666663,1.0,0.0,-0.5333333333333332,1,1.0
1,1,1,5,1,1,1,22,27,6,8,0,0,0,1,0,1,18,0,1,6,8,6,13.571428571428571,1,0,6,11,6,12.375,0,13.9,-0.3,0.79,Graduate,2,0,1.0,0.0,1.0,0.0,-1.1964285714285712,0,1.21
1,1,1,3,0,1,1,22,27,10,8,0,0,0,1,0,0,29,0,8,11,14,11,12.75,0,3,7,7,7,13.428571428571429,0,9.4,-0.8,-3.12,Graduate,2,0,1.0,0.0,1.0,0.0,0.6785714285714288,-4,0.75
1,12,1,15,1,7,1,23,1,6,5,1,0,0,1,1,0,28,0,0,6,11,3,13.0,0,0,6,15,1,12.0,0,7.6,2.6,0.32,Dropout,0,1,0.5,0.5,0.16666666666666666,0.8333333333333334,-1.0,-2,2.55
1,1,3,14,1,1,1,22,27,8,8,1,0,0,1,1,0,19,0,0,5,7,3,11.333333333333334,0,0,5,7,4,11.0,0,9.4,-0.8,-3.12,Enrolled,1,0,0.6,0.4,0.8,0.19999999999999996,-0.3333333333333339,1,2.0
1,12,1,14,1,1,1,13,14,8,8,0,0,1,0,1,0,24,0,0,6,12,0,0.0,0,0,6,9,0,0.0,0,10.8,1.4,1.74,Dropout,0,1,0.0,1.0,0.0,1.0,0.0,0,8.0
1,12,1,2,1,1,1,22,27,10,8,0,0,1,1,1,1,33,0,0,0,0,0,0.0,0,0,0,0,0,0.0,0,15.5,2.8,-4.06,Dropout,0,1,0.0,1.0,0.0,1.0,0.0,0,6.75
1,8,1,9,1,1,1,13,27,6,8,1,0,0,0,1,0,19,0,0,5,7,2,12.5,0,0,5,13,1,11.0,0,9.4,-0.8,-3.12,Dropout,0,1,0.4,0.6,0.2,0.8,-1.5,-1,3.75
1,1,1,6,1,1,1,23,14,10,4,0,0,0,1,1,0,19,0,0,6,7,6,14.857142857142858,0,0,6,8,6,14.142857142857142,0,11.1,0.6,2.02,Graduate,2,0,1.0,0.0,1.0,0.0,-0.7142857142857153,0,0.5
4,12,1,3,0,1,1,22,27,8,8,0,0,0,1,1,0,37,0,3,9,13,8,12.0,0,2,7,8,7,11.571428571428571,0,12.7,3.7,-1.7,Graduate,2,0,0.8888888888888888,0.11111111111111116,1.0,0.0,-0.4285714285714288,-1,1.35
1,1,1,2,1,1,1,23,27,10,9,1,0,1,0,1,1,18,0,0,0,0,0,0.0,0,0,0,0,0,0.0,0,12.7,3.7,-1.7,Graduate,2,0,0.0,1.0,0.0,1.0,0.0,0,8.0
4,12,1,17,0,1,1,22,27,10,10,0,0,0,1,1,0,29,0,0,5,5,0,0.0,0,0,5,5,0,0.0,0,7.6,2.6,0.32,Enrolled,1,0,0.0,1.0,0.0,1.0,0.0,0,5.5
2,12,1,12,1,13,1,22,27,10,4,0,0,0,1,1,0,37,0,0,7,8,7,12.828571428571427,0,0,8,8,8,12.6875,0,13.9,-0.3,0.79,Graduate,2,0,1.0,0.0,1.0,0.0,-0.1410714285714274,1,0.44
1,12,1,12,1,1,1,22,27,10,10,0,0,0,1,1,0,36,0,0,7,0,0,0.0,0,0,8,0,0,0.0,0,12.4,0.5,1.79,Dropout,0,1,0.0,1.0,0.0,1.0,0.0,0,5.5
1,1,2,14,1,1,1,1,28,8,8,1,0,0,1,1,0,19,0,0,6,6,6,13.333333333333334,0,0,6,8,5,14.0,0,8.9,1.4,3.51,Graduate,2,0,1.0,0.0,0.8333333333333334,0.16666666666666663,0.6666666666666661,-1,0.0
1,13,1,12,1,1,1,13,1,10,4,1,0,0,1,1,1,33,0,6,14,20,14,13.072857142857144,6,6,14,20,14,13.072857142857144,6,9.4,-0.8,-3.12,Graduate,2,0,1.0,0.0,1.0,0.0,0.0,0,1.91
1,13,1,7,1,1,1,1,1,6,8,0,0,0,0,1,0,34,0,2,7,13,5,12.0,0,2,7,7,3,11.0,0,15.5,2.8,-4.06,Dropout,0,1,0.7142857142857143,0.2857142857142857,0.42857142857142855,0.5714285714285714,-1.0,-2,3.4
1,1,1,11,1,1,1,3,14,4,9,1,0,0,1,0,0,18,0,0,6,6,6,15.5,0,0,6,6,6,16.0,0,12.4,0.5,1.79,Graduate,2,0,1.0,0.0,1.0,0.0,0.5,0,0.0
1,15,1,8,1,14,1,3,1,3,5,1,0,0,1,0,0,20,0,0,6,6,0,0.0,0,0,6,6,0,0.0,0,12.4,0.5,1.79,Dropout,0,1,0.0,1.0,0.0,1.0,0.0,0,5.5
1,1,1,15,1,1,1,13,27,5,8,0,0,0,1,0,1,19,0,0,6,7,6,14.714285714285714,0,0,6,6,6,15.166666666666666,0,13.9,-0.3,0.79,Graduate,2,0,1.0,0.0,1.0,0.0,0.45238095238095255,0,0.5
1,1,3,6,1,1,1,13,14,10,2,1,0,0,1,0,0,20,0,0,6,7,6,16.714285714285715,0,0,6,6,6,15.333333333333334,0,13.9,-0.3,0.79,Graduate,2,0,1.0,0.0,1.0,0.0,-1.3809523809523814,0,0.5
1,1,1,10,1,1,1,13,14,10,10,1,0,0,1,0,1,19,0,0,6,9,6,10.857142857142858,0,0,6,7,6,11.666666666666666,0,12.4,0.5,1.79,Graduate,2,0,1.0,0.0,1.0,0.0,0.8095238095238084,0,1.17
1,1,4,12,1,1,1,13,14,10,10,1,0,0,1,0,0,19,0,0,7,8,6,11.658333333333331,0,0,8,11,6,12.416666666666666,0,12.4,0.5,1.79,Graduate,2,0,0.8571428571428571,0.1428571428571429,0.75,0.25,0.7583333333333346,0,0.88
1,9,2,15,1,1,10,22,14,10,8,1,0,0,1,0,1,22,1,0,6,8,5,11.6,0,0,6,7,6,12.0,0,9.4,-0.8,-3.12,Graduate,2,0,0.8333333333333334,0.16666666666666663,1.0,0.0,0.40000000000000036,1,1.31
1,1,1,14,1,1,1,10,10,6,8,1,0,0,1,0,0,18,0,0,6,8,6,14.625,0,0,6,9,6,14.142857142857142,0,11.1,0.6,2.02,Enrolled,1,0,1.0,0.0,1.0,0.0,-0.48214285714285765,0,0.88
1,1,1,15,1,1,1,1,28,10,10,0,0,0,1,0,1,18,0,0,6,6,6,12.166666666666666,0,0,6,8,6,12.666666666666666,0,12.4,0.5,1.79,Graduate,2,0,1.0,0.0,1.0,0.0,0.5,0,0.0
1,1,3,12,1,1,1,1,14,17,40,1,0,0,1,0,0,19,0,0,7,12,4,13.375,0,0,7,8,6,12.116666666666667,0,12.4,0.5,1.79,Enrolled,1,0,0.5714285714285714,0.4285714285714286,0.8571428571428571,0.1428571428571429,-1.2583333333333329,2,2.33
1,1,1,16,1,1,1,23,27,10,10,0,0,0,1,0,1,19,0,0,6,6,6,12.5,0,0,6,6,6,12.833333333333334,0,12.7,3.7,-1.7,Graduate,2,0,1.0,0.0,1.0,0.0,0.3333333333333339,0,0.0
1,12,1,12,1,1,1,13,1,2,12,1,0,1,0,0,0,31,0,0,7,8,5,12.56,0,0,7,8,5,12.56,0,7.6,2.6,0.32,Dropout,0,1,0.7142857142857143,0.2857142857142857,0.7142857142857143,0.2857142857142857,0.0,0,3.81
1,8,5,12,1,1,1,1,1,5,4,1,0,0,1,0,0,18,0,0,7,7,7,13.19,0,0,8,8,8,14.23125,0,11.1,0.6,2.02,Graduate,2,0,1.0,0.0,1.0,0.0,1.0412499999999998,1,0.0
1,1,1,10,1,1,1,1,14,10,10,0,0,1,1,0,1,19,0,0,6,11,3,11.0,0,0,6,9,4,11.25,0,10.8,1.4,1.74,Graduate,2,0,0.5,0.5,0.6666666666666666,0.33333333333333337,0.25,1,3.8
1,1,1,2,1,1,1,3,28,3,11,1,0,0,1,0,0,18,0,0,0,0,0,0.0,0,0,0,0,0,0.0,0,13.9,-0.3,0.79,Graduate,2,0,0.0,1.0,0.0,1.0,0.0,0,5.5
1,8,1,10,1,1,1,22,28,10,6,0,0,0,1,0,1,19,0,0,6,11,5,11.6,0,0,6,10,6,11.714285714285714,0,15.5,2.8,-4.06,Graduate,2,0,0.8333333333333334,0.16666666666666663,1.0,0.0,0.11428571428571388,1,1.91
1,1,1,12,1,1,1,13,14,10,7,0,0,0,1,0,0,19,0,0,7,7,6,14.266666666666666,0,0,7,7,6,14.266666666666666,0,7.6,2.6,0.32,Graduate,2,0,0.8571428571428571,0.1428571428571429,0.8571428571428571,0.1428571428571429,0.0,0,0.5
1,1,1,9,1,1,1,22,27,10,8,0,0,0,1,0,1,19,0,0,5,6,4,11.0,0,0,5,9,4,13.857142857142858,0,10.8,1.4,1.74,Enrolled,1,0,0.8,0.19999999999999996,0.8,0.19999999999999996,2.8571428571428577,0,1.17
2,4,1,3,0,3,1,22,24,1,1,0,0,0,1,0,0,30,0,8,10,11,9,12.666666666666666,0,3,7,7,7,12.428571428571429,1,7.6,2.6,0.32,Graduate,2,0,0.9,0.09999999999999998,1.0,0.0,-0.23809523809523725,-2,0.64
1,14,1,15,1,1,1,13,1,6,6,1,0,0,1,0,0,18,0,0,6,6,0,0.0,0,0,6,10,3,11.0,0,16.2,0.3,-0.92,Enrolled,1,0,0.0,1.0,0.5,0.5,11.0,3,5.5
1,9,6,12,1,1,1,1,1,4,7,1,0,0,1,0,0,18,0,0,8,11,7,12.771428571428572,0,0,8,11,7,12.771428571428572,0,12.7,3.7,-1.7,Graduate,2,0,0.875,0.125,0.875,0.125,0.0,0,1.27
1,9,5,6,1,1,1,5,3,3,4,1,0,0,1,0,0,21,0,0,5,12,0,0.0,3,0,5,5,0,0.0,0,12.7,3.7,-1.7,Dropout,0,1,0.0,1.0,0.0,1.0,0.0,0,6.7
1,15,1,10,1,1,1,1,28,5,10,0,0,0,1,0,1,19,0,3,6,6,6,15.5,0,2,6,7,6,13.571428571428571,0,13.9,-0.3,0.79,Graduate,2,0,1.0,0.0,1.0,0.0,-1.9285714285714288,0,0.0
1,8,1,14,1,1,1,1,1,5,5,1,0,0,1,0,1,19,0,0,6,7,6,13.285714285714286,0,0,6,9,5,14.6,0,12.4,0.5,1.79,Enrolled,1,0,1.0,0.0,0.8333333333333334,0.16666666666666663,1.3142857142857132,-1,0.5
1,1,5,12,1,1,1,3,14,5,9,1,0,0,1,0,0,19,0,0,7,11,5,11.716666666666669,0,0,7,8,5,13.7,0,13.9,-0.3,0.79,Enrolled,1,0,0.7142857142857143,0.2857142857142857,0.7142857142857143,0.2857142857142857,1.9833333333333307,0,1.91
1,8,1,8,1,1,1,13,14,5,5,1,0,0,1,0,0,19,0,0,6,8,6,11.333333333333334,0,0,6,12,4,13.75,0,8.9,1.4,3.51,Dropout,0,1,1.0,0.0,0.6666666666666666,0.33333333333333337,2.416666666666666,-2,0.88
1,1,2,14,1,1,1,1,14,5,8,1,0,0,1,0,1,19,0,0,6,6,6,13.333333333333334,0,0,6,10,5,13.4,0,8.9,1.4,3.51,Graduate,2,0,1.0,0.0,0.8333333333333334,0.16666666666666663,0.06666666666666643,-1,0.0
2,12,1,17,0,1,1,22,27,10,7,0,0,0,1,0,1,39,0,0,5,13,4,12.333333333333334,0,0,5,14,2,10.0,4,16.2,0.3,-0.92,Graduate,2,0,0.8,0.19999999999999996,0.4,0.6,-2.333333333333334,-2,2.42
1,1,2,5,1,1,1,3,4,3,3,1,0,0,1,0,0,18,0,0,6,6,6,12.333333333333334,0,0,6,6,6,12.833333333333334,0,7.6,2.6,0.32,Enrolled,1,0,1.0,0.0,1.0,0.0,0.5,0,0.0
1,8,1,2,1,1,1,3,1,10,10,1,0,0,1,0,0,20,0,0,0,0,0,0.0,0,0,0,0,0,0.0,0,12.7,3.7,-1.7,Dropout,0,1,0.0,1.0,0.0,1.0,0.0,0,5.5
1,8,5,9,1,1,1,13,28,4,11,1,0,0,1,0,0,19,0,0,5,8,5,12.6,0,0,5,9,4,11.6,0,8.9,1.4,3.51,Graduate,2,0,1.0,0.0,0.8,0.19999999999999996,-1.0,-1,1.31
1,8,3,9,1,1,1,1,1,5,8,1,0,0,1,0,0,18,0,0,5,5,5,12.6,0,0,5,5,4,11.0,0,11.1,0.6,2.02,Enrolled,1,0,1.0,0.0,0.8,0.19999999999999996,-1.5999999999999996,-1,0.0
2,12,1,4,1,1,1,3,3,3,3,0,0,1,0,0,0,34,0,1,6,10,6,14.333333333333334,0,0,6,9,6,12.833333333333334,0,11.1,0.6,2.02,Enrolled,1,0,1.0,0.0,1.0,0.0,-1.5,0,3.9
1,1,2,14,1,1,1,22,27,10,10,0,0,0,1,0,0,22,0,0,5,8,3,12.0,0,0,5,9,2,11.0,1,7.6,2.6,0.32,Enrolled,1,0,0.6,0.4,0.4,0.6,-1.0,-1,2.19
1,12,1,6,1,1,1,13,14,8,8,1,0,0,1,0,0,24,0,0,6,7,6,14.857142857142858,0,0,6,10,5,13.6,0,13.9,-0.3,0.79,Graduate,2,0,1.0,0.0,0.8333333333333334,0.16666666666666663,-1.257142857142858,-1,0.5
2,14,1,9,1,1,1,13,27,8,11,0,0,0,1,0,0,34,0,12,15,17,12,11.916666666666666,0,11,13,13,11,13.181818181818182,0,7.6,2.6,0.32,Graduate,2,0,0.8,0.19999999999999996,0.8461538461538461,0.15384615384615385,1.2651515151515156,-1,1.03
2,12,1,17,0,1,1,19,24,1,1,1,0,0,1,0,0,46,0,0,5,5,0,0.0,0,0,5,5,0,0.0,0,7.6,2.6,0.32,Dropout,0,1,0.0,1.0,0.0,1.0,0.0,0,5.5
2,12,2,9,1,1,1,22,27,10,9,0,0,0,1,0,0,50,0,0,5,12,3,13.333333333333334,1,0,5,8,5,12.2,0,9.4,-0.8,-3.12,Enrolled,1,0,0.6,0.4,1.0,0.0,-1.1333333333333346,2,3.02
1,12,1,17,0,1,1,22,27,10,6,0,0,0,0,0,0,37,0,0,5,5,0,0.0,0,0,5,5,0,0.0,0,15.5,2.8,-4.06,Dropout,0,1,0.0,1.0,0.0,1.0,0.0,0,6.75
1,1,2,6,1,1,1,23,14,5,10,1,0,0,1,0,0,18,0,0,6,6,6,17.0,0,0,6,6,6,15.5,0,8.9,1.4,3.51,Graduate,2,0,1.0,0.0,1.0,0.0,-1.5,0,0.0
1,12,1,6,1,1,1,22,27,7,7,0,0,0,1,0,1,25,0,0,6,13,3,11.666666666666666,0,0,6,14,2,11.333333333333334,0,11.1,0.6,2.02,Enrolled,1,0,0.5,0.5,0.3333333333333333,0.6666666666666667,-0.33333333333333215,-1,2.69
2,12,1,4,1,1,1,22,27,10,7,0,0,0,1,0,0,46,0,14,19,24,19,12.210526315789474,0,11,13,13,13,11.384615384615383,0,15.5,2.8,-4.06,Graduate,2,0,1.0,0.0,1.0,0.0,-0.8259109311740911,-6,0.73
2,12,1,5,1,1,1,3,1,3,6,0,0,0,1,0,1,30,0,1,6,8,6,13.0,1,0,6,9,5,12.857142857142858,0,13.9,-0.3,0.79,Graduate,2,0,1.0,0.0,0.8333333333333334,0.16666666666666663,-0.14285714285714235,-1,1.21
4,1,1,17,0,1,1,22,27,10,10,0,0,1,0,0,0,37,0,0,5,0,0,0.0,0,0,5,0,0,0.0,0,12.7,3.7,-1.7,Dropout,0,1,0.0,1.0,0.0,1.0,0.0,0,8.0
2,12,1,17,0,1,1,22,27,10,10,0,0,0,1,0,0,50,0,0,5,9,2,10.5,0,0,5,7,3,11.0,0,12.7,3.7,-1.7,Enrolled,1,0,0.4,0.6,0.6,0.4,0.5,1,2.72
1,15,1,4,1,14,1,23,28,10,7,1,0,0,1,0,0,20,0,0,6,7,6,13.571428571428571,0,0,6,9,6,12.714285714285714,0,12.4,0.5,1.79,Graduate,2,0,1.0,0.0,1.0,0.0,-0.8571428571428577,0,0.5
2,12,2,13,1,9,1,19,24,13,13,0,0,0,1,0,0,39,0,0,3,7,1,14.0,0,0,2,4,0,0.0,0,11.1,0.6,2.02,Dropout,0,1,0.3333333333333333,0.6666666666666667,0.0,1.0,-14.0,-1,3.0
2,12,1,15,1,12,1,22,27,10,7,0,0,0,0,0,0,53,0,0,5,5,0,0.0,0,0,4,5,0,0.0,0,15.5,2.8,-4.06,Dropout,0,1,0.0,1.0,0.0,1.0,0.0,0,6.75
2,13,1,9,1,1,1,22,27,10,10,1,0,0,1,0,0,54,0,13,15,20,13,12.461538461538462,1,10,13,13,10,11.1,1,15.5,2.8,-4.06,Dropout,0,1,0.8666666666666667,0.1333333333333333,0.7692307692307693,0.23076923076923073,-1.361538461538462,-3,1.36
1,15,1,6,1,14,1,3,3,5,3,1,0,0,1,0,0,19,0,0,6,8,4,14.4,0,0,6,6,5,13.0,0,13.9,-0.3,0.79,Graduate,2,0,0.6666666666666666,0.33333333333333337,0.8333333333333334,0.16666666666666663,-1.4000000000000004,1,1.75
1,9,2,15,1,1,1,1,1,5,5,1,0,0,0,0,0,20,0,0,6,6,0,0.0,0,0,6,0,0,0.0,0,8.9,1.4,3.51,Dropout,0,1,0.0,1.0,0.0,1.0,0.0,0,6.75
1,1,3,15,1,1,1,1,27,5,6,1,0,1,1,0,0,18,0,0,6,6,6,14.333333333333334,0,0,6,6,6,14.166666666666666,0,8.9,1.4,3.51,Graduate,2,0,1.0,0.0,1.0,0.0,-0.16666666666666785,0,1.25
1,17,1,4,1,16,1,1,1,22,29,0,0,1,1,0,0,21,0,7,13,21,11,11.909090909090908,0,5,11,14,11,10.727272727272728,0,8.9,1.4,3.51,Graduate,2,0,0.8461538461538461,0.15384615384615385,1.0,0.0,-1.1818181818181799,0,2.92
1,9,3,5,1,1,1,1,1,6,4,1,0,0,1,0,0,18,0,1,6,8,6,13.714285714285714,1,0,6,8,6,14.375,0,13.9,-0.3,0.79,Graduate,2,0,1.0,0.0,1.0,0.0,0.6607142857142865,0,1.21
1,1,1,12,1,1,1,13,14,10,11,1,0,1,1,0,0,19,0,0,7,0,0,0.0,0,0,8,0,0,0.0,0,11.1,0.6,2.02,Dropout,0,1,0.0,1.0,0.0,1.0,0.0,0,6.75
1,8,1,12,1,1,1,1,1,10,10,1,0,0,1,0,1,18,0,0,7,10,5,13.46,0,0,7,8,7,12.2375,0,11.1,0.6,2.02,Dropout,0,1,0.7142857142857143,0.2857142857142857,1.0,0.0,-1.2225000000000001,2,1.75
1,1,1,15,1,1,1,1,3,4,4,1,0,0,1,0,0,19,0,0,6,6,6,15.0,0,0,6,6,6,13.333333333333334,0,11.1,0.6,2.02,Graduate,2,0,1.0,0.0,1.0,0.0,-1.666666666666666,0,0.0
1,1,1,2,1,1,1,1,1,5,4,1,0,0,1,0,1,18,0,0,0,0,0,0.0,0,0,0,0,0,0.0,0,13.9,-0.3,0.79,Dropout,0,1,0.0,1.0,0.0,1.0,0.0,0,5.5
1,1,2,14,1,1,1,2,1,5,5,1,0,0,1,0,0,19,0,0,6,7,5,13.4,0,0,6,6,5,12.8,0,12.7,3.7,-1.7,Graduate,2,0,0.8333333333333334,0.16666666666666663,0.8333333333333334,0.16666666666666663,-0.5999999999999996,0,1.0
4,14,1,3,0,9,1,19,24,1,1,1,0,0,1,0,0,48,0,0,6,9,5,13.0,0,0,6,10,4,12.5,0,7.6,2.6,0.32,Enrolled,1,0,0.8333333333333334,0.16666666666666663,0.6666666666666666,0.33333333333333337,-0.5,-1,1.56
4,14,1,10,1,1,1,22,27,10,10,0,0,1,1,0,0,34,0,0,6,13,4,11.25,0,0,6,8,4,13.75,0,13.9,-0.3,0.79,Graduate,2,0,0.6666666666666666,0.33333333333333337,0.6666666666666666,0.33333333333333337,2.5,0,3.67
1,1,1,6,1,1,1,3,3,3,3,0,0,0,1,0,0,18,0,0,5,5,5,12.6,0,0,5,7,5,11.6,0,7.6,2.6,0.32,Graduate,2,0,1.0,0.0,1.0,0.0,-1.0,0,0.0
2,12,1,3,0,1,1,22,27,10,10,0,0,0,1,0,0,50,0,0,6,8,6,12.666666666666666,0,0,6,6,6,11.833333333333334,0,10.8,1.4,1.74,Graduate,2,0,1.0,0.0,1.0,0.0,-0.8333333333333321,0,0.88
1,14,1,16,1,1,1,22,27,7,7,0,0,1,1,0,0,41,0,20,21,23,21,12.333333333333334,0,19,19,19,19,12.105263157894736,0,12.4,0.5,1.79,Graduate,2,0,1.0,0.0,1.0,0.0,-0.22807017543859764,-2,1.55
1,8,2,15,1,1,1,1,1,6,6,1,0,0,1,0,1,22,0,0,6,11,5,12.0,0,0,6,11,5,11.0,0,7.6,2.6,0.32,Dropout,0,1,0.8333333333333334,0.16666666666666663,0.8333333333333334,0.16666666666666663,-1.0,0,1.91
4,12,1,9,1,1,1,22,27,10,10,0,0,0,1,0,0,43,0,0,5,5,5,16.4,0,0,5,5,5,16.6,0,7.6,2.6,0.32,Graduate,2,0,1.0,0.0,1.0,0.0,0.20000000000000284,0,0.0
2,12,1,3,0,12,1,3,14,12,12,0,0,0,1,0,0,50,0,0,1,1,0,0.0,1,0,6,0,0,0.0,0,10.8,1.4,1.74,Dropout,0,1,0.0,1.0,0.0,1.0,0.0,0,7.5
1,12,1,4,1,12,1,22,27,10,10,0,0,0,1,0,0,60,0,0,6,10,6,12.75,0,0,6,6,4,14.75,0,13.9,-0.3,0.79,Graduate,2,0,1.0,0.0,0.6666666666666666,0.33333333333333337,2.0,-2,1.4
2,12,1,9,1,1,1,22,27,10,11,0,0,0,1,0,0,41,0,0,5,14,4,14.5,1,0,5,12,5,13.0,0,9.4,-0.8,-3.12,Enrolled,1,0,0.8,0.19999999999999996,1.0,0.0,-1.5,1,2.9
2,12,1,17,0,12,1,22,27,10,10,0,0,0,1,0,0,47,0,0,5,5,5,14.8,0,0,5,5,5,14.4,0,7.6,2.6,0.32,Graduate,2,0,1.0,0.0,1.0,0.0,-0.40000000000000036,0,0.0
1,1,1,2,1,3,1,3,3,3,3,0,0,0,1,0,0,22,0,12,17,22,17,10.36842105263158,0,14,17,18,17,11.5,0,11.1,0.6,2.02,Graduate,2,0,1.0,0.0,1.0,0.0,1.1315789473684195,0,0.8
2,12,1,12,1,1,1,22,27,10,7,0,0,0,1,0,0,41,0,0,7,0,0,0.0,0,0,8,0,0,0.0,0,10.8,1.4,1.74,Dropout,0,1,0.0,1.0,0.0,1.0,0.0,0,5.5
2,14,1,17,0,1,1,23,27,6,7,0,0,0,1,0,0,28,0,6,10,15,6,10.666666666666666,0,5,10,17,9,11.333333333333334,1,7.6,2.6,0.32,Enrolled,1,0,0.6,0.4,0.9,0.09999999999999998,0.6666666666666679,3,2.1
5,13,1,11,1,2,1,22,27,5,10,0,0,0,1,0,0,32,0,9,15,21,13,12.692307692307692,0,12,15,22,13,12.384615384615383,0,10.8,1.4,1.74,Graduate,2,0,0.8666666666666667,0.1333333333333333,0.8666666666666667,0.1333333333333333,-0.3076923076923084,0,1.33
2,12,1,17,0,9,1,22,24,12,12,1,0,0,1,0,0,50,0,0,5,0,0,0.0,0,0,5,0,0,0.0,0,7.6,2.6,0.32,Dropout,0,1,0.0,1.0,0.0,1.0,0.0,0,5.5
1,16,1,9,1,1,1,1,27,10,11,0,0,0,1,0,0,53,0,14,15,15,15,11.8,0,12,13,13,12,11.666666666666666,1,8.9,1.4,3.51,Enrolled,1,0,1.0,0.0,0.9230769230769231,0.07692307692307687,-0.13333333333333464,-3,0.0
1,12,1,13,1,1,3,3,3,5,5,0,0,1,0,0,0,54,1,0,7,7,0,0.0,0,0,5,10,0,0.0,0,12.4,0.5,1.79,Dropout,0,1,0.0,1.0,0.0,1.0,0.0,0,8.0
1,12,1,3,0,1,1,22,27,10,8,0,0,0,1,0,0,49,0,0,6,9,5,12.333333333333334,0,0,6,12,4,11.5,0,13.9,-0.3,0.79,Enrolled,1,0,0.8333333333333334,0.16666666666666663,0.6666666666666666,0.33333333333333337,-0.8333333333333339,-1,1.56
2,13,1,16,1,1,1,22,27,5,8,0,0,0,1,0,0,34,0,6,12,18,11,13.0,0,4,13,22,8,11.875,0,12.7,3.7,-1.7,Dropout,0,1,0.9166666666666666,0.08333333333333337,0.6153846153846154,0.3846153846153846,-1.125,-3,1.36
4,12,1,3,0,1,1,23,27,6,8,0,0,0,1,0,0,45,0,0,6,13,4,12.5,0,0,6,8,3,11.666666666666666,0,16.2,0.3,-0.92,Dropout,0,1,0.6666666666666666,0.33333333333333337,0.5,0.5,-0.8333333333333339,-1,2.42
4,12,1,3,0,12,1,22,27,10,8,0,0,0,1,0,1,47,0,0,6,8,5,12.2,0,0,6,10,4,11.25,0,12.4,0.5,1.79,Graduate,2,0,0.8333333333333334,0.16666666666666663,0.6666666666666666,0.33333333333333337,-0.9499999999999993,-1,1.31
1,14,1,10,1,1,1,13,14,6,6,1,0,0,1,0,0,22,0,5,10,15,8,11.0,0,2,7,16,5,11.2,0,9.4,-0.8,-3.12,Enrolled,1,0,0.8,0.19999999999999996,0.7142857142857143,0.2857142857142857,0.1999999999999993,-3,1.63
2,12,1,17,0,1,1,22,27,10,10,0,0,0,1,0,0,33,0,0,5,14,1,10.0,0,0,5,13,2,12.0,0,12.4,0.5,1.79,Dropout,0,1,0.2,0.8,0.4,0.6,2.0,1,3.25
2,12,1,3,0,1,1,22,27,10,10,0,0,0,1,0,1,43,0,0,6,7,6,12.333333333333334,0,0,6,8,6,11.5,0,8.9,1.4,3.51,Graduate,2,0,1.0,0.0,1.0,0.0,-0.8333333333333339,0,0.5
1,4,1,4,1,3,1,22,27,7,7,0,0,0,1,0,0,54,0,9,13,13,13,14.307692307692308,0,5,12,15,12,15.23076923076923,0,15.5,2.8,-4.06,Graduate,2,0,1.0,0.0,1.0,0.0,0.9230769230769216,-1,0.0
1,12,1,3,0,2,1,22,27,6,8,0,0,0,1,0,0,39,0,7,11,13,11,14.454545454545457,0,6,8,8,8,13.5,0,12.7,3.7,-1.7,Graduate,2,0,1.0,0.0,1.0,0.0,-0.9545454545454568,-3,0.54
2,12,1,17,0,1,1,22,27,10,10,0,0,0,1,0,0,39,0,0,5,6,5,11.0,0,0,5,5,5,13.2,0,7.6,2.6,0.32,Graduate,2,0,1.0,0.0,1.0,0.0,2.1999999999999993,0,0.58
1,1,1,16,1,1,1,13,27,10,10,0,0,0,1,0,1,18,0,0,6,8,6,13.142857142857142,0,0,6,6,6,12.833333333333334,0,15.5,2.8,-4.06,Graduate,2,0,1.0,0.0,1.0,0.0,-0.3095238095238084,0,0.88
1,8,1,10,1,1,1,22,27,10,8,0,0,0,1,0,1,19,0,0,6,8,6,13.75,0,0,6,7,6,11.857142857142858,0,16.2,0.3,-0.92,Graduate,2,0,1.0,0.0,1.0,0.0,-1.8928571428571423,0,0.88
1,8,4,14,1,1,1,23,14,10,7,1,0,0,1,0,1,18,0,0,6,6,6,14.0,0,0,6,9,5,13.8,0,8.9,1.4,3.51,Graduate,2,0,1.0,0.0,0.8333333333333334,0.16666666666666663,-0.1999999999999993,-1,0.0
2,12,1,3,0,9,1,19,24,1,1,0,0,0,1,0,0,44,0,5,8,13,8,13.75,0,2,6,9,6,12.5,0,7.6,2.6,0.32,Graduate,2,0,1.0,0.0,1.0,0.0,-1.25,-2,1.35
1,12,1,17,0,1,1,3,1,4,10,0,0,0,1,0,0,27,0,0,5,5,0,0.0,0,0,5,6,0,0.0,0,12.4,0.5,1.79,Dropout,0,1,0.0,1.0,0.0,1.0,0.0,0,5.5
1,1,2,14,1,1,1,1,14,5,8,1,0,0,1,0,1,18,0,0,6,6,6,13.166666666666666,0,0,6,8,6,12.428571428571429,0,8.9,1.4,3.51,Graduate,2,0,1.0,0.0,1.0,0.0,-0.7380952380952372,0,0.0
2,14,1,3,0,1,1,19,24,1,1,0,0,0,1,0,0,45,0,10,12,12,9,12.444444444444445,3,4,7,8,6,12.0,0,9.4,-0.8,-3.12,Dropout,0,1,0.75,0.25,0.8571428571428571,0.1428571428571429,-0.44444444444444464,-3,1.38
1,8,4,16,1,1,1,23,27,10,10,1,0,0,1,0,0,20,0,0,6,7,6,12.666666666666666,0,0,6,7,5,13.0,0,7.6,2.6,0.32,Graduate,2,0,1.0,0.0,0.8333333333333334,0.16666666666666663,0.3333333333333339,-1,0.5
2,1,1,3,0,1,1,22,27,10,10,0,0,0,1,0,0,40,0,0,6,7,6,11.333333333333334,0,0,6,7,6,10.5,0,10.8,1.4,1.74,Graduate,2,0,1.0,0.0,1.0,0.0,-0.8333333333333339,0,0.5
1,12,1,17,0,1,1,22,27,7,7,0,0,0,1,0,0,40,0,0,5,9,4,11.25,0,0,5,6,5,12.0,0,13.9,-0.3,0.79,Enrolled,1,0,0.8,0.19999999999999996,1.0,0.0,0.75,1,1.94
1,14,1,12,1,1,1,3,3,3,3,0,0,0,1,0,0,18,0,0,7,8,7,13.6125,0,0,8,8,8,14.575,0,13.9,-0.3,0.79,Graduate,2,0,1.0,0.0,1.0,0.0,0.9624999999999986,1,0.44
1,9,6,12,1,1,1,3,14,4,9,1,0,0,1,0,0,21,0,0,8,8,7,12.414285714285716,0,0,8,8,7,12.414285714285716,0,12.7,3.7,-1.7,Graduate,2,0,0.875,0.125,0.875,0.125,0.0,0,0.44
1,8,2,2,1,1,1,2,1,4,4,1,0,0,1,0,0,20,0,0,0,0,0,0.0,0,0,0,0,0,0.0,0,9.4,-0.8,-3.12,Graduate,2,0,0.0,1.0,0.0,1.0,0.0,0,5.5
2,14,1,17,0,2,1,22,27,10,9,0,0,0,1,0,0,36,0,8,12,21,11,11.5,0,7,12,22,12,11.4375,0,9.4,-0.8,-3.12,Enrolled,1,0,0.9166666666666666,0.08333333333333337,1.0,0.0,-0.0625,1,1.67
2,4,1,3,0,3,1,13,14,5,5,0,0,0,1,0,0,27,0,0,5,5,0,0.0,0,0,6,0,0,0.0,0,9.4,-0.8,-3.12,Dropout,0,1,0.0,1.0,0.0,1.0,0.0,0,5.5
2,12,1,13,1,1,3,23,28,10,10,0,0,0,1,0,0,32,1,0,7,10,7,11.0,0,0,8,8,8,13.125,0,12.7,3.7,-1.7,Graduate,2,0,1.0,0.0,1.0,0.0,2.125,1,1.05
1,8,1,10,1,1,1,1,1,4,4,1,0,0,1,0,1,18,0,0,6,6,6,14.0,0,0,6,6,6,13.5,0,8.9,1.4,3.51,Graduate,2,0,1.0,0.0,1.0,0.0,-0.5,0,0.0
1,12,1,3,0,1,1,22,27,10,8,0,0,0,1,0,0,37,0,0,6,13,4,12.0,0,0,6,10,3,12.0,0,16.2,0.3,-0.92,Dropout,0,1,0.6666666666666666,0.33333333333333337,0.5,0.5,0.0,-1,2.42
1,8,1,15,1,1,1,3,1,3,4,1,0,0,1,0,0,19,0,0,6,7,6,12.5,0,0,6,7,6,12.5,0,10.8,1.4,1.74,Graduate,2,0,1.0,0.0,1.0,0.0,0.0,0,0.5
4,12,2,3,0,1,1,22,28,8,6,0,0,0,1,0,1,41,0,0,6,8,6,11.333333333333334,0,0,6,9,6,11.333333333333334,0,10.8,1.4,1.74,Graduate,2,0,1.0,0.0,1.0,0.0,0.0,0,0.88
2,1,4,12,1,1,1,1,27,5,10,0,0,0,1,0,1,18,0,0,7,7,6,14.066666666666668,0,0,7,7,6,14.066666666666668,0,7.6,2.6,0.32,Graduate,2,0,0.8571428571428571,0.1428571428571429,0.8571428571428571,0.1428571428571429,0.0,0,0.5
1,14,1,6,1,1,1,22,27,12,12,0,0,0,1,0,0,21,0,2,9,14,8,13.555555555555555,0,2,7,10,7,13.571428571428571,0,7.6,2.6,0.32,Graduate,2,0,0.8888888888888888,0.11111111111111116,1.0,0.0,0.015873015873015817,-1,1.5
1,15,1,4,1,1,1,1,14,4,10,1,0,1,0,0,0,23,0,0,6,13,5,11.6,0,0,6,11,4,12.25,0,12.4,0.5,1.79,Dropout,0,1,0.8333333333333334,0.16666666666666663,0.6666666666666666,0.33333333333333337,0.6500000000000004,-1,4.65
1,8,2,15,1,1,1,1,1,4,4,1,0,0,1,0,0,18,0,0,6,0,0,0.0,0,0,6,0,0,0.0,0,13.9,-0.3,0.79,Dropout,0,1,0.0,1.0,0.0,1.0,0.0,0,5.5
1,1,6,12,1,1,1,13,14,5,5,1,0,0,1,0,0,18,0,0,8,8,8,13.27625,0,0,8,8,8,13.27625,0,9.4,-0.8,-3.12,Graduate,2,0,1.0,0.0,1.0,0.0,0.0,0,0.0
1,14,4,6,1,1,1,19,24,13,13,0,0,0,1,0,0,21,0,0,6,0,0,0.0,0,0,6,0,0,0.0,0,7.6,2.6,0.32,Dropout,0,1,0.0,1.0,0.0,1.0,0.0,0,5.5
1,1,2,10,1,1,1,14,21,1,9,1,0,0,1,0,0,19,0,0,6,8,6,14.375,0,0,6,8,6,14.75,0,7.6,2.6,0.32,Graduate,2,0,1.0,0.0,1.0,0.0,0.375,0,0.88
6,12,2,9,1,1,1,22,27,10,10,0,0,0,1,0,0,47,0,0,5,0,0,0.0,0,0,5,0,0,0.0,0,9.4,-0.8,-3.12,Dropout,0,1,0.0,1.0,0.0,1.0,0.0,0,5.5
6,12,1,3,0,1,1,22,27,10,10,0,0,0,1,0,1,48,0,0,6,7,6,10.666666666666666,0,0,6,9,5,11.8,0,10.8,1.4,1.74,Enrolled,1,0,1.0,0.0,0.8333333333333334,0.16666666666666663,1.1333333333333346,-1,0.5
2,4,1,3,0,3,1,22,27,10,10,0,0,0,1,0,0,39,0,9,13,19,12,13.416666666666666,0,4,10,10,10,14.5,0,16.2,0.3,-0.92,Graduate,2,0,0.9230769230769231,0.07692307692307687,1.0,0.0,1.083333333333334,-2,1.29
1,1,1,12,1,1,1,23,28,8,8,1,0,0,1,0,0,19,0,0,7,9,6,12.97166666666667,0,0,8,9,7,12.321428571428571,0,11.1,0.6,2.02,Graduate,2,0,0.8571428571428571,0.1428571428571429,0.875,0.125,-0.6502380952380982,1,1.17
1,14,1,17,0,2,1,22,27,10,10,0,0,0,1,0,0,38,0,14,15,16,14,10.928571428571429,0,12,14,16,12,11.833333333333334,0,9.4,-0.8,-3.12,Dropout,0,1,0.9333333333333333,0.06666666666666665,0.8571428571428571,0.1428571428571429,0.9047619047619051,-2,0.44
5,12,1,4,1,12,1,13,1,10,10,0,0,1,0,0,0,27,0,0,6,6,0,0.0,0,0,6,7,0,0.0,0,8.9,1.4,3.51,Dropout,0,1,0.0,1.0,0.0,1.0,0.0,0,8.0
1,1,1,2,1,1,1,13,14,5,8,1,0,0,1,0,1,18,0,0,0,0,0,0.0,0,0,0,0,0,0.0,0,12.4,0.5,1.79,Graduate,2,0,0.0,1.0,0.0,1.0,0.0,0,5.5
1,12,1,3,0,1,1,13,27,5,6,0,0,0,1,0,0,34,0,0,6,6,4,13.25,0,0,6,6,0,0.0,0,12.7,3.7,-1.7,Enrolled,1,0,0.6666666666666666,0.33333333333333337,0.0,1.0,-13.25,-4,1.17
2,12,1,10,1,12,1,22,27,5,5,0,0,0,1,0,0,48,0,0,6,14,6,11.333333333333334,0,0,6,11,5,12.4,0,15.5,2.8,-4.06,Dropout,0,1,1.0,0.0,0.8333333333333334,0.16666666666666663,1.0666666666666664,-1,2.0
1,12,1,14,1,1,1,19,24,1,1,0,0,0,1,0,0,25,0,0,5,6,1,11.0,0,0,5,5,0,0.0,0,7.6,2.6,0.32,Dropout,0,1,0.2,0.8,0.0,1.0,-11.0,-1,2.92
2,12,1,12,1,1,1,13,27,7,7,0,0,0,1,0,1,32,0,0,8,9,7,12.757142857142856,0,0,8,9,7,12.757142857142856,0,12.7,3.7,-1.7,Graduate,2,0,0.875,0.125,0.875,0.125,0.0,0,0.78
1,1,1,15,1,1,1,22,27,10,8,0,0,0,1,0,1,18,0,0,6,6,6,14.5,0,0,6,6,6,14.666666666666666,0,16.2,0.3,-0.92,Graduate,2,0,1.0,0.0,1.0,0.0,0.16666666666666607,0,0.0
1,15,1,3,0,14,1,1,3,5,7,0,0,1,1,0,0,20,0,3,6,6,6,13.833333333333334,0,2,6,7,6,14.571428571428571,0,12.4,0.5,1.79,Graduate,2,0,1.0,0.0,1.0,0.0,0.7380952380952372,0,1.25
1,1,1,9,1,1,1,13,27,10,8,1,0,0,1,0,0,20,0,0,5,8,4,11.25,0,0,5,7,5,10.4,0,7.6,2.6,0.32,Graduate,2,0,0.8,0.19999999999999996,1.0,0.0,-0.8499999999999996,1,1.75
1,1,1,2,1,1,1,22,27,10,4,1,0,0,1,0,0,20,0,0,0,0,0,0.0,0,0,0,0,0,0.0,0,9.4,-0.8,-3.12,Dropout,0,1,0.0,1.0,0.0,1.0,0.0,0,5.5
1,1,3,12,1,1,1,1,1,5,5,1,0,0,1,0,0,19,0,0,8,10,1,13.67,7,0,8,10,1,13.67,7,9.4,-0.8,-3.12,Enrolled,1,0,0.125,0.875,0.125,0.875,0.0,0,4.9
1,12,1,17,0,7,1,22,24,12,12,1,0,0,1,0,0,39,0,0,5,9,0,0.0,0,0,5,5,2,12.5,0,7.6,2.6,0.32,Dropout,0,1,0.0,1.0,0.4,0.6,12.5,2,5.5
1,1,1,8,1,1,1,6,6,1,5,1,0,1,1,0,0,29,0,0,5,10,1,13.0,4,0,5,14,0,0.0,8,10.8,1.4,1.74,Dropout,0,1,0.2,0.8,0.0,1.0,-13.0,-1,6.0
1,12,1,17,0,1,1,22,27,7,7,0,0,1,1,0,0,36,0,0,5,5,0,0.0,0,0,5,5,0,0.0,0,12.7,3.7,-1.7,Dropout,0,1,0.0,1.0,0.0,1.0,0.0,0,6.75
1,1,6,12,1,1,1,13,14,10,10,1,0,0,1,0,0,18,0,0,8,12,7,11.971428571428572,0,0,8,12,7,11.971428571428572,0,12.7,3.7,-1.7,Graduate,2,0,0.875,0.125,0.875,0.125,0.0,0,1.46
2,12,1,3,0,9,1,19,24,1,1,0,0,0,1,0,0,51,0,0,6,12,0,0.0,0,1,6,11,0,0.0,1,7.6,2.6,0.32,Dropout,0,1,0.0,1.0,0.0,1.0,0.0,0,5.5
1,14,1,15,1,1,9,19,24,12,12,0,0,1,1,0,0,23,1,0,6,11,1,16.0,0,0,6,8,4,12.25,0,7.6,2.6,0.32,Dropout,0,1,0.16666666666666666,0.8333333333333334,0.6666666666666666,0.33333333333333337,-3.75,3,4.43
1,15,1,6,1,1,1,17,8,7,7,1,0,0,1,0,0,21,0,0,6,0,0,0.0,0,0,6,0,0,0.0,0,10.8,1.4,1.74,Dropout,0,1,0.0,1.0,0.0,1.0,0.0,0,5.5
1,14,5,16,1,1,1,19,24,1,1,1,0,0,0,0,0,28,0,0,6,9,4,12.75,1,0,5,5,0,0.0,5,9.4,-0.8,-3.12,Dropout,0,1,0.6666666666666666,0.33333333333333337,0.0,1.0,-12.75,-4,3.53
2,12,1,17,0,1,1,22,27,10,4,0,0,0,1,0,0,34,0,0,5,9,4,11.0,0,0,5,10,4,10.75,1,7.6,2.6,0.32,Enrolled,1,0,0.8,0.19999999999999996,0.8,0.19999999999999996,-0.25,0,1.94
1,12,1,3,0,1,1,22,27,7,6,0,0,0,1,0,0,41,0,0,2,2,0,0.0,0,0,6,0,0,0.0,0,12.7,3.7,-1.7,Dropout,0,1,0.0,1.0,0.0,1.0,0.0,0,5.5
4,12,1,3,0,3,1,22,27,10,10,0,0,0,1,0,1,43,0,0,6,7,5,12.2,0,0,6,6,6,12.333333333333334,0,9.4,-0.8,-3.12,Graduate,2,0,0.8333333333333334,0.16666666666666663,1.0,0.0,0.13333333333333464,1,1.0
2,12,2,13,1,1,19,1,3,10,3,1,0,0,1,0,0,28,1,0,7,9,7,12.428571428571429,0,0,8,8,8,12.3,0,12.4,0.5,1.79,Enrolled,1,0,1.0,0.0,1.0,0.0,-0.12857142857142811,1,0.78
1,1,1,2,1,1,1,25,1,3,5,0,0,0,1,0,1,19,0,6,12,12,12,14.5,0,4,11,15,11,13.583333333333334,0,8.9,1.4,3.51,Graduate,2,0,1.0,0.0,1.0,0.0,-0.9166666666666661,-1,0.0
1,12,1,4,1,1,1,13,14,10,2,0,0,0,1,0,0,26,0,6,12,13,6,13.0,0,4,12,14,11,13.833333333333334,0,15.5,2.8,-4.06,Graduate,2,0,0.5,0.5,0.9166666666666666,0.08333333333333337,0.8333333333333339,5,1.88
1,1,4,12,1,1,1,4,3,3,4,1,0,0,1,0,0,18,0,0,7,7,7,11.714285714285714,0,0,8,8,8,12.75,0,12.4,0.5,1.79,Graduate,2,0,1.0,0.0,1.0,0.0,1.0357142857142865,1,0.0
2,12,1,16,1,1,1,22,14,10,6,0,0,0,1,0,0,45,0,0,7,12,4,10.25,0,0,7,10,3,13.0,0,11.1,0.6,2.02,Dropout,0,1,0.5714285714285714,0.4285714285714286,0.42857142857142855,0.5714285714285714,2.75,-1,2.33
1,15,1,16,1,14,1,3,27,3,8,0,0,0,1,0,0,19,0,0,6,0,0,0.0,0,0,6,0,0,0.0,0,12.4,0.5,1.79,Dropout,0,1,0.0,1.0,0.0,1.0,0.0,0,5.5
1,8,6,14,1,1,1,4,1,4,11,0,0,0,1,0,0,20,0,0,6,9,6,12.375,0,0,6,7,6,13.142857142857142,0,11.1,0.6,2.02,Graduate,2,0,1.0,0.0,1.0,0.0,0.7678571428571423,0,1.17
1,1,6,16,1,1,1,1,14,6,6,0,0,0,1,0,0,18,0,0,6,6,6,12.666666666666666,0,0,6,6,6,12.0,0,7.6,2.6,0.32,Graduate,2,0,1.0,0.0,1.0,0.0,-0.6666666666666661,0,0.0
1,12,1,6,1,1,1,3,3,5,3,1,0,0,1,0,0,27,0,0,6,13,3,10.5,0,0,6,19,1,12.0,0,12.4,0.5,1.79,Dropout,0,1,0.5,0.5,0.16666666666666666,0.8333333333333334,1.5,-2,2.69
2,1,1,4,1,1,1,13,28,6,6,0,0,0,1,0,0,20,0,0,6,11,6,14.125,0,0,6,10,5,12.6,0,13.9,-0.3,0.79,Graduate,2,0,1.0,0.0,0.8333333333333334,0.16666666666666663,-1.5250000000000004,-1,1.59
1,1,3,6,1,1,1,1,1,5,9,1,0,0,1,0,0,18,0,0,6,7,6,14.666666666666666,0,0,6,12,6,13.833333333333334,0,8.9,1.4,3.51,Graduate,2,0,1.0,0.0,1.0,0.0,-0.8333333333333321,0,0.5
2,12,2,14,1,1,1,22,27,10,10,0,0,0,1,0,0,35,0,0,5,8,5,11.4,0,0,5,7,3,12.333333333333334,0,9.4,-0.8,-3.12,Enrolled,1,0,1.0,0.0,0.6,0.4,0.9333333333333336,-2,1.31
1,12,1,2,1,1,1,22,27,10,10,0,1,0,1,0,0,26,0,0,0,0,0,0.0,0,0,0,0,0,0.0,0,16.2,0.3,-0.92,Dropout,0,1,0.0,1.0,0.0,1.0,0.0,0,5.5
4,12,1,10,1,1,1,22,27,10,10,1,0,0,1,0,1,39,0,0,6,7,6,14.0,0,0,6,7,5,14.8,0,12.7,3.7,-1.7,Graduate,2,0,1.0,0.0,0.8333333333333334,0.16666666666666663,0.8000000000000007,-1,0.5
1,1,1,2,1,1,1,22,27,10,10,1,0,0,1,0,0,18,0,0,0,0,0,0.0,0,0,0,0,0,0.0,0,7.6,2.6,0.32,Graduate,2,0,0.0,1.0,0.0,1.0,0.0,0,5.5
1,4,1,12,1,3,1,22,27,10,6,0,0,0,1,0,0,36,0,0,7,7,0,0.0,7,0,7,7,0,0.0,7,16.2,0.3,-0.92,Dropout,0,1,0.0,1.0,0.0,1.0,0.0,0,7.5
2,12,1,3,0,3,1,22,27,10,10,0,0,0,1,0,0,38,0,8,11,11,11,12.636363636363637,0,5,8,8,8,11.0,0,13.9,-0.3,0.79,Graduate,2,0,1.0,0.0,1.0,0.0,-1.6363636363636367,-3,0.0
2,12,1,16,1,12,1,22,14,4,8,0,0,0,1,0,0,45,0,0,6,11,3,12.333333333333334,0,0,6,13,2,11.0,0,7.6,2.6,0.32,Dropout,0,1,0.5,0.5,0.3333333333333333,0.6666666666666667,-1.333333333333334,-1,2.55
5,12,1,11,1,1,1,2,2,3,3,0,0,0,1,0,0,62,0,0,6,7,6,15.0,0,0,6,10,6,12.833333333333334,0,10.8,1.4,1.74,Graduate,2,0,1.0,0.0,1.0,0.0,-2.166666666666666,0,0.5
1,1,1,14,1,1,1,1,1,10,2,1,0,0,1,0,1,20,0,0,6,8,4,11.75,0,0,6,10,6,12.666666666666666,0,10.8,1.4,1.74,Graduate,2,0,0.6666666666666666,0.33333333333333337,1.0,0.0,0.9166666666666661,2,1.75
1,1,1,12,1,1,1,13,27,10,10,1,0,0,1,0,0,18,0,0,8,8,7,14.13714285714286,0,0,8,8,7,14.13714285714286,0,10.8,1.4,1.74,Graduate,2,0,0.875,0.125,0.875,0.125,0.0,0,0.44
1,9,3,5,1,1,1,1,1,4,5,0,0,0,1,0,0,18,0,0,6,6,2,12.0,0,0,6,6,1,11.0,0,9.4,-0.8,-3.12,Dropout,0,1,0.3333333333333333,0.6666666666666667,0.16666666666666666,0.8333333333333334,-1.0,-1,2.33
2,1,1,17,0,3,1,1,3,5,10,0,0,0,1,0,0,23,0,0,5,5,5,10.8,0,0,5,9,4,11.5,0,9.4,-0.8,-3.12,Graduate,2,0,1.0,0.0,0.8,0.19999999999999996,0.6999999999999993,-1,0.0
1,1,1,5,1,1,1,13,14,10,10,1,0,1,1,0,1,19,0,1,6,8,6,13.285714285714286,1,0,6,8,6,12.5,0,13.9,-0.3,0.79,Dropout,0,1,1.0,0.0,1.0,0.0,-0.7857142857142865,0,2.46
1,8,1,9,1,1,1,1,3,8,4,1,0,1,1,0,1,19,0,0,5,7,5,13.6,0,0,5,5,5,12.6,0,8.9,1.4,3.51,Graduate,2,0,1.0,0.0,1.0,0.0,-1.0,0,2.25
1,13,1,12,1,1,1,3,3,4,4,0,0,0,1,0,0,18,0,0,7,8,7,13.55,0,0,8,8,8,14.1875,0,13.9,-0.3,0.79,Graduate,2,0,1.0,0.0,1.0,0.0,0.6374999999999993,1,0.44
1,8,4,12,1,1,1,4,1,3,2,1,0,0,1,0,0,18,0,0,8,8,0,0.0,5,0,8,8,0,0.0,5,9.4,-0.8,-3.12,Enrolled,1,0,0.0,1.0,0.0,1.0,0.0,0,6.75
1,12,2,3,0,1,1,20,27,12,12,0,0,0,1,0,0,41,0,0,6,10,4,13.5,0,1,6,7,6,11.166666666666666,0,7.6,2.6,0.32,Graduate,2,0,0.6666666666666666,0.33333333333333337,1.0,0.0,-2.333333333333334,2,2.1
1,12,1,14,1,1,1,13,3,5,3,0,0,0,1,0,1,51,0,0,6,8,5,11.6,0,0,6,9,5,14.2,0,12.4,0.5,1.79,Graduate,2,0,0.8333333333333334,0.16666666666666663,0.8333333333333334,0.16666666666666663,2.5999999999999996,0,1.31
1,14,2,10,1,1,1,13,14,5,6,1,0,0,1,0,0,24,0,6,10,16,10,12.5,0,2,7,9,4,12.6,0,16.2,0.3,-0.92,Graduate,2,0,1.0,0.0,0.5714285714285714,0.4285714285714286,0.09999999999999964,-6,1.31
1,12,1,17,0,3,1,13,1,10,6,0,0,0,1,0,0,25,0,0,5,14,1,11.0,0,0,5,11,2,12.666666666666666,4,16.2,0.3,-0.92,Dropout,0,1,0.2,0.8,0.4,0.6,1.666666666666666,1,3.25
1,3,1,6,1,1,1,1,1,5,5,0,0,0,1,0,0,18,0,0,5,9,3,12.0,1,0,5,6,4,13.0,0,7.6,2.6,0.32,Enrolled,1,0,0.6,0.4,0.8,0.19999999999999996,1.0,1,2.73
1,7,6,9,1,1,1,22,27,10,10,1,0,0,1,0,0,20,0,0,5,8,4,11.6,0,0,5,10,3,12.333333333333334,0,7.6,2.6,0.32,Graduate,2,0,0.8,0.19999999999999996,0.6,0.4,0.7333333333333343,-1,1.75
1,1,1,2,1,1,1,1,14,15,16,1,1,0,1,0,0,19,0,0,0,0,0,0.0,0,0,0,0,0,0.0,0,13.9,-0.3,0.79,Dropout,0,1,0.0,1.0,0.0,1.0,0.0,0,5.5
5,14,1,17,0,3,1,3,3,2,2,0,0,0,1,0,0,41,0,5,10,14,10,14.636363636363637,0,5,10,13,10,14.6,0,16.2,0.3,-0.92,Graduate,2,0,1.0,0.0,1.0,0.0,-0.03636363636363704,0,1.0
1,1,2,11,1,1,1,1,14,10,10,1,0,0,1,0,1,19,0,0,6,8,6,13.0,0,0,6,6,6,12.166666666666666,0,8.9,1.4,3.51,Graduate,2,0,1.0,0.0,1.0,0.0,-0.8333333333333339,0,0.88
1,13,1,16,1,9,1,1,3,4,3,0,0,0,1,0,0,28,0,14,18,23,14,12.785714285714286,2,16,17,18,16,13.875,0,16.2,0.3,-0.92,Dropout,0,1,0.7777777777777778,0.2222222222222222,0.9411764705882353,0.05882352941176472,1.0892857142857135,2,1.59
1,1,3,5,1,1,1,5,3,6,8,1,0,0,1,0,0,21,0,0,6,6,6,14.5,0,0,6,7,5,12.0,0,12.4,0.5,1.79,Graduate,2,0,1.0,0.0,0.8333333333333334,0.16666666666666663,-2.5,-1,0.0
1,1,1,6,1,1,1,3,2,2,2,1,0,0,0,0,0,22,0,0,5,12,4,14.6,3,0,5,5,4,12.75,1,9.4,-0.8,-3.12,Dropout,0,1,0.8,0.19999999999999996,0.8,0.19999999999999996,-1.8499999999999996,0,4.78
1,8,4,15,1,1,1,22,14,6,8,1,0,0,0,0,0,18,0,0,6,7,6,12.5,0,0,6,6,6,12.166666666666666,0,10.8,1.4,1.74,Graduate,2,0,1.0,0.0,1.0,0.0,-0.3333333333333339,0,1.75
1,1,1,5,1,1,1,13,27,10,10,1,0,0,1,0,1,19,0,0,6,6,6,14.0,0,0,6,8,6,13.125,0,10.8,1.4,1.74,Graduate,2,0,1.0,0.0,1.0,0.0,-0.875,0,0.0
1,8,6,12,1,1,1,3,14,6,6,1,0,0,1,0,1,19,0,0,7,7,7,13.801428571428572,0,0,8,8,8,14.575,0,11.1,0.6,2.02,Graduate,2,0,1.0,0.0,1.0,0.0,0.7735714285714277,1,0.0
1,4,1,16,1,3,1,13,14,5,6,0,0,1,0,0,0,25,0,1,6,7,6,14.428571428571429,0,0,6,7,6,13.666666666666666,0,10.8,1.4,1.74,Graduate,2,0,1.0,0.0,1.0,0.0,-0.7619047619047628,0,3.0
1,13,4,12,1,6,1,1,14,3,10,1,0,0,1,0,1,18,0,0,7,7,6,14.35,0,0,7,7,6,14.35,0,7.6,2.6,0.32,Graduate,2,0,0.8571428571428571,0.1428571428571429,0.8571428571428571,0.1428571428571429,0.0,0,0.5
1,8,1,5,1,1,1,22,14,10,10,1,0,0,1,0,0,19,0,0,6,6,6,14.333333333333334,0,0,6,6,6,13.5,0,12.7,3.7,-1.7,Graduate,2,0,1.0,0.0,1.0,0.0,-0.8333333333333339,0,0.0
1,14,2,16,1,1,1,13,1,6,5,1,0,0,1,0,0,20,0,0,6,10,4,12.25,0,0,6,8,4,11.5,0,10.8,1.4,1.74,Enrolled,1,0,0.6666666666666666,0.33333333333333337,0.6666666666666666,0.33333333333333337,-0.75,0,2.1
2,12,1,3,0,12,1,19,24,1,1,0,0,0,1,0,0,46,0,0,6,9,6,13.333333333333334,0,0,6,6,6,11.833333333333334,0,7.6,2.6,0.32,Graduate,2,0,1.0,0.0,1.0,0.0,-1.5,0,1.17
1,8,1,2,1,1,1,3,3,4,4,1,0,0,0,0,0,19,0,6,12,12,12,13.0,0,4,11,14,11,13.25,0,8.9,1.4,3.51,Graduate,2,0,1.0,0.0,1.0,0.0,0.25,-1,1.25
1,1,2,11,1,1,1,23,14,10,8,1,0,0,1,0,0,18,0,0,6,10,4,11.75,0,0,6,9,5,11.2,0,7.6,2.6,0.32,Enrolled,1,0,0.6666666666666666,0.33333333333333337,0.8333333333333334,0.16666666666666663,-0.5500000000000007,1,2.1
1,1,1,8,1,1,1,13,14,10,10,1,0,0,1,0,1,18,0,0,6,8,6,14.5,0,0,6,11,4,13.0,0,13.9,-0.3,0.79,Graduate,2,0,1.0,0.0,0.6666666666666666,0.33333333333333337,-1.5,-2,0.88
1,9,1,12,1,1,1,22,27,4,4,1,0,0,1,0,1,19,0,0,8,8,7,11.82,0,0,8,8,7,11.82,0,10.8,1.4,1.74,Graduate,2,0,0.875,0.125,0.875,0.125,0.0,0,0.44
1,1,2,15,1,1,1,3,3,4,3,1,0,0,1,0,0,20,0,0,6,0,0,0.0,0,0,6,0,0,0.0,0,16.2,0.3,-0.92,Dropout,0,1,0.0,1.0,0.0,1.0,0.0,0,5.5
2,12,1,3,0,1,1,22,27,6,7,0,0,0,1,0,1,38,0,0,6,6,5,12.4,0,0,6,7,6,12.666666666666666,0,9.4,-0.8,-3.12,Graduate,2,0,0.8333333333333334,0.16666666666666663,1.0,0.0,0.2666666666666657,1,0.58
1,8,1,15,1,1,1,1,28,10,9,1,0,0,1,0,0,18,0,0,6,7,6,12.571428571428571,0,0,6,8,6,11.857142857142858,0,13.9,-0.3,0.79,Graduate,2,0,1.0,0.0,1.0,0.0,-0.7142857142857135,0,0.5
1,8,5,12,1,1,1,1,1,6,6,1,0,0,1,0,1,18,0,0,7,7,7,13.857142857142858,0,0,8,8,8,14.9,0,13.9,-0.3,0.79,Graduate,2,0,1.0,0.0,1.0,0.0,1.0428571428571427,1,0.0
1,8,1,10,1,1,1,13,1,1,6,1,0,0,1,0,0,18,0,0,6,9,5,11.833333333333334,0,0,6,7,5,13.8,0,13.9,-0.3,0.79,Graduate,2,0,0.8333333333333334,0.16666666666666663,0.8333333333333334,0.16666666666666663,1.9666666666666668,0,1.56
1,8,1,9,1,1,1,3,3,3,3,0,0,0,1,0,0,20,0,0,5,10,4,11.0,0,0,5,7,4,11.5,0,15.5,2.8,-4.06,Enrolled,1,0,0.8,0.19999999999999996,0.8,0.19999999999999996,0.5,0,2.1
1,1,1,8,1,1,1,3,14,5,9,1,0,0,1,0,0,19,0,0,6,6,6,14.666666666666666,0,0,6,8,6,13.666666666666666,0,12.4,0.5,1.79,Graduate,2,0,1.0,0.0,1.0,0.0,-1.0,0,0.0
4,12,1,3,0,1,1,13,14,12,12,0,0,0,0,0,0,37,0,0,4,4,0,0.0,0,0,5,10,0,0.0,0,10.8,1.4,1.74,Dropout,0,1,0.0,1.0,0.0,1.0,0.0,0,6.75
1,12,1,12,1,1,1,3,14,3,6,0,0,0,1,0,0,24,0,0,8,12,7,12.714285714285714,0,0,8,12,7,12.714285714285714,0,12.7,3.7,-1.7,Enrolled,1,0,0.875,0.125,0.875,0.125,0.0,0,1.46
1,1,2,12,1,1,1,4,1,3,11,1,0,0,1,0,0,19,0,0,7,9,7,13.422222222222224,0,0,8,11,7,12.18888888888889,0,15.5,2.8,-4.06,Graduate,2,0,1.0,0.0,0.875,0.125,-1.2333333333333343,0,0.78
1,1,3,15,1,1,1,3,1,6,4,1,0,0,1,0,1,19,0,0,6,7,6,14.0,0,0,6,8,5,12.2,0,13.9,-0.3,0.79,Dropout,0,1,1.0,0.0,0.8333333333333334,0.16666666666666663,-1.8000000000000007,-1,0.5
1,8,3,13,1,1,1,13,14,10,5,1,0,0,1,0,1,19,0,0,7,8,7,12.142857142857142,0,0,8,8,8,13.375,0,16.2,0.3,-0.92,Dropout,0,1,1.0,0.0,1.0,0.0,1.2321428571428577,1,0.44
1,8,1,9,1,1,1,22,28,10,10,1,0,1,1,0,1,18,0,0,5,5,5,12.8,0,0,5,5,5,13.0,0,11.1,0.6,2.02,Graduate,2,0,1.0,0.0,1.0,0.0,0.1999999999999993,0,1.25
1,1,4,12,1,1,1,13,28,8,8,1,0,0,1,0,1,18,0,0,7,7,7,14.572857142857142,0,0,8,9,8,14.955555555555556,0,12.4,0.5,1.79,Graduate,2,0,1.0,0.0,1.0,0.0,0.38269841269841365,1,0.0
1,1,4,9,1,1,1,1,14,5,6,0,0,0,1,0,0,18,0,0,5,9,4,11.25,0,0,5,6,4,11.0,0,8.9,1.4,3.51,Graduate,2,0,0.8,0.19999999999999996,0.8,0.19999999999999996,-0.25,0,1.94
1,8,5,9,1,1,1,1,28,5,6,1,0,0,1,0,1,19,0,0,5,12,2,10.0,0,0,5,11,4,11.75,0,11.1,0.6,2.02,Enrolled,1,0,0.4,0.6,0.8,0.19999999999999996,1.75,2,2.92
1,1,1,8,1,1,1,25,14,3,10,1,0,0,1,0,0,18,0,0,6,8,5,14.4,0,0,6,11,4,14.6,0,8.9,1.4,3.51,Dropout,0,1,0.8333333333333334,0.16666666666666663,0.6666666666666666,0.33333333333333337,0.1999999999999993,-1,1.31
1,1,4,12,1,1,1,1,10,4,7,1,0,0,1,0,0,20,0,0,7,7,7,12.982857142857142,0,0,8,8,8,14.4625,0,12.4,0.5,1.79,Graduate,2,0,1.0,0.0,1.0,0.0,1.4796428571428581,1,0.0
1,8,1,6,1,1,1,3,2,3,4,1,0,0,1,0,0,20,0,0,6,14,6,15.75,0,0,6,8,6,13.0,0,15.5,2.8,-4.06,Graduate,2,0,1.0,0.0,1.0,0.0,-2.75,0,2.0
1,1,1,6,1,1,1,2,2,7,7,0,0,0,1,0,0,18,0,0,6,11,5,12.285714285714286,0,0,6,19,3,14.0,1,12.4,0.5,1.79,Dropout,0,1,0.8333333333333334,0.16666666666666663,0.5,0.5,1.7142857142857135,-2,1.91
1,7,1,12,1,1,1,22,27,10,10,1,0,0,1,0,0,20,0,0,7,7,6,13.755,0,0,8,9,7,13.571428571428571,0,12.4,0.5,1.79,Graduate,2,0,0.8571428571428571,0.1428571428571429,0.875,0.125,-0.1835714285714296,1,0.5
1,8,1,14,1,1,1,1,1,4,4,1,0,0,1,0,1,18,0,0,6,7,6,13.833333333333334,0,0,6,11,6,13.5,0,8.9,1.4,3.51,Graduate,2,0,1.0,0.0,1.0,0.0,-0.3333333333333339,0,0.5
1,1,6,12,1,1,1,1,27,8,8,1,0,0,1,0,0,19,0,0,7,0,0,0.0,0,0,8,0,0,0.0,0,12.7,3.7,-1.7,Dropout,0,1,0.0,1.0,0.0,1.0,0.0,0,5.5
1,1,4,12,1,1,1,23,1,6,7,1,0,0,1,0,0,18,0,0,7,9,7,14.711111111111112,0,0,8,9,8,14.627777777777778,0,15.5,2.8,-4.06,Graduate,2,0,1.0,0.0,1.0,0.0,-0.08333333333333393,1,0.78
1,17,1,6,1,16,1,1,14,5,9,1,0,0,1,0,0,20,0,7,11,13,11,14.615384615384617,0,4,9,11,9,13.7,0,8.9,1.4,3.51,Graduate,2,0,1.0,0.0,1.0,0.0,-0.9153846153846175,-2,0.54
1,1,1,12,1,1,1,3,3,2,6,0,0,0,1,0,0,18,0,0,7,7,7,13.677142857142858,0,0,8,9,8,14.533333333333331,0,11.1,0.6,2.02,Graduate,2,0,1.0,0.0,1.0,0.0,0.8561904761904735,1,0.0
1,7,2,6,1,1,1,22,27,10,10,1,0,0,1,0,1,19,0,0,5,8,5,13.166666666666666,2,0,5,5,5,12.8,0,9.4,-0.8,-3.12,Graduate,2,0,1.0,0.0,1.0,0.0,-0.36666666666666536,0,2.11
1,8,6,10,1,1,1,3,3,2,3,1,0,0,1,0,0,19,0,0,6,11,5,10.8,0,0,6,12,5,11.333333333333334,0,15.5,2.8,-4.06,Graduate,2,0,0.8333333333333334,0.16666666666666663,0.8333333333333334,0.16666666666666663,0.5333333333333332,0,1.91
1,8,1,8,1,1,1,13,7,6,4,0,0,0,1,0,0,19,0,0,5,8,3,12.0,0,0,5,7,5,12.833333333333334,0,7.6,2.6,0.32,Graduate,2,0,0.6,0.4,1.0,0.0,0.8333333333333339,2,2.19
1,1,1,12,1,1,1,3,1,3,4,0,0,0,1,0,0,18,0,0,7,8,6,13.958333333333334,0,0,8,8,8,14.71875,0,11.1,0.6,2.02,Graduate,2,0,0.8571428571428571,0.1428571428571429,1.0,0.0,0.7604166666666661,2,0.88
1,8,1,16,1,1,1,23,14,5,11,1,0,0,1,0,0,19,0,0,6,9,4,13.0,0,0,6,9,4,12.25,0,12.7,3.7,-1.7,Dropout,0,1,0.6666666666666666,0.33333333333333337,0.6666666666666666,0.33333333333333337,-0.75,0,1.94
1,1,2,2,1,1,1,23,14,10,10,1,0,0,1,0,1,24,0,0,0,0,0,0.0,0,0,0,0,0,0.0,0,11.1,0.6,2.02,Graduate,2,0,0.0,1.0,0.0,1.0,0.0,0,5.5
1,1,1,2,1,1,1,13,27,10,8,1,0,0,1,0,1,18,0,0,0,0,0,0.0,0,0,0,0,0,0.0,0,12.4,0.5,1.79,Graduate,2,0,0.0,1.0,0.0,1.0,0.0,0,5.5
1,1,6,12,1,1,1,1,1,5,10,1,0,0,1,0,1,18,0,0,8,8,7,14.0,0,0,8,8,7,14.0,0,12.7,3.7,-1.7,Graduate,2,0,0.875,0.125,0.875,0.125,0.0,0,0.44
1,1,4,15,1,1,1,3,14,3,4,1,1,0,1,0,0,18,0,0,6,10,6,12.571428571428571,0,0,6,11,6,12.571428571428571,0,10.8,1.4,1.74,Enrolled,1,0,1.0,0.0,1.0,0.0,0.0,0,1.4
1,1,4,15,1,1,1,26,1,5,4,1,0,0,1,0,0,19,0,0,6,6,4,12.0,0,0,6,11,3,11.333333333333334,0,11.1,0.6,2.02,Dropout,0,1,0.6666666666666666,0.33333333333333337,0.5,0.5,-0.6666666666666661,-1,1.17
1,12,1,3,0,1,1,22,27,10,7,0,0,0,1,0,1,35,0,2,8,8,8,13.625,0,1,7,7,7,14.0,0,8.9,1.4,3.51,Graduate,2,0,1.0,0.0,1.0,0.0,0.375,-1,0.0
1,8,6,9,1,1,1,22,27,10,10,1,0,0,1,0,0,19,0,0,5,7,4,12.5,0,0,5,8,4,10.0,1,7.6,2.6,0.32,Graduate,2,0,0.8,0.19999999999999996,0.8,0.19999999999999996,-2.5,0,1.5
1,4,1,16,1,3,1,22,27,10,10,0,0,0,1,0,0,28,0,14,15,25,14,12.428571428571429,1,8,14,22,11,11.909090909090908,0,7.6,2.6,0.32,Dropout,0,1,0.9333333333333333,0.06666666666666665,0.7857142857142857,0.2142857142857143,-0.5194805194805205,-3,1.67
1,14,1,12,1,1,1,23,3,6,3,0,0,0,1,0,0,21,0,3,7,8,7,13.3875,0,2,8,8,8,15.9,0,13.9,-0.3,0.79,Graduate,2,0,1.0,0.0,1.0,0.0,2.512500000000001,1,0.44
1,9,2,12,1,1,1,13,1,6,6,1,0,0,1,0,1,19,0,0,7,8,6,12.648333333333332,0,0,8,9,8,12.205555555555556,0,11.1,0.6,2.02,Graduate,2,0,0.8571428571428571,0.1428571428571429,1.0,0.0,-0.44277777777777594,2,0.88
1,3,2,10,1,1,1,25,28,3,10,1,0,0,1,0,0,19,0,0,6,6,6,14.0,0,0,6,6,6,13.333333333333334,0,8.9,1.4,3.51,Graduate,2,0,1.0,0.0,1.0,0.0,-0.6666666666666661,0,0.0
1,1,1,6,1,1,1,3,4,3,3,0,0,0,1,0,0,18,0,0,5,12,5,12.8,2,0,5,10,5,11.857142857142858,1,9.4,-0.8,-3.12,Graduate,2,0,1.0,0.0,1.0,0.0,-0.9428571428571431,0,2.84
1,1,1,11,1,1,1,10,1,5,5,1,0,0,1,0,0,18,0,0,6,8,6,11.333333333333334,0,0,6,11,6,10.833333333333334,0,7.6,2.6,0.32,Graduate,2,0,1.0,0.0,1.0,0.0,-0.5,0,0.88
1,1,2,12,1,1,1,3,3,3,3,1,0,0,0,0,0,19,0,0,7,0,0,0.0,0,0,8,0,0,0.0,0,12.7,3.7,-1.7,Dropout,0,1,0.0,1.0,0.0,1.0,0.0,0,6.75
1,1,1,14,1,1,1,1,1,10,11,1,0,0,1,0,1,20,0,0,6,6,6,14.166666666666666,0,0,6,9,6,13.0,0,8.9,1.4,3.51,Graduate,2,0,1.0,0.0,1.0,0.0,-1.166666666666666,0,0.0
1,1,1,15,1,1,1,23,14,10,10,1,0,0,1,0,0,18,0,0,6,6,6,12.833333333333334,0,0,6,6,6,13.833333333333334,0,8.9,1.4,3.51,Graduate,2,0,1.0,0.0,1.0,0.0,1.0,0,0.0
1,1,1,16,1,1,1,23,28,10,10,0,0,1,0,0,0,19,0,0,7,11,4,12.0,0,0,7,9,6,11.833333333333334,0,16.2,0.3,-0.92,Dropout,0,1,0.5714285714285714,0.4285714285714286,0.8571428571428571,0.1428571428571429,-0.16666666666666607,2,4.73
1,1,3,15,1,1,1,1,14,10,10,1,0,0,1,0,1,20,0,0,6,6,6,13.0,0,0,6,7,6,13.142857142857142,0,12.4,0.5,1.79,Dropout,0,1,1.0,0.0,1.0,0.0,0.14285714285714235,0,0.0
1,8,5,12,1,1,1,13,1,10,5,1,0,0,1,0,0,18,0,0,7,8,6,13.39,0,0,8,10,7,12.757142857142856,0,11.1,0.6,2.02,Enrolled,1,0,0.8571428571428571,0.1428571428571429,0.875,0.125,-0.6328571428571443,1,0.88
1,8,4,14,1,1,1,1,27,8,8,1,0,0,0,0,0,18,0,0,6,6,6,12.333333333333334,0,0,6,8,5,13.6,0,8.9,1.4,3.51,Graduate,2,0,1.0,0.0,0.8333333333333334,0.16666666666666663,1.2666666666666657,-1,1.25
1,1,1,5,1,1,1,3,3,4,4,0,0,0,1,0,1,21,0,1,6,8,6,12.571428571428571,1,0,6,8,6,11.625,0,13.9,-0.3,0.79,Graduate,2,0,1.0,0.0,1.0,0.0,-0.9464285714285712,0,1.21
1,3,5,11,1,1,1,1,27,10,8,1,0,0,1,0,1,19,0,0,6,6,6,12.333333333333334,0,0,6,6,6,12.833333333333334,0,12.4,0.5,1.79,Graduate,2,0,1.0,0.0,1.0,0.0,0.5,0,0.0
1,8,2,16,1,1,1,1,1,4,10,1,0,0,1,0,0,19,0,0,6,8,5,13.0,0,0,6,8,4,10.75,0,9.4,-0.8,-3.12,Graduate,2,0,0.8333333333333334,0.16666666666666663,0.6666666666666666,0.33333333333333337,-2.25,-1,1.31
1,1,1,6,1,1,1,1,1,10,8,0,0,0,1,0,0,19,0,0,5,7,3,12.333333333333334,0,0,5,7,4,10.25,0,7.6,2.6,0.32,Enrolled,1,0,0.6,0.4,0.8,0.19999999999999996,-2.083333333333334,1,2.0
1,1,4,15,1,1,1,22,27,1,12,1,0,0,1,0,0,18,0,0,6,6,6,13.166666666666666,0,0,6,8,5,14.2,0,10.8,1.4,1.74,Dropout,0,1,1.0,0.0,0.8333333333333334,0.16666666666666663,1.0333333333333332,-1,0.0
1,1,1,9,1,1,1,1,14,4,4,0,0,0,1,0,1,18,0,0,5,7,5,13.333333333333334,0,0,5,6,5,13.6,0,12.7,3.7,-1.7,Graduate,2,0,1.0,0.0,1.0,0.0,0.2666666666666657,0,1.0
1,1,2,6,1,1,1,23,27,6,8,1,0,0,1,0,0,18,0,0,5,9,4,13.0,0,0,5,8,5,13.142857142857142,0,10.8,1.4,1.74,Graduate,2,0,0.8,0.19999999999999996,1.0,0.0,0.14285714285714235,1,1.94
2,12,1,13,1,1,1,22,27,10,7,0,0,0,1,0,0,31,0,0,7,21,5,10.9,3,0,8,21,3,11.7,1,12.7,3.7,-1.7,Dropout,0,1,0.7142857142857143,0.2857142857142857,0.375,0.625,0.7999999999999989,-2,3.52
1,13,1,9,1,1,1,3,28,3,6,1,0,0,1,0,0,19,0,0,5,8,2,11.5,0,0,5,10,3,10.857142857142858,0,10.8,1.4,1.74,Enrolled,1,0,0.4,0.6,0.6,0.4,-0.6428571428571423,1,2.62
1,7,1,6,1,1,1,22,27,10,10,1,0,0,1,0,1,20,0,0,6,7,6,15.857142857142858,0,0,6,6,6,16.0,0,13.9,-0.3,0.79,Graduate,2,0,1.0,0.0,1.0,0.0,0.14285714285714235,0,0.5
1,8,1,6,1,1,1,23,14,1,12,0,0,0,1,0,1,19,0,0,5,5,5,12.6,0,0,5,9,3,13.0,0,7.6,2.6,0.32,Dropout,0,1,1.0,0.0,0.6,0.4,0.40000000000000036,-2,0.0
1,8,1,10,1,1,1,23,28,10,7,0,0,0,1,0,1,19,0,0,6,8,6,14.0,0,0,6,7,6,14.571428571428571,0,16.2,0.3,-0.92,Graduate,2,0,1.0,0.0,1.0,0.0,0.5714285714285712,0,0.88
5,4,1,8,1,3,1,13,28,10,7,0,0,0,0,0,0,27,0,1,5,8,3,14.666666666666666,2,0,5,7,2,13.0,2,10.8,1.4,1.74,Dropout,0,1,0.6,0.4,0.4,0.6,-1.666666666666666,-1,4.24
1,8,2,15,1,1,1,13,14,10,7,1,0,0,1,0,1,18,0,0,6,6,6,13.666666666666666,0,0,6,6,6,14.0,0,8.9,1.4,3.51,Graduate,2,0,1.0,0.0,1.0,0.0,0.3333333333333339,0,0.0
1,1,1,3,0,1,1,19,24,1,1,0,0,0,1,0,0,32,0,0,6,0,0,0.0,0,0,6,0,0,0.0,0,7.6,2.6,0.32,Dropout,0,1,0.0,1.0,0.0,1.0,0.0,0,5.5
1,1,4,12,1,1,1,23,14,9,8,1,0,0,1,0,0,18,0,0,8,8,7,12.628571428571428,0,0,8,8,7,12.628571428571428,0,12.7,3.7,-1.7,Graduate,2,0,0.875,0.125,0.875,0.125,0.0,0,0.44
1,1,3,12,1,1,1,13,27,10,10,1,0,0,1,0,1,19,0,0,8,8,7,14.232857142857142,0,0,8,8,7,14.232857142857142,0,10.8,1.4,1.74,Graduate,2,0,0.875,0.125,0.875,0.125,0.0,0,0.44
1,1,2,15,1,1,1,13,14,6,7,0,0,0,1,0,0,19,0,0,6,6,6,15.0,0,0,6,7,6,14.0,0,15.5,2.8,-4.06,Enrolled,1,0,1.0,0.0,1.0,0.0,-1.0,0,0.0
1,8,2,11,1,1,1,10,27,10,10,1,0,0,1,0,0,18,0,0,6,15,2,10.0,0,0,6,12,0,0.0,0,10.8,1.4,1.74,Dropout,0,1,0.3333333333333333,0.6666666666666667,0.0,1.0,-10.0,-2,3.03
1,8,3,14,1,1,1,13,1,5,5,1,0,0,1,0,1,18,0,0,6,11,4,12.25,0,0,6,10,4,11.0,0,12.7,3.7,-1.7,Dropout,0,1,0.6666666666666666,0.33333333333333337,0.6666666666666666,0.33333333333333337,-1.25,0,2.23
1,12,1,15,1,12,1,13,14,26,35,0,0,1,0,0,1,24,0,0,6,6,6,13.5,0,0,6,6,6,13.0,0,11.1,0.6,2.02,Graduate,2,0,1.0,0.0,1.0,0.0,-0.5,0,2.5
1,8,2,10,1,1,1,23,1,8,8,1,0,0,1,0,1,19,0,0,6,8,5,12.2,0,0,6,7,6,11.5,0,9.4,-0.8,-3.12,Graduate,2,0,0.8333333333333334,0.16666666666666663,1.0,0.0,-0.6999999999999993,1,1.31
1,8,2,11,1,1,1,13,14,10,8,1,0,1,1,0,0,21,0,0,6,0,0,0.0,0,0,6,0,0,0.0,0,11.1,0.6,2.02,Dropout,0,1,0.0,1.0,0.0,1.0,0.0,0,6.75
1,15,1,5,1,14,1,1,1,5,11,1,0,0,1,0,0,19,0,2,7,11,6,12.0,0,5,9,9,8,12.75,0,16.2,0.3,-0.92,Graduate,2,0,0.8571428571428571,0.1428571428571429,0.8888888888888888,0.11111111111111116,0.75,2,1.59
1,1,3,12,1,1,3,2,3,6,3,1,0,0,1,0,0,19,1,0,7,9,5,12.32,0,0,7,9,5,11.9,0,12.4,0.5,1.79,Enrolled,1,0,0.7142857142857143,0.2857142857142857,0.7142857142857143,0.2857142857142857,-0.41999999999999993,0,1.56
1,12,1,13,1,1,1,22,27,10,9,1,0,0,1,0,1,36,0,0,7,11,6,12.35,0,0,7,12,5,12.5,0,8.9,1.4,3.51,Graduate,2,0,0.8571428571428571,0.1428571428571429,0.7142857142857143,0.2857142857142857,0.15000000000000036,-1,1.59
1,12,1,6,1,9,1,22,27,11,10,0,0,0,1,1,0,51,0,0,6,0,0,0.0,0,0,6,0,0,0.0,0,12.4,0.5,1.79,Dropout,0,1,0.0,1.0,0.0,1.0,0.0,0,5.5
1,1,3,14,1,1,1,1,14,6,6,1,0,0,1,1,1,20,0,0,6,7,6,11.333333333333334,0,0,6,10,4,10.571428571428571,0,10.8,1.4,1.74,Enrolled,1,0,1.0,0.0,0.6666666666666666,0.33333333333333337,-0.7619047619047628,-2,0.5
1,12,1,3,0,13,1,1,1,5,5,0,0,1,0,1,0,29,0,0,6,6,0,0.0,0,0,5,5,0,0.0,0,8.9,1.4,3.51,Dropout,0,1,0.0,1.0,0.0,1.0,0.0,0,8.0
1,15,1,10,1,14,1,1,14,5,6,0,0,1,0,1,0,27,0,3,6,8,5,11.6,0,2,6,9,5,12.0,0,13.9,-0.3,0.79,Dropout,0,1,0.8333333333333334,0.16666666666666663,0.8333333333333334,0.16666666666666663,0.40000000000000036,0,3.81
1,12,1,7,1,1,1,13,27,10,5,1,0,0,1,1,0,33,0,0,5,10,4,12.0,0,0,5,8,3,13.666666666666666,1,7.6,2.6,0.32,Enrolled,1,0,0.8,0.19999999999999996,0.6,0.4,1.666666666666666,-1,2.1
2,2,1,9,1,2,1,22,27,10,10,0,0,0,0,1,0,57,0,12,15,17,12,11.75,0,9,14,16,9,12.22222222222222,0,9.4,-0.8,-3.12,Dropout,0,1,0.8,0.19999999999999996,0.6428571428571429,0.3571428571428571,0.47222222222221966,-3,2.28
1,1,1,14,1,1,1,4,2,15,17,1,0,0,1,1,0,20,0,0,6,8,5,12.8,0,0,6,10,5,11.6,0,13.9,-0.3,0.79,Enrolled,1,0,0.8333333333333334,0.16666666666666663,0.8333333333333334,0.16666666666666663,-1.200000000000001,0,1.31
1,12,1,14,1,1,1,1,1,5,5,0,0,0,1,1,0,26,0,0,5,7,3,11.333333333333334,0,0,5,7,3,13.666666666666666,0,9.4,-0.8,-3.12,Dropout,0,1,0.6,0.4,0.6,0.4,2.333333333333332,0,2.0
1,14,1,7,1,1,1,1,1,10,3,0,0,1,0,1,0,27,0,0,5,5,0,0.0,0,0,5,7,0,0.0,0,13.9,-0.3,0.79,Enrolled,1,0,0.0,1.0,0.0,1.0,0.0,0,8.0
1,1,1,14,1,1,1,1,27,5,10,0,0,0,1,1,0,19,0,0,5,5,5,10.8,0,0,5,5,4,12.25,0,9.4,-0.8,-3.12,Graduate,2,0,1.0,0.0,0.8,0.19999999999999996,1.4499999999999993,-1,0.0
1,15,1,6,1,14,1,10,28,5,9,1,0,0,1,1,0,23,0,1,6,10,5,12.5,0,1,6,8,2,13.5,0,12.4,0.5,1.79,Dropout,0,1,0.8333333333333334,0.16666666666666663,0.3333333333333333,0.6666666666666667,1.0,-3,1.75
1,12,1,17,0,1,1,13,28,6,6,0,0,0,1,1,0,27,0,0,5,5,5,15.2,0,0,5,6,5,14.166666666666666,0,10.8,1.4,1.74,Graduate,2,0,1.0,0.0,1.0,0.0,-1.0333333333333332,0,0.0
1,1,6,12,1,1,1,13,27,4,6,1,0,1,1,1,1,20,0,0,7,7,7,13.314285714285717,0,0,8,8,8,12.575,0,12.4,0.5,1.79,Graduate,2,0,1.0,0.0,1.0,0.0,-0.7392857142857174,1,1.25
1,9,1,5,1,1,1,23,28,8,6,0,0,0,1,0,1,19,0,6,12,12,11,13.090909090909092,0,5,11,12,11,12.083333333333334,0,10.8,1.4,1.74,Graduate,2,0,0.9166666666666666,0.08333333333333337,1.0,0.0,-1.0075757575757578,0,0.29
1,1,1,8,1,1,1,3,14,3,10,1,0,1,0,0,0,19,0,0,6,0,0,0.0,0,0,6,0,0,0.0,0,11.1,0.6,2.02,Dropout,0,1,0.0,1.0,0.0,1.0,0.0,0,8.0
1,1,1,5,1,1,1,22,14,10,4,1,0,0,1,0,0,20,0,0,6,8,5,12.2,0,0,6,6,6,11.5,0,16.2,0.3,-0.92,Graduate,2,0,0.8333333333333334,0.16666666666666663,1.0,0.0,-0.6999999999999993,1,1.31
2,4,1,9,1,3,1,13,1,10,10,0,0,0,1,0,0,33,0,5,8,10,6,12.833333333333334,0,2,5,8,4,12.0,0,11.1,0.6,2.02,Enrolled,1,0,0.75,0.25,0.8,0.19999999999999996,-0.8333333333333339,-2,1.4
1,14,1,17,0,1,1,22,27,10,10,1,0,0,1,0,0,22,0,9,15,17,15,11.2,0,9,14,15,14,12.428571428571429,0,7.6,2.6,0.32,Graduate,2,0,1.0,0.0,1.0,0.0,1.2285714285714295,-1,0.41
1,1,6,9,1,1,1,13,10,5,5,1,0,0,1,0,0,18,0,0,5,8,3,12.333333333333334,0,0,5,7,4,12.0,0,7.6,2.6,0.32,Graduate,2,0,0.6,0.4,0.8,0.19999999999999996,-0.3333333333333339,1,2.19
5,12,1,12,1,3,1,22,28,10,10,0,0,0,1,0,0,27,0,0,8,8,7,15.94285714285714,0,0,8,8,7,15.94285714285714,0,12.7,3.7,-1.7,Graduate,2,0,0.875,0.125,0.875,0.125,0.0,0,0.44
1,12,1,17,0,1,1,22,27,10,8,0,0,0,1,0,0,27,0,0,5,0,0,0.0,0,0,5,0,0,0.0,0,15.5,2.8,-4.06,Dropout,0,1,0.0,1.0,0.0,1.0,0.0,0,5.5
1,1,1,10,1,1,1,22,27,10,10,1,0,0,1,0,0,19,0,0,6,10,4,10.25,0,0,6,8,6,10.714285714285714,0,11.1,0.6,2.02,Graduate,2,0,0.6666666666666666,0.33333333333333337,1.0,0.0,0.4642857142857135,2,2.1
1,8,1,16,1,1,1,23,28,10,8,1,0,0,1,0,1,20,0,0,6,10,5,13.2,0,0,6,12,5,12.833333333333334,0,9.4,-0.8,-3.12,Enrolled,1,0,0.8333333333333334,0.16666666666666663,0.8333333333333334,0.16666666666666663,-0.36666666666666536,0,1.75
1,1,1,3,0,1,1,23,14,7,11,0,0,0,1,0,1,23,0,0,6,6,6,14.166666666666666,0,0,6,6,6,12.5,0,12.7,3.7,-1.7,Graduate,2,0,1.0,0.0,1.0,0.0,-1.666666666666666,0,0.0
1,14,1,12,1,1,1,17,28,12,4,1,0,0,1,0,1,22,0,18,23,23,20,14.575,3,18,23,23,20,14.575,3,7.6,2.6,0.32,Graduate,2,0,0.8695652173913043,0.13043478260869568,0.8695652173913043,0.13043478260869568,0.0,0,0.72
1,8,2,11,1,1,1,13,14,8,8,1,0,0,1,0,1,18,0,0,6,9,1,10.0,1,0,6,6,0,0.0,0,12.7,3.7,-1.7,Dropout,0,1,0.16666666666666666,0.8333333333333334,0.0,1.0,-10.0,-1,3.44
1,1,4,10,1,1,1,13,28,10,10,0,0,0,1,0,1,18,0,0,6,7,6,12.285714285714286,0,0,6,8,6,11.428571428571429,0,12.4,0.5,1.79,Graduate,2,0,1.0,0.0,1.0,0.0,-0.8571428571428577,0,0.5
1,12,1,3,0,1,1,23,28,10,10,0,0,0,1,0,1,31,0,0,6,6,6,14.0,0,0,6,6,6,12.333333333333334,0,10.8,1.4,1.74,Graduate,2,0,1.0,0.0,1.0,0.0,-1.666666666666666,0,0.0
1,8,4,15,1,1,1,23,14,10,10,0,0,0,1,0,0,19,0,0,6,8,4,11.25,0,0,6,0,0,0.0,0,15.5,2.8,-4.06,Dropout,0,1,0.6666666666666666,0.33333333333333337,0.0,1.0,-11.25,-4,1.75
1,1,1,10,1,1,1,22,27,10,10,1,0,0,1,0,0,19,0,0,6,11,5,11.6,0,0,6,11,6,11.666666666666666,0,7.6,2.6,0.32,Enrolled,1,0,0.8333333333333334,0.16666666666666663,1.0,0.0,0.06666666666666643,1,1.91
1,8,1,3,0,1,1,13,27,5,8,0,0,0,1,0,0,24,0,0,6,12,1,12.0,0,0,6,12,0,0.0,0,10.8,1.4,1.74,Dropout,0,1,0.16666666666666666,0.8333333333333334,0.0,1.0,-12.0,-1,3.21
1,1,1,12,1,1,1,23,14,4,11,0,0,0,1,0,0,19,0,0,7,10,7,13.47,0,0,8,8,8,13.32625,0,15.5,2.8,-4.06,Graduate,2,0,1.0,0.0,1.0,0.0,-0.1437500000000007,1,1.05
1,8,4,9,1,1,1,1,1,5,6,1,0,0,1,0,0,19,0,0,5,6,5,12.4,0,0,5,5,5,12.8,0,7.6,2.6,0.32,Graduate,2,0,1.0,0.0,1.0,0.0,0.40000000000000036,0,0.58
1,12,1,14,1,1,1,22,27,10,10,1,0,0,0,0,0,26,0,0,6,9,3,11.75,0,0,6,11,4,11.5,3,16.2,0.3,-0.92,Dropout,0,1,0.5,0.5,0.6666666666666666,0.33333333333333337,-0.25,1,3.58
1,1,1,2,1,1,14,22,27,10,10,1,0,1,0,1,0,27,1,0,0,0,0,0.0,0,0,0,0,0,0.0,0,7.6,2.6,0.32,Dropout,0,1,0.0,1.0,0.0,1.0,0.0,0,8.0
1,8,4,10,1,1,1,13,14,5,8,1,0,0,1,0,0,19,0,0,6,7,6,12.0,0,0,6,7,6,12.428571428571429,0,11.1,0.6,2.02,Graduate,2,0,1.0,0.0,1.0,0.0,0.4285714285714288,0,0.5
2,12,1,6,1,1,1,13,14,2,5,0,0,0,1,0,0,29,0,0,5,8,5,15.333333333333334,2,0,5,6,5,15.4,0,9.4,-0.8,-3.12,Dropout,0,1,1.0,0.0,1.0,0.0,0.06666666666666643,0,2.11
1,1,6,12,1,1,1,1,28,5,6,1,0,0,1,0,1,18,0,0,8,8,8,12.32,0,0,8,8,8,12.32,0,9.4,-0.8,-3.12,Graduate,2,0,1.0,0.0,1.0,0.0,0.0,0,0.0
1,1,1,12,1,1,1,1,14,10,11,1,0,0,1,0,0,19,0,0,7,7,7,13.79857142857143,0,0,8,8,8,14.75625,0,11.1,0.6,2.02,Graduate,2,0,1.0,0.0,1.0,0.0,0.9576785714285698,1,0.0
1,1,5,15,1,1,1,23,1,5,6,1,0,0,1,0,0,18,0,0,6,6,6,13.166666666666666,0,0,6,6,6,12.5,0,15.5,2.8,-4.06,Enrolled,1,0,1.0,0.0,1.0,0.0,-0.6666666666666661,0,0.0
1,1,1,9,1,1,1,1,28,4,10,0,0,0,1,0,1,18,0,0,5,6,5,16.333333333333332,0,0,5,5,5,15.4,0,15.5,2.8,-4.06,Graduate,2,0,1.0,0.0,1.0,0.0,-0.9333333333333318,0,0.58
1,13,1,2,1,1,1,1,1,2,5,1,0,0,1,0,0,19,0,0,0,0,0,0.0,0,0,0,0,0,0.0,0,12.7,3.7,-1.7,Dropout,0,1,0.0,1.0,0.0,1.0,0.0,0,5.5
1,8,4,12,1,1,1,4,4,5,5,1,0,0,1,0,0,19,0,0,7,7,7,14.757142857142856,0,0,8,9,8,15.366666666666667,0,12.4,0.5,1.79,Graduate,2,0,1.0,0.0,1.0,0.0,0.6095238095238109,1,0.0
1,8,4,11,1,1,1,1,1,5,5,1,0,0,1,0,0,19,0,0,6,7,6,11.666666666666666,0,0,6,6,6,12.333333333333334,0,13.9,-0.3,0.79,Dropout,0,1,1.0,0.0,1.0,0.0,0.6666666666666679,0,0.5
1,1,1,14,1,1,1,3,28,3,10,1,0,0,1,0,0,19,0,0,6,7,5,12.6,0,0,6,10,5,12.375,0,10.8,1.4,1.74,Enrolled,1,0,0.8333333333333334,0.16666666666666663,0.8333333333333334,0.16666666666666663,-0.22499999999999964,0,1.0
1,1,1,15,1,1,1,1,14,10,8,0,0,0,1,0,0,19,0,0,6,6,6,11.666666666666666,0,0,6,6,6,11.5,0,12.7,3.7,-1.7,Graduate,2,0,1.0,0.0,1.0,0.0,-0.16666666666666607,0,0.0
1,1,1,10,1,1,1,13,28,6,9,0,0,0,1,0,1,19,0,0,6,6,6,15.0,0,0,6,6,6,13.333333333333334,0,8.9,1.4,3.51,Graduate,2,0,1.0,0.0,1.0,0.0,-1.666666666666666,0,0.0
1,1,5,12,1,1,1,22,27,8,10,1,0,1,0,0,0,18,0,0,7,0,0,0.0,0,0,8,0,0,0.0,0,9.4,-0.8,-3.12,Dropout,0,1,0.0,1.0,0.0,1.0,0.0,0,8.0
1,1,4,15,1,1,1,13,14,10,8,1,0,0,1,0,0,20,0,0,6,7,6,13.571428571428571,0,0,6,6,6,13.333333333333334,0,13.9,-0.3,0.79,Graduate,2,0,1.0,0.0,1.0,0.0,-0.23809523809523725,0,0.5
1,8,1,11,1,1,1,13,14,4,11,0,0,0,1,0,0,20,0,0,6,8,5,10.8,0,0,6,9,4,11.5,0,9.4,-0.8,-3.12,Graduate,2,0,0.8333333333333334,0.16666666666666663,0.6666666666666666,0.33333333333333337,0.6999999999999993,-1,1.31
1,1,1,6,1,1,1,23,27,2,2,1,0,0,1,0,0,21,0,0,5,8,3,11.333333333333334,1,0,5,8,3,13.333333333333334,0,12.7,3.7,-1.7,Enrolled,1,0,0.6,0.4,0.6,0.4,2.0,0,2.59
2,1,1,17,0,2,1,22,27,7,4,0,0,0,1,0,0,31,0,4,10,16,5,11.4,0,4,10,10,6,12.833333333333334,0,9.4,-0.8,-3.12,Dropout,0,1,0.5,0.5,0.6,0.4,1.4333333333333336,1,2.41
1,1,1,13,1,1,1,22,28,8,10,0,0,0,1,0,1,20,0,0,7,14,7,10.642857142857142,0,0,8,8,8,11.55,0,12.7,3.7,-1.7,Graduate,2,0,1.0,0.0,1.0,0.0,0.9071428571428584,1,1.75
1,8,5,14,1,1,1,13,21,8,8,1,0,0,1,0,1,19,0,0,5,8,3,10.5,0,0,5,6,4,11.75,1,7.6,2.6,0.32,Enrolled,1,0,0.6,0.4,0.8,0.19999999999999996,1.25,1,2.19
1,1,1,12,1,1,1,23,28,10,10,1,0,0,1,0,0,18,0,0,7,7,6,14.65,0,0,7,7,6,14.65,0,7.6,2.6,0.32,Graduate,2,0,0.8571428571428571,0.1428571428571429,0.8571428571428571,0.1428571428571429,0.0,0,0.5
1,8,3,12,1,1,1,13,27,8,8,1,0,0,1,0,1,19,0,0,7,7,7,13.714285714285714,0,0,8,11,8,14.863636363636363,0,16.2,0.3,-0.92,Graduate,2,0,1.0,0.0,1.0,0.0,1.1493506493506498,1,0.0
1,14,1,10,1,1,1,19,24,1,1,0,0,0,1,0,0,30,0,9,16,19,15,12.266666666666667,0,11,13,14,13,12.071428571428571,0,9.4,-0.8,-3.12,Graduate,2,0,0.9375,0.0625,1.0,0.0,-0.19523809523809632,-2,0.74
1,8,1,10,1,1,1,22,14,10,9,1,0,0,1,0,0,21,0,0,6,11,6,10.375,0,0,6,12,3,11.666666666666666,0,12.7,3.7,-1.7,Enrolled,1,0,1.0,0.0,0.5,0.5,1.291666666666666,-3,1.59
1,9,1,9,1,1,1,13,14,10,6,1,0,0,1,0,0,19,0,0,5,8,5,11.0,0,0,5,6,5,15.4,0,12.4,0.5,1.79,Graduate,2,0,1.0,0.0,1.0,0.0,4.4,0,1.31
1,1,6,9,1,1,1,1,27,5,10,1,0,1,1,0,0,22,0,0,5,5,5,13.8,0,0,5,5,5,13.0,0,7.6,2.6,0.32,Graduate,2,0,1.0,0.0,1.0,0.0,-0.8000000000000007,0,1.25
1,1,1,15,1,1,1,1,28,5,10,0,0,0,1,0,1,18,0,0,6,6,6,12.666666666666666,0,0,6,6,6,12.833333333333334,0,11.1,0.6,2.02,Graduate,2,0,1.0,0.0,1.0,0.0,0.16666666666666785,0,0.0
1,8,1,10,1,1,1,3,1,4,5,1,0,0,1,0,0,18,0,0,6,8,6,11.75,0,0,6,10,5,12.0,0,12.7,3.7,-1.7,Graduate,2,0,1.0,0.0,0.8333333333333334,0.16666666666666663,0.25,-1,0.88
1,1,3,12,1,1,1,23,28,10,9,1,0,0,1,0,1,19,0,0,8,8,7,12.785714285714286,0,0,8,8,7,12.785714285714286,0,12.7,3.7,-1.7,Graduate,2,0,0.875,0.125,0.875,0.125,0.0,0,0.44
1,1,1,8,1,1,1,3,1,3,5,1,0,0,1,0,0,18,0,0,6,11,6,14.444444444444445,0,0,6,6,6,13.333333333333334,0,16.2,0.3,-0.92,Graduate,2,0,1.0,0.0,1.0,0.0,-1.1111111111111107,0,1.59
1,1,6,12,1,1,1,1,1,5,5,1,0,0,1,0,0,21,0,0,7,8,6,13.25,0,0,8,8,8,13.8375,0,13.9,-0.3,0.79,Enrolled,1,0,0.8571428571428571,0.1428571428571429,1.0,0.0,0.5875000000000004,2,0.88
1,8,1,12,1,1,1,2,28,3,11,1,0,0,1,0,0,18,0,0,7,9,7,12.50625,0,0,8,15,5,13.2,0,13.9,-0.3,0.79,Enrolled,1,0,1.0,0.0,0.625,0.375,0.6937499999999996,-2,0.78
1,1,1,2,1,1,1,1,30,5,4,1,0,0,1,0,0,20,0,0,0,0,0,0.0,0,0,0,0,0,0.0,0,11.1,0.6,2.02,Graduate,2,0,0.0,1.0,0.0,1.0,0.0,0,5.5
1,1,1,6,1,1,1,23,27,10,8,1,0,0,1,0,0,18,0,0,5,8,4,12.75,1,0,5,10,4,11.75,0,12.7,3.7,-1.7,Graduate,2,0,0.8,0.19999999999999996,0.8,0.19999999999999996,-1.0,0,2.15
1,12,1,6,1,3,1,2,3,5,8,1,0,0,1,0,0,25,0,1,6,7,6,16.857142857142858,0,1,6,6,6,16.5,0,13.9,-0.3,0.79,Graduate,2,0,1.0,0.0,1.0,0.0,-0.35714285714285765,0,0.5
1,1,1,15,1,1,1,13,14,5,4,0,0,0,1,0,0,19,0,0,6,6,6,13.166666666666666,0,0,6,6,6,15.0,0,16.2,0.3,-0.92,Graduate,2,0,1.0,0.0,1.0,0.0,1.833333333333334,0,0.0
1,1,1,16,1,1,1,13,28,3,8,1,0,0,1,0,1,19,0,0,6,9,5,12.2,0,0,6,10,4,11.5,0,7.6,2.6,0.32,Enrolled,1,0,0.8333333333333334,0.16666666666666663,0.6666666666666666,0.33333333333333337,-0.6999999999999993,-1,1.56
1,12,1,6,1,1,1,13,1,10,11,1,0,0,1,0,0,26,0,0,6,7,6,16.5,0,0,6,8,6,14.285714285714286,0,8.9,1.4,3.51,Graduate,2,0,1.0,0.0,1.0,0.0,-2.2142857142857135,0,0.5
1,8,2,9,1,1,1,1,14,5,6,1,0,0,1,0,0,21,0,0,5,10,4,11.75,0,0,5,6,5,11.6,0,12.4,0.5,1.79,Graduate,2,0,0.8,0.19999999999999996,1.0,0.0,-0.15000000000000036,1,2.1
1,1,1,9,1,1,1,23,28,3,10,0,0,0,1,0,0,19,0,0,5,14,1,11.0,0,0,5,6,0,0.0,0,13.9,-0.3,0.79,Dropout,0,1,0.2,0.8,0.0,1.0,-11.0,-1,3.25
1,8,1,12,1,1,1,22,27,10,10,0,0,0,1,0,1,19,0,0,8,8,7,15.114285714285714,0,0,8,8,7,15.114285714285714,0,12.7,3.7,-1.7,Graduate,2,0,0.875,0.125,0.875,0.125,0.0,0,0.44
1,1,1,10,1,1,1,22,28,10,9,1,0,0,1,0,1,18,0,0,6,8,6,15.5,0,0,6,7,6,14.285714285714286,0,16.2,0.3,-0.92,Graduate,2,0,1.0,0.0,1.0,0.0,-1.2142857142857135,0,0.88
2,14,1,17,0,1,1,22,27,10,8,0,0,0,1,0,1,32,0,3,10,12,7,11.142857142857142,0,4,10,10,8,12.0,0,10.8,1.4,1.74,Graduate,2,0,0.7,0.30000000000000004,0.8,0.19999999999999996,0.8571428571428577,1,1.46
1,1,1,10,1,1,1,3,1,6,6,0,0,0,1,0,1,18,0,0,6,6,6,11.333333333333334,0,0,6,8,6,11.333333333333334,0,15.5,2.8,-4.06,Graduate,2,0,1.0,0.0,1.0,0.0,0.0,0,0.0
1,1,5,12,1,1,1,1,1,4,5,0,0,0,1,0,0,20,0,0,7,9,5,12.04,0,0,7,9,6,11.77142857142857,0,12.4,0.5,1.79,Enrolled,1,0,0.7142857142857143,0.2857142857142857,0.8571428571428571,0.1428571428571429,-0.2685714285714287,1,1.56
1,8,3,9,1,1,1,23,14,8,8,0,0,0,1,0,0,20,0,0,5,7,5,11.166666666666666,0,0,5,9,4,10.75,0,15.5,2.8,-4.06,Enrolled,1,0,1.0,0.0,0.8,0.19999999999999996,-0.4166666666666661,-1,1.0
4,12,1,14,1,1,1,22,27,5,11,0,0,1,1,0,1,39,0,0,5,6,5,10.6,0,0,5,7,4,10.75,0,9.4,-0.8,-3.12,Graduate,2,0,1.0,0.0,0.8,0.19999999999999996,0.15000000000000036,-1,1.83
1,1,1,8,1,1,1,1,1,10,10,1,0,0,1,0,0,20,0,0,5,10,4,12.5,0,0,5,12,2,13.0,0,12.7,3.7,-1.7,Enrolled,1,0,0.8,0.19999999999999996,0.4,0.6,0.5,-2,2.1
1,1,1,2,1,1,1,3,1,5,5,1,0,1,0,0,0,18,0,0,0,0,0,0.0,0,0,0,0,0,0.0,0,12.4,0.5,1.79,Dropout,0,1,0.0,1.0,0.0,1.0,0.0,0,8.0
1,8,1,15,1,1,1,2,1,15,26,0,0,1,1,0,1,18,0,0,6,6,6,15.666666666666666,0,0,6,6,6,13.833333333333334,0,8.9,1.4,3.51,Graduate,2,0,1.0,0.0,1.0,0.0,-1.8333333333333321,0,1.25
1,1,1,2,1,1,1,3,3,3,3,1,0,0,1,0,0,21,0,6,12,12,12,15.333333333333334,0,4,11,15,11,15.0,0,8.9,1.4,3.51,Graduate,2,0,1.0,0.0,1.0,0.0,-0.3333333333333339,-1,0.0
1,1,5,12,1,1,1,1,1,4,9,1,0,0,1,0,0,18,0,0,7,9,6,12.183333333333332,0,0,7,9,6,11.783333333333331,0,16.2,0.3,-0.92,Enrolled,1,0,0.8571428571428571,0.1428571428571429,0.8571428571428571,0.1428571428571429,-0.40000000000000036,0,1.17
1,1,2,9,1,1,1,22,27,10,10,0,0,0,1,0,0,18,0,0,5,8,2,10.0,0,0,5,9,3,11.333333333333334,0,7.6,2.6,0.32,Enrolled,1,0,0.4,0.6,0.6,0.4,1.333333333333334,1,2.62
1,14,1,4,1,1,1,1,28,5,8,1,0,0,1,0,0,21,0,9,14,23,9,12.0,2,6,12,21,8,11.25,0,15.5,2.8,-4.06,Graduate,2,0,0.6428571428571429,0.3571428571428571,0.6666666666666666,0.33333333333333337,-0.75,-1,2.42
1,1,1,9,1,1,1,13,14,6,6,1,0,0,1,0,0,22,0,0,5,8,3,10.333333333333334,0,0,5,11,2,10.0,0,7.6,2.6,0.32,Dropout,0,1,0.6,0.4,0.4,0.6,-0.3333333333333339,-1,2.19
1,8,1,11,1,1,1,1,1,5,5,1,0,0,1,1,0,21,0,0,6,11,6,11.166666666666666,0,0,6,14,3,14.666666666666666,0,7.6,2.6,0.32,Enrolled,1,0,1.0,0.0,0.5,0.5,3.5,-3,1.59
1,14,1,5,1,1,1,13,14,10,10,1,0,0,1,1,1,20,0,0,6,8,3,11.0,0,0,6,8,2,11.333333333333334,0,10.8,1.4,1.74,Enrolled,1,0,0.5,0.5,0.3333333333333333,0.6666666666666667,0.3333333333333339,-1,2.19
1,1,2,2,1,1,1,23,14,10,10,1,0,0,1,1,1,21,0,0,0,0,0,0.0,0,0,0,0,0,0.0,0,10.8,1.4,1.74,Graduate,2,0,0.0,1.0,0.0,1.0,0.0,0,5.5
1,1,1,11,1,1,14,1,1,10,10,1,0,0,1,0,1,20,1,0,6,7,6,12.857142857142858,0,0,6,8,5,11.8,0,8.9,1.4,3.51,Graduate,2,0,1.0,0.0,0.8333333333333334,0.16666666666666663,-1.057142857142857,-1,0.5
1,1,4,12,1,1,1,13,28,10,10,1,0,0,1,0,0,19,0,0,8,8,7,14.328571428571427,0,0,8,8,7,14.328571428571427,0,10.8,1.4,1.74,Graduate,2,0,0.875,0.125,0.875,0.125,0.0,0,0.44
1,1,1,10,1,1,1,1,28,6,8,0,0,0,1,0,1,20,0,0,6,7,6,15.0,0,0,6,6,6,16.333333333333332,0,13.9,-0.3,0.79,Graduate,2,0,1.0,0.0,1.0,0.0,1.3333333333333321,0,0.5
1,1,1,6,1,1,1,13,27,10,10,1,0,0,1,0,0,19,0,0,5,9,5,13.6,1,0,5,5,5,12.4,0,12.7,3.7,-1.7,Graduate,2,0,1.0,0.0,1.0,0.0,-1.1999999999999993,0,1.96
1,1,1,6,1,1,1,1,1,3,8,1,0,0,1,0,1,18,0,0,5,12,5,12.857142857142858,2,0,5,8,4,13.25,0,9.4,-0.8,-3.12,Graduate,2,0,1.0,0.0,0.8,0.19999999999999996,0.39285714285714235,-1,2.84
1,8,2,16,1,1,1,3,1,3,4,1,0,0,1,0,0,18,0,0,6,7,2,14.5,0,0,6,6,1,10.0,0,15.5,2.8,-4.06,Dropout,0,1,0.3333333333333333,0.6666666666666667,0.16666666666666666,0.8333333333333334,-4.5,-1,2.5
1,12,1,17,0,1,1,13,28,10,9,0,1,0,1,0,0,24,0,0,5,7,3,10.666666666666666,0,0,5,7,3,10.5,0,10.8,1.4,1.74,Dropout,0,1,0.6,0.4,0.6,0.4,-0.16666666666666607,0,2.0
1,1,1,11,1,1,1,1,1,5,3,0,0,1,0,0,1,21,0,0,6,7,6,13.428571428571429,0,0,6,8,6,11.333333333333334,0,8.9,1.4,3.51,Dropout,0,1,1.0,0.0,1.0,0.0,-2.095238095238095,0,3.0
1,1,3,12,1,1,1,1,27,9,8,1,0,0,1,1,1,18,0,0,7,12,7,11.716666666666663,0,0,8,13,4,10.868,0,15.5,2.8,-4.06,Graduate,2,0,1.0,0.0,0.5,0.5,-0.8486666666666629,-3,1.46
1,8,1,9,1,1,1,1,27,5,9,1,0,0,1,1,1,20,0,0,5,11,4,12.0,0,0,5,5,5,12.8,0,11.1,0.6,2.02,Graduate,2,0,0.8,0.19999999999999996,1.0,0.0,0.8000000000000007,1,2.23
1,9,2,16,1,1,1,1,3,10,3,1,0,1,0,0,0,20,0,0,6,11,5,13.2,0,0,6,8,4,10.75,0,10.8,1.4,1.74,Dropout,0,1,0.8333333333333334,0.16666666666666663,0.6666666666666666,0.33333333333333337,-2.4499999999999993,-1,4.41
1,8,3,11,1,1,1,10,28,6,8,1,0,1,1,0,0,18,0,0,6,7,5,12.2,0,0,6,10,4,12.25,0,12.4,0.5,1.79,Dropout,0,1,0.8333333333333334,0.16666666666666663,0.6666666666666666,0.33333333333333337,0.05000000000000071,-1,2.25
1,12,1,13,1,1,1,23,14,10,7,1,0,0,1,0,1,25,0,0,7,11,5,12.58,0,0,7,9,6,12.157142857142857,0,8.9,1.4,3.51,Graduate,2,0,0.7142857142857143,0.2857142857142857,0.8571428571428571,0.1428571428571429,-0.4228571428571435,1,1.91
1,8,5,10,1,1,1,13,27,6,8,1,0,0,1,0,1,19,0,0,6,9,5,11.333333333333334,0,0,6,6,6,10.833333333333334,0,13.9,-0.3,0.79,Enrolled,1,0,0.8333333333333334,0.16666666666666663,1.0,0.0,-0.5,1,1.56
2,12,1,1,1,1,1,23,1,10,6,0,0,1,1,1,0,35,0,0,7,9,0,0.0,0,0,7,8,0,0.0,0,11.1,0.6,2.02,Dropout,0,1,0.0,1.0,0.0,1.0,0.0,0,6.75
1,1,4,12,1,1,1,13,14,10,6,1,0,0,1,0,1,19,0,0,7,9,6,12.428571428571429,0,0,8,8,8,14.0,0,13.9,-0.3,0.79,Graduate,2,0,0.8571428571428571,0.1428571428571429,1.0,0.0,1.5714285714285712,2,1.17
1,1,1,14,1,1,1,23,28,10,10,1,0,0,1,1,1,18,0,0,6,6,6,13.0,0,0,6,6,6,13.0,0,13.9,-0.3,0.79,Dropout,0,1,1.0,0.0,1.0,0.0,0.0,0,0.0
1,1,1,12,1,1,1,3,14,4,11,0,0,0,1,1,0,19,0,0,8,8,7,14.535714285714286,0,0,8,8,7,14.535714285714286,0,10.8,1.4,1.74,Graduate,2,0,0.875,0.125,0.875,0.125,0.0,0,0.44
1,14,1,12,1,1,1,13,28,10,8,1,0,0,1,1,1,19,0,0,7,8,5,11.2,0,0,7,8,5,11.2,0,7.6,2.6,0.32,Enrolled,1,0,0.7142857142857143,0.2857142857142857,0.7142857142857143,0.2857142857142857,0.0,0,1.31
1,8,1,5,1,1,1,3,3,4,4,0,0,0,1,1,0,18,0,0,6,6,6,16.0,0,0,6,6,6,13.666666666666666,0,12.4,0.5,1.79,Graduate,2,0,1.0,0.0,1.0,0.0,-2.333333333333334,0,0.0
1,12,1,8,1,12,1,13,3,10,3,1,0,1,1,1,0,24,0,0,6,13,5,13.142857142857142,0,0,6,15,3,12.666666666666666,0,16.2,0.3,-0.92,Dropout,0,1,0.8333333333333334,0.16666666666666663,0.5,0.5,-0.4761904761904763,-2,3.4
1,14,1,3,0,1,3,19,24,1,1,1,0,0,1,1,0,25,1,8,14,23,11,11.6875,0,6,10,20,8,11.142857142857142,0,9.4,-0.8,-3.12,Graduate,2,0,0.7857142857142857,0.2142857142857143,0.8,0.19999999999999996,-0.5446428571428577,-3,1.83
1,12,1,7,1,1,1,22,3,10,4,1,0,0,1,1,0,28,0,0,5,11,4,10.5,0,0,5,12,4,11.0,4,7.6,2.6,0.32,Enrolled,1,0,0.8,0.19999999999999996,0.8,0.19999999999999996,0.5,0,2.23
1,1,1,6,1,1,1,1,28,6,10,0,0,0,1,1,1,19,0,0,6,9,6,13.833333333333334,0,0,6,12,5,13.666666666666666,0,11.1,0.6,2.02,Graduate,2,0,1.0,0.0,0.8333333333333334,0.16666666666666663,-0.16666666666666785,-1,1.17
1,8,2,7,1,1,1,13,1,10,8,0,0,0,1,1,0,19,0,0,5,0,0,0.0,0,0,5,0,0,0.0,0,16.2,0.3,-0.92,Dropout,0,1,0.0,1.0,0.0,1.0,0.0,0,5.5
1,12,1,8,1,8,1,10,26,12,12,0,0,0,0,1,1,30,0,0,5,13,0,0.0,3,0,5,5,0,0.0,5,9.4,-0.8,-3.12,Dropout,0,1,0.0,1.0,0.0,1.0,0.0,0,7.95
1,1,1,12,1,1,1,13,14,5,6,1,0,0,1,1,0,19,0,0,7,9,0,0.0,0,0,7,8,0,0.0,0,15.5,2.8,-4.06,Dropout,0,1,0.0,1.0,0.0,1.0,0.0,0,5.5
1,8,1,9,1,1,1,13,28,5,5,1,0,0,1,1,0,21,0,0,5,10,1,10.0,0,0,5,5,0,0.0,0,11.1,0.6,2.02,Dropout,0,1,0.2,0.8,0.0,1.0,-10.0,-1,3.15
1,1,1,2,1,1,1,22,27,4,6,0,0,0,1,1,0,19,0,0,0,0,0,0.0,0,0,0,0,0,0.0,0,13.9,-0.3,0.79,Dropout,0,1,0.0,1.0,0.0,1.0,0.0,0,5.5
1,12,1,4,1,1,1,13,14,10,6,0,0,0,0,1,0,29,0,0,6,9,0,0.0,0,0,6,6,0,0.0,0,13.9,-0.3,0.79,Dropout,0,1,0.0,1.0,0.0,1.0,0.0,0,6.75
1,1,1,14,1,1,1,13,27,10,10,0,0,0,1,1,0,18,0,0,6,7,4,12.6,0,0,6,6,4,13.0,0,12.4,0.5,1.79,Dropout,0,1,0.6666666666666666,0.33333333333333337,0.6666666666666666,0.33333333333333337,0.40000000000000036,0,1.5
1,1,2,9,1,1,1,1,28,5,6,0,0,0,1,1,0,21,0,0,5,10,3,11.25,0,0,5,9,3,11.0,0,15.5,2.8,-4.06,Enrolled,1,0,0.6,0.4,0.6,0.4,-0.25,0,2.45
1,13,1,5,1,1,1,3,2,4,2,0,0,0,1,1,0,20,0,6,7,13,7,12.375,0,4,7,8,4,11.25,0,13.9,-0.3,0.79,Dropout,0,1,1.0,0.0,0.5714285714285714,0.4285714285714286,-1.125,-3,1.62
1,16,1,17,0,1,1,23,3,6,4,0,0,1,1,1,0,24,0,3,10,15,7,10.714285714285714,0,3,10,11,9,12.555555555555555,0,12.4,0.5,1.79,Enrolled,1,0,0.7,0.30000000000000004,0.9,0.09999999999999998,1.8412698412698418,2,3.12
1,8,2,15,1,1,1,1,1,3,6,1,0,0,0,1,0,18,0,0,6,6,0,0.0,0,0,6,0,0,0.0,0,8.9,1.4,3.51,Dropout,0,1,0.0,1.0,0.0,1.0,0.0,0,6.75
1,13,1,4,1,1,1,1,3,5,3,1,0,0,1,1,0,23,0,0,6,14,5,12.0,0,0,6,12,5,12.142857142857142,0,15.5,2.8,-4.06,Enrolled,1,0,0.8333333333333334,0.16666666666666663,0.8333333333333334,0.16666666666666663,0.14285714285714235,0,2.25
1,1,6,9,1,1,1,1,14,2,7,1,0,0,1,1,0,19,0,0,5,6,5,12.6,0,0,5,8,3,12.666666666666666,0,8.9,1.4,3.51,Graduate,2,0,1.0,0.0,0.6,0.4,0.06666666666666643,-2,0.58
1,4,1,11,1,3,1,13,14,4,4,0,0,0,1,1,0,35,0,0,6,7,0,0.0,0,0,6,6,0,0.0,0,16.2,0.3,-0.92,Dropout,0,1,0.0,1.0,0.0,1.0,0.0,0,5.5
1,1,1,12,1,1,1,1,1,10,10,1,0,0,1,1,0,20,0,0,8,8,7,12.84142857142857,0,0,8,8,7,12.84142857142857,0,10.8,1.4,1.74,Graduate,2,0,0.875,0.125,0.875,0.125,0.0,0,0.44
2,12,1,10,1,16,1,13,28,9,9,0,0,0,1,1,0,33,0,0,6,6,0,0.0,0,0,5,5,0,0.0,0,8.9,1.4,3.51,Dropout,0,1,0.0,1.0,0.0,1.0,0.0,0,5.5
1,1,1,15,1,1,1,1,3,5,2,1,0,0,1,1,0,18,0,0,6,7,6,14.166666666666666,0,0,6,6,6,12.833333333333334,0,9.4,-0.8,-3.12,Graduate,2,0,1.0,0.0,1.0,0.0,-1.3333333333333321,0,0.5
1,1,1,15,1,1,1,5,3,5,5,1,0,0,1,1,0,20,0,0,6,7,6,12.166666666666666,0,0,6,9,3,12.0,0,12.4,0.5,1.79,Enrolled,1,0,1.0,0.0,0.5,0.5,-0.16666666666666607,-3,0.5
1,8,1,15,1,1,1,3,3,3,4,1,0,0,1,1,0,19,0,0,6,12,4,10.8,0,0,6,14,3,11.0,0,13.9,-0.3,0.79,Dropout,0,1,0.6666666666666666,0.33333333333333337,0.5,0.5,0.1999999999999993,-1,2.33
1,8,5,15,1,1,1,23,1,5,5,1,0,0,1,1,0,18,0,0,6,6,6,13.0,0,0,6,12,0,0.0,0,7.6,2.6,0.32,Dropout,0,1,1.0,0.0,0.0,1.0,-13.0,-6,0.0
1,12,1,17,0,1,1,22,27,8,10,0,0,0,0,1,0,28,0,0,5,0,0,0.0,0,0,5,0,0,0.0,0,8.9,1.4,3.51,Dropout,0,1,0.0,1.0,0.0,1.0,0.0,0,6.75
1,1,1,9,1,1,1,5,1,2,6,0,0,0,1,1,0,18,0,0,5,5,5,13.0,0,0,5,6,5,13.333333333333334,0,16.2,0.3,-0.92,Graduate,2,0,1.0,0.0,1.0,0.0,0.3333333333333339,0,0.0
1,1,1,15,1,1,1,2,3,4,4,1,0,1,1,1,0,25,0,0,6,8,6,11.571428571428571,0,0,6,9,6,11.571428571428571,0,15.5,2.8,-4.06,Dropout,0,1,1.0,0.0,1.0,0.0,0.0,0,2.12
1,1,1,10,1,1,1,1,28,5,7,0,1,1,0,1,0,19,0,0,6,6,4,11.5,0,0,6,6,5,11.0,0,8.9,1.4,3.51,Dropout,0,1,0.6666666666666666,0.33333333333333337,0.8333333333333334,0.16666666666666663,-0.5,1,3.67
1,9,2,5,1,1,1,23,14,6,6,0,0,0,1,1,0,18,0,0,6,8,5,11.0,0,0,6,6,4,10.75,0,9.4,-0.8,-3.12,Graduate,2,0,0.8333333333333334,0.16666666666666663,0.6666666666666666,0.33333333333333337,-0.25,-1,1.31
1,4,1,4,1,3,1,3,3,7,3,1,0,0,1,1,0,29,0,1,6,10,6,17.11111111111111,0,2,6,9,6,15.571428571428571,0,13.9,-0.3,0.79,Graduate,2,0,1.0,0.0,1.0,0.0,-1.5396825396825395,0,1.4
1,1,1,2,1,1,1,2,2,4,3,1,0,0,1,1,0,18,0,0,0,0,0,0.0,0,0,0,0,0,0.0,0,7.6,2.6,0.32,Enrolled,1,0,0.0,1.0,0.0,1.0,0.0,0,5.5
1,1,1,11,1,1,1,3,2,5,6,0,0,0,1,1,1,20,0,0,6,9,6,12.571428571428571,0,0,6,6,6,12.166666666666666,0,8.9,1.4,3.51,Graduate,2,0,1.0,0.0,1.0,0.0,-0.4047619047619051,0,1.17
1,15,1,4,1,14,1,3,14,3,7,0,0,0,1,1,0,20,0,0,6,6,0,0.0,0,0,6,8,0,0.0,0,15.5,2.8,-4.06,Dropout,0,1,0.0,1.0,0.0,1.0,0.0,0,5.5
1,1,4,5,1,1,1,3,3,3,3,1,0,0,1,1,0,18,0,0,6,7,6,14.5,0,0,6,6,6,15.166666666666666,0,9.4,-0.8,-3.12,Graduate,2,0,1.0,0.0,1.0,0.0,0.6666666666666661,0,0.5
1,1,6,11,1,1,1,3,1,3,3,1,0,0,1,1,1,21,0,0,6,6,6,13.5,0,0,6,6,6,12.333333333333334,0,12.4,0.5,1.79,Graduate,2,0,1.0,0.0,1.0,0.0,-1.166666666666666,0,0.0
1,8,2,11,1,1,1,3,3,3,3,0,0,0,0,1,0,18,0,0,6,9,5,11.2,0,0,6,14,2,10.0,0,9.4,-0.8,-3.12,Dropout,0,1,0.8333333333333334,0.16666666666666663,0.3333333333333333,0.6666666666666667,-1.1999999999999993,-3,2.81
1,1,5,7,1,1,1,22,27,12,12,1,0,0,1,1,0,20,0,0,5,10,3,10.666666666666666,0,0,5,5,4,12.25,0,7.6,2.6,0.32,Graduate,2,0,0.6,0.4,0.8,0.19999999999999996,1.583333333333334,1,2.45
1,14,1,3,0,1,1,22,27,10,10,0,0,0,1,0,0,23,0,9,13,15,9,11.0,0,4,11,12,7,11.571428571428571,0,15.5,2.8,-4.06,Enrolled,1,0,0.6923076923076923,0.3076923076923077,0.6363636363636364,0.36363636363636365,0.5714285714285712,-2,1.4
1,12,1,17,0,1,1,1,27,10,9,0,0,0,1,0,0,26,0,0,1,2,0,0.0,0,0,5,8,0,0.0,0,16.2,0.3,-0.92,Dropout,0,1,0.0,1.0,0.0,1.0,0.0,0,5.5
1,8,3,14,1,1,1,22,27,9,9,0,0,1,1,0,0,19,0,0,5,5,1,10.0,0,0,5,5,0,0.0,0,9.4,-0.8,-3.12,Dropout,0,1,0.2,0.8,0.0,1.0,-10.0,-1,4.05
1,12,1,13,1,1,1,22,28,10,10,1,0,1,0,0,1,24,0,0,7,14,5,12.36,0,1,8,15,5,12.0,0,8.9,1.4,3.51,Dropout,0,1,0.7142857142857143,0.2857142857142857,0.625,0.375,-0.35999999999999943,0,4.75
1,1,1,14,1,1,1,13,28,10,8,1,0,0,1,0,1,20,0,0,6,8,6,15.25,0,0,6,7,6,14.714285714285714,0,11.1,0.6,2.02,Graduate,2,0,1.0,0.0,1.0,0.0,-0.5357142857142865,0,0.88
1,8,1,17,0,1,1,23,3,10,4,1,0,1,0,0,0,26,0,0,5,5,0,0.0,0,0,5,6,0,0.0,0,10.8,1.4,1.74,Dropout,0,1,0.0,1.0,0.0,1.0,0.0,0,8.0
1,12,1,9,1,9,1,13,27,8,10,0,0,0,1,0,0,31,0,0,5,8,1,13.0,2,0,5,9,4,12.25,0,10.8,1.4,1.74,Dropout,0,1,0.2,0.8,0.8,0.19999999999999996,-0.75,3,3.86
2,14,1,12,1,1,1,22,27,10,11,1,0,0,1,0,0,27,0,0,8,8,8,13.81375,0,0,8,8,8,13.81375,0,9.4,-0.8,-3.12,Graduate,2,0,1.0,0.0,1.0,0.0,0.0,0,0.0
1,1,1,6,1,1,1,13,28,10,10,0,0,1,1,0,0,24,0,0,6,8,6,13.285714285714286,0,0,6,13,6,12.875,0,11.1,0.6,2.02,Graduate,2,0,1.0,0.0,1.0,0.0,-0.4107142857142865,0,2.12
1,15,1,6,1,14,1,13,28,32,44,1,0,0,1,0,0,23,0,0,6,11,4,11.5,0,0,6,12,4,12.2,0,8.9,1.4,3.51,Enrolled,1,0,0.6666666666666666,0.33333333333333337,0.6666666666666666,0.33333333333333337,0.6999999999999993,0,2.23
1,1,2,12,1,1,1,23,28,10,9,1,0,0,1,0,1,20,0,0,7,8,7,11.9625,0,0,8,9,8,13.044444444444444,0,13.9,-0.3,0.79,Graduate,2,0,1.0,0.0,1.0,0.0,1.081944444444444,1,0.44
1,1,6,12,1,1,1,23,28,6,6,1,0,0,1,0,0,20,0,0,7,9,6,13.683333333333332,0,0,8,11,6,13.116666666666667,0,11.1,0.6,2.02,Graduate,2,0,0.8571428571428571,0.1428571428571429,0.75,0.25,-0.5666666666666647,0,1.17
1,12,1,12,1,1,1,23,1,10,5,1,0,0,1,0,0,24,0,0,8,8,7,14.985714285714286,0,0,8,8,7,14.985714285714286,0,12.7,3.7,-1.7,Graduate,2,0,0.875,0.125,0.875,0.125,0.0,0,0.44
2,12,1,9,1,1,1,22,27,10,10,0,0,0,1,0,0,39,0,0,5,8,4,11.25,0,0,5,8,4,11.5,0,11.1,0.6,2.02,Enrolled,1,0,0.8,0.19999999999999996,0.8,0.19999999999999996,0.25,0,1.75
1,1,2,15,1,1,1,13,28,4,10,1,0,0,1,0,0,18,0,0,6,8,4,12.5,0,0,6,6,5,12.6,0,12.7,3.7,-1.7,Graduate,2,0,0.6666666666666666,0.33333333333333337,0.8333333333333334,0.16666666666666663,0.09999999999999964,1,1.75
1,8,3,6,1,1,1,22,28,10,10,0,0,0,1,0,0,20,0,0,6,0,0,0.0,0,0,6,0,0,0.0,0,11.1,0.6,2.02,Dropout,0,1,0.0,1.0,0.0,1.0,0.0,0,5.5
1,1,2,12,1,1,1,1,1,5,4,1,0,0,1,0,0,18,0,0,7,10,7,13.78,0,0,8,10,8,13.661,0,15.5,2.8,-4.06,Graduate,2,0,1.0,0.0,1.0,0.0,-0.11899999999999977,1,1.05
1,1,2,12,1,1,1,22,27,10,8,1,0,0,1,0,0,19,0,0,7,10,7,13.805,0,0,8,8,8,14.2725,0,15.5,2.8,-4.06,Graduate,2,0,1.0,0.0,1.0,0.0,0.46750000000000114,1,1.05
1,8,1,6,1,1,1,1,14,5,10,1,0,0,1,0,0,18,0,0,5,7,5,13.8,0,0,5,5,5,12.6,0,10.8,1.4,1.74,Graduate,2,0,1.0,0.0,1.0,0.0,-1.200000000000001,0,1.0
1,1,1,14,1,1,1,22,14,10,10,1,0,0,1,0,0,22,0,0,5,7,3,12.666666666666666,0,0,5,6,4,12.0,0,7.6,2.6,0.32,Enrolled,1,0,0.6,0.4,0.8,0.19999999999999996,-0.6666666666666661,1,2.0
1,8,4,12,1,1,1,1,1,5,5,1,0,0,1,0,0,18,0,0,7,7,7,14.424285714285714,0,0,8,8,8,13.9375,0,11.1,0.6,2.02,Graduate,2,0,1.0,0.0,1.0,0.0,-0.4867857142857144,1,0.0
1,1,1,10,1,1,1,3,1,5,10,0,0,0,1,0,1,18,0,0,6,7,6,13.166666666666666,0,0,6,6,6,12.5,0,12.4,0.5,1.79,Graduate,2,0,1.0,0.0,1.0,0.0,-0.6666666666666661,0,0.5
4,12,1,17,0,1,1,22,27,10,10,0,0,0,1,0,0,30,0,0,5,10,3,10.666666666666666,0,0,5,8,5,10.4,0,12.7,3.7,-1.7,Enrolled,1,0,0.6,0.4,1.0,0.0,-0.2666666666666657,2,2.45
2,14,1,10,1,9,1,22,27,10,10,0,0,0,1,0,0,34,0,9,16,20,14,12.071428571428571,1,11,13,13,11,12.272727272727272,0,7.6,2.6,0.32,Graduate,2,0,0.875,0.125,0.8461538461538461,0.15384615384615385,0.20129870129870042,-3,1.17
1,12,1,3,0,12,1,22,27,10,10,0,0,0,1,0,0,38,0,0,6,10,3,10.25,0,0,6,7,1,12.0,0,13.9,-0.3,0.79,Dropout,0,1,0.5,0.5,0.16666666666666666,0.8333333333333334,1.75,-2,2.45
1,1,1,12,1,1,1,22,14,8,8,1,0,0,1,0,1,19,0,0,8,8,8,14.11,0,0,8,8,8,14.11,0,9.4,-0.8,-3.12,Graduate,2,0,1.0,0.0,1.0,0.0,0.0,0,0.0
1,8,3,16,1,1,1,23,28,6,8,1,0,0,1,0,0,19,0,0,6,9,5,12.4,0,0,6,10,3,10.666666666666666,0,10.8,1.4,1.74,Dropout,0,1,0.8333333333333334,0.16666666666666663,0.5,0.5,-1.7333333333333343,-2,1.56
1,14,1,15,1,1,1,1,1,5,9,0,0,0,0,0,0,21,0,0,6,7,6,12.0,0,0,6,6,6,12.0,0,10.8,1.4,1.74,Dropout,0,1,1.0,0.0,1.0,0.0,0.0,0,1.75
1,8,1,15,1,1,1,2,3,3,3,1,0,0,1,0,1,18,0,0,6,6,6,14.833333333333334,0,0,6,6,6,13.5,0,11.1,0.6,2.02,Graduate,2,0,1.0,0.0,1.0,0.0,-1.333333333333334,0,0.0
1,8,5,6,1,1,1,1,28,5,8,1,0,0,1,0,1,20,0,0,6,7,6,15.428571428571429,0,0,6,7,6,13.5,0,13.9,-0.3,0.79,Graduate,2,0,1.0,0.0,1.0,0.0,-1.9285714285714288,0,0.5
1,8,5,9,1,1,1,22,28,6,6,0,0,0,1,0,1,18,0,0,5,7,5,11.6,0,0,5,11,5,11.4,4,16.2,0.3,-0.92,Graduate,2,0,1.0,0.0,1.0,0.0,-0.1999999999999993,0,1.0
1,1,3,5,1,1,1,23,27,6,6,1,0,0,1,0,0,18,0,0,6,6,6,14.166666666666666,0,0,6,6,6,14.0,0,16.2,0.3,-0.92,Graduate,2,0,1.0,0.0,1.0,0.0,-0.16666666666666607,0,0.0
1,4,1,13,1,2,1,22,27,10,10,1,0,0,1,0,1,36,0,0,7,9,1,9.8,0,0,7,7,0,0.0,0,12.7,3.7,-1.7,Dropout,0,1,0.14285714285714285,0.8571428571428572,0.0,1.0,-9.8,-1,3.15
1,8,4,9,1,1,1,23,27,7,8,1,0,0,1,0,1,18,0,0,5,12,4,10.714285714285714,0,0,5,9,4,11.0,0,13.9,-0.3,0.79,Graduate,2,0,0.8,0.19999999999999996,0.8,0.19999999999999996,0.2857142857142865,0,2.33
1,14,1,8,1,6,1,1,20,5,12,1,0,0,1,0,1,21,0,0,5,7,0,0.0,0,0,5,5,0,0.0,0,7.6,2.6,0.32,Dropout,0,1,0.0,1.0,0.0,1.0,0.0,0,5.5
1,15,1,8,1,14,1,1,3,10,3,1,0,1,1,0,1,21,0,1,6,13,3,12.333333333333334,0,1,6,12,1,13.0,0,13.9,-0.3,0.79,Dropout,0,1,0.5,0.5,0.16666666666666666,0.8333333333333334,0.6666666666666661,-2,3.94
1,6,1,6,1,1,14,3,3,5,3,0,0,0,1,0,0,18,1,0,6,13,6,13.0,0,0,6,15,6,12.25,0,11.1,0.6,2.02,Graduate,2,0,1.0,0.0,1.0,0.0,-0.75,0,1.88
1,8,6,14,1,1,1,1,12,5,6,1,0,0,1,0,0,18,0,0,5,7,4,11.4,0,0,5,5,4,11.25,0,9.4,-0.8,-3.12,Graduate,2,0,0.8,0.19999999999999996,0.8,0.19999999999999996,-0.15000000000000036,0,1.5
1,1,2,12,1,1,1,23,28,10,8,1,0,0,1,0,0,19,0,0,7,7,6,12.766666666666666,0,0,7,7,6,12.766666666666666,0,7.6,2.6,0.32,Graduate,2,0,0.8571428571428571,0.1428571428571429,0.8571428571428571,0.1428571428571429,0.0,0,0.5
2,12,1,4,1,12,1,22,14,10,5,0,0,1,1,0,0,29,0,0,6,11,5,12.6,0,0,6,6,6,12.666666666666666,0,11.1,0.6,2.02,Graduate,2,0,0.8333333333333334,0.16666666666666663,1.0,0.0,0.06666666666666643,1,3.16
1,15,1,9,1,14,1,13,1,10,4,0,0,0,1,0,1,20,0,4,7,8,7,13.0,0,2,5,5,5,13.4,0,11.1,0.6,2.02,Graduate,2,0,1.0,0.0,1.0,0.0,0.40000000000000036,-2,0.44
1,8,2,12,1,1,1,22,27,10,10,1,0,0,1,0,0,18,0,0,7,7,6,14.316666666666668,0,0,7,7,6,14.316666666666668,0,7.6,2.6,0.32,Graduate,2,0,0.8571428571428571,0.1428571428571429,0.8571428571428571,0.1428571428571429,0.0,0,0.5
1,1,1,6,1,1,1,2,1,5,11,1,0,0,1,0,0,19,0,0,5,7,4,12.75,0,0,5,5,5,12.0,0,10.8,1.4,1.74,Graduate,2,0,0.8,0.19999999999999996,1.0,0.0,-0.75,1,1.5
1,1,3,9,1,1,1,1,28,4,9,1,0,0,1,0,1,19,0,0,5,5,5,13.4,0,0,5,5,5,12.6,0,8.9,1.4,3.51,Graduate,2,0,1.0,0.0,1.0,0.0,-0.8000000000000007,0,0.0
1,12,1,3,0,1,1,10,5,10,5,0,0,1,0,0,0,37,0,0,6,6,0,0.0,0,0,5,5,0,0.0,0,8.9,1.4,3.51,Dropout,0,1,0.0,1.0,0.0,1.0,0.0,0,8.0
1,1,2,6,1,1,1,22,1,10,10,1,0,0,1,0,1,18,0,0,5,6,4,15.75,0,0,5,5,5,13.8,0,10.8,1.4,1.74,Graduate,2,0,0.8,0.19999999999999996,1.0,0.0,-1.9499999999999993,1,1.17
1,1,1,16,1,1,1,13,14,8,8,1,0,0,1,0,0,21,0,0,6,9,5,12.4,0,0,6,11,1,11.0,0,12.7,3.7,-1.7,Dropout,0,1,0.8333333333333334,0.16666666666666663,0.16666666666666666,0.8333333333333334,-1.4000000000000004,-4,1.56
1,8,1,10,1,1,1,1,28,22,40,0,0,0,1,0,1,19,0,0,6,8,6,11.5,0,0,6,7,6,12.333333333333334,0,12.4,0.5,1.79,Graduate,2,0,1.0,0.0,1.0,0.0,0.8333333333333339,0,0.88
1,8,2,14,1,1,1,3,1,4,2,0,0,0,1,0,0,19,0,0,5,5,5,13.4,0,0,5,5,5,14.0,0,9.4,-0.8,-3.12,Graduate,2,0,1.0,0.0,1.0,0.0,0.5999999999999996,0,0.0
2,12,1,17,0,14,1,23,14,10,6,0,0,0,1,0,1,35,0,0,5,9,3,11.666666666666666,0,0,5,7,5,11.8,0,12.7,3.7,-1.7,Enrolled,1,0,0.6,0.4,1.0,0.0,0.13333333333333464,2,2.33
2,12,1,12,1,1,1,22,28,10,9,0,0,0,1,0,0,30,0,0,7,0,0,0.0,0,0,8,0,0,0.0,0,13.9,-0.3,0.79,Dropout,0,1,0.0,1.0,0.0,1.0,0.0,0,5.5
1,14,2,15,1,1,1,19,24,1,1,1,0,0,1,0,0,27,0,4,8,11,7,13.285714285714286,0,4,7,13,5,11.6,0,9.4,-0.8,-3.12,Dropout,0,1,0.875,0.125,0.7142857142857143,0.2857142857142857,-1.6857142857142868,-2,1.27
2,1,1,11,1,1,1,22,27,10,10,0,0,0,1,0,1,45,0,0,6,10,4,11.5,0,0,6,16,2,10.5,0,7.6,2.6,0.32,Dropout,0,1,0.6666666666666666,0.33333333333333337,0.3333333333333333,0.6666666666666667,-1.0,-2,2.1
2,12,1,3,0,1,1,23,28,10,10,0,0,0,1,0,1,50,0,3,9,11,8,13.25,0,2,7,8,7,11.714285714285714,0,12.7,3.7,-1.7,Graduate,2,0,0.8888888888888888,0.11111111111111116,1.0,0.0,-1.5357142857142865,-1,0.95
4,13,1,9,1,1,1,22,27,10,10,0,0,0,1,0,0,41,0,8,14,24,11,12.25,3,5,10,12,10,13.4,0,9.4,-0.8,-3.12,Graduate,2,0,0.7857142857142857,0.2142857142857143,1.0,0.0,1.1500000000000004,-1,2.32
1,14,1,12,1,1,1,22,27,10,7,1,0,0,1,0,0,26,0,0,7,8,6,12.0,0,0,7,8,6,12.0,0,7.6,2.6,0.32,Enrolled,1,0,0.8571428571428571,0.1428571428571429,0.8571428571428571,0.1428571428571429,0.0,0,0.88
1,12,1,4,1,12,1,22,27,10,10,0,0,0,1,0,0,44,0,0,6,10,1,12.0,0,0,6,6,0,0.0,0,11.1,0.6,2.02,Dropout,0,1,0.16666666666666666,0.8333333333333334,0.0,1.0,-12.0,-1,3.15
5,4,1,9,1,15,1,22,27,10,10,0,0,0,1,0,0,23,0,10,15,15,13,10.923076923076923,0,5,10,10,7,11.142857142857142,0,15.5,2.8,-4.06,Graduate,2,0,0.8666666666666667,0.1333333333333333,0.7,0.30000000000000004,0.219780219780219,-6,0.47
1,16,1,1,1,1,1,13,14,10,10,0,0,0,1,0,0,34,0,10,12,12,10,12.0,0,5,10,11,5,11.0,0,11.1,0.6,2.02,Dropout,0,1,0.8333333333333334,0.16666666666666663,0.5,0.5,-1.0,-5,0.58
1,1,1,9,1,1,1,23,28,10,10,1,0,0,1,0,1,21,0,0,5,10,5,13.714285714285714,0,0,5,7,5,14.4,0,11.1,0.6,2.02,Graduate,2,0,1.0,0.0,1.0,0.0,0.6857142857142868,0,1.75
1,14,3,9,1,1,8,3,27,4,4,1,0,0,1,0,0,22,1,0,5,8,1,10.0,0,0,5,8,2,13.0,0,7.6,2.6,0.32,Dropout,0,1,0.2,0.8,0.4,0.6,3.0,1,3.06
4,12,1,3,0,1,1,22,27,10,9,0,0,0,1,0,1,32,0,0,6,18,2,10.333333333333334,0,0,6,7,6,11.5,0,16.2,0.3,-0.92,Graduate,2,0,0.3333333333333333,0.6666666666666667,1.0,0.0,1.166666666666666,4,3.11
1,8,2,13,1,1,14,1,1,8,8,1,0,0,1,0,0,20,1,0,7,8,7,12.728571428571428,0,0,8,8,8,14.625,0,15.5,2.8,-4.06,Graduate,2,0,1.0,0.0,1.0,0.0,1.8964285714285722,1,0.44
2,4,1,3,0,3,1,20,25,12,12,0,0,0,0,0,0,59,0,10,15,22,12,13.333333333333334,0,8,8,8,8,12.875,0,10.8,1.4,1.74,Dropout,0,1,0.8,0.19999999999999996,1.0,0.0,-0.4583333333333339,-4,2.84
2,17,1,9,1,16,1,13,14,28,31,0,0,0,1,0,0,30,0,6,11,20,9,12.22222222222222,0,3,9,16,9,11.6,0,8.9,1.4,3.51,Enrolled,1,0,0.8181818181818182,0.18181818181818177,1.0,0.0,-0.62222222222222,0,1.92
1,1,4,11,1,1,1,23,26,10,10,1,0,0,1,0,1,18,0,0,6,7,6,11.333333333333334,0,0,6,9,6,10.833333333333334,0,9.4,-0.8,-3.12,Graduate,2,0,1.0,0.0,1.0,0.0,-0.5,0,0.5
2,12,1,17,0,1,1,22,27,10,7,0,0,1,1,1,0,25,0,0,5,8,4,11.0,0,0,5,7,4,12.0,0,7.6,2.6,0.32,Enrolled,1,0,0.8,0.19999999999999996,0.8,0.19999999999999996,1.0,0,3.0
4,14,1,17,0,1,1,22,27,6,6,0,0,0,1,1,0,36,0,0,5,5,5,13.8,0,0,5,6,5,13.8,0,12.7,3.7,-1.7,Graduate,2,0,1.0,0.0,1.0,0.0,0.0,0,0.0
1,4,1,13,1,17,1,23,14,10,10,0,0,0,1,1,0,36,0,0,7,16,1,12.0,0,0,7,13,0,0.0,1,11.1,0.6,2.02,Dropout,0,1,0.14285714285714285,0.8571428571428572,0.0,1.0,-12.0,-1,3.28
1,8,6,14,1,1,1,23,14,1,2,0,0,0,0,1,0,19,0,0,6,9,4,11.25,0,0,6,11,3,10.166666666666666,0,10.8,1.4,1.74,Dropout,0,1,0.6666666666666666,0.33333333333333337,0.5,0.5,-1.083333333333334,-1,3.19
1,12,1,17,0,1,1,1,27,5,7,0,0,0,1,1,0,25,0,0,5,6,4,10.5,0,0,5,6,5,12.0,0,9.4,-0.8,-3.12,Graduate,2,0,0.8,0.19999999999999996,1.0,0.0,1.5,1,1.17
1,12,1,4,1,12,1,22,27,10,8,0,0,0,1,1,0,35,0,17,18,20,18,11.555555555555555,0,11,13,13,13,11.615384615384617,0,15.5,2.8,-4.06,Graduate,2,0,1.0,0.0,1.0,0.0,0.05982905982906139,-5,0.35
1,1,1,10,1,1,1,1,1,6,6,0,0,0,1,1,0,20,0,0,6,13,1,14.0,0,0,6,7,0,0.0,0,16.2,0.3,-0.92,Dropout,0,1,0.16666666666666666,0.8333333333333334,0.0,1.0,-14.0,-1,3.23
1,12,1,4,1,1,1,22,27,10,8,1,0,0,0,1,0,35,0,0,6,17,1,13.0,0,0,6,8,0,0.0,0,15.5,2.8,-4.06,Dropout,0,1,0.16666666666666666,0.8333333333333334,0.0,1.0,-13.0,-1,4.54
1,1,1,10,1,1,1,22,27,1,1,1,0,0,1,0,0,27,0,0,6,13,2,11.0,0,0,6,14,1,11.0,0,7.6,2.6,0.32,Dropout,0,1,0.3333333333333333,0.6666666666666667,0.16666666666666666,0.8333333333333334,0.0,-1,2.96
1,8,3,12,1,1,1,13,3,10,6,1,0,0,1,0,0,18,0,0,8,8,7,13.68142857142857,0,0,8,8,7,13.68142857142857,0,10.8,1.4,1.74,Enrolled,1,0,0.875,0.125,0.875,0.125,0.0,0,0.44
1,14,1,12,1,1,1,23,14,10,11,0,0,0,1,0,0,23,0,0,7,11,6,12.1,0,0,7,7,6,12.616666666666667,0,16.2,0.3,-0.92,Enrolled,1,0,0.8571428571428571,0.1428571428571429,0.8571428571428571,0.1428571428571429,0.5166666666666675,0,1.59
1,8,2,3,0,1,1,13,1,6,11,1,0,0,1,0,0,19,0,0,6,8,4,10.5,0,0,6,8,4,11.25,0,10.8,1.4,1.74,Graduate,2,0,0.6666666666666666,0.33333333333333337,0.6666666666666666,0.33333333333333337,0.75,0,1.75
1,8,2,12,1,1,1,22,27,8,8,1,0,0,1,0,1,18,0,0,7,10,5,11.94,0,0,7,8,6,12.8,0,11.1,0.6,2.02,Enrolled,1,0,0.7142857142857143,0.2857142857142857,0.8571428571428571,0.1428571428571429,0.8600000000000012,1,1.75
1,12,1,12,1,1,1,13,14,4,8,0,0,1,0,0,0,26,0,0,7,11,4,12.86,0,0,7,10,5,11.566666666666668,0,12.4,0.5,1.79,Dropout,0,1,0.5714285714285714,0.4285714285714286,0.7142857142857143,0.2857142857142857,-1.2933333333333312,1,4.73
1,8,1,10,1,1,1,1,28,10,8,0,0,0,1,0,0,19,0,0,6,10,6,14.25,0,0,6,7,6,14.0,0,16.2,0.3,-0.92,Graduate,2,0,1.0,0.0,1.0,0.0,-0.25,0,1.4
1,1,5,12,1,1,1,23,14,8,8,1,0,0,0,0,0,19,0,0,7,0,0,0.0,0,0,8,0,0,0.0,0,12.7,3.7,-1.7,Dropout,0,1,0.0,1.0,0.0,1.0,0.0,0,6.75
1,1,1,2,1,1,1,13,14,6,2,1,0,0,1,0,0,18,0,0,0,0,0,0.0,0,0,0,0,0,0.0,0,13.9,-0.3,0.79,Dropout,0,1,0.0,1.0,0.0,1.0,0.0,0,5.5
1,8,1,12,1,1,1,13,1,10,8,1,0,0,1,0,1,19,0,0,7,7,7,13.894285714285711,0,0,8,8,8,14.3625,0,11.1,0.6,2.02,Graduate,2,0,1.0,0.0,1.0,0.0,0.46821428571428925,1,0.0
1,8,1,12,1,1,1,22,27,10,9,1,0,0,1,0,1,19,0,0,7,8,7,13.46875,0,0,8,8,8,13.31375,0,15.5,2.8,-4.06,Graduate,2,0,1.0,0.0,1.0,0.0,-0.15499999999999936,1,0.44
1,1,4,6,1,1,1,23,27,10,10,1,0,0,1,0,1,19,0,0,5,5,5,13.6,0,0,5,5,5,14.6,0,10.8,1.4,1.74,Graduate,2,0,1.0,0.0,1.0,0.0,1.0,0,0.0
1,15,1,3,0,14,1,1,27,10,8,0,0,0,1,0,1,21,0,3,6,6,6,14.666666666666666,0,2,6,6,6,13.833333333333334,0,12.4,0.5,1.79,Graduate,2,0,1.0,0.0,1.0,0.0,-0.8333333333333321,0,0.0
1,1,3,15,1,1,1,1,1,4,6,1,0,0,1,0,0,18,0,0,6,6,6,13.666666666666666,0,0,6,7,6,13.0,0,15.5,2.8,-4.06,Graduate,2,0,1.0,0.0,1.0,0.0,-0.6666666666666661,0,0.0
2,14,1,11,1,3,1,23,27,10,4,1,0,0,1,0,0,33,0,9,12,22,10,13.3,0,9,11,11,11,13.727272727272728,0,9.4,-0.8,-3.12,Graduate,2,0,0.8333333333333334,0.16666666666666663,1.0,0.0,0.4272727272727277,1,1.91
1,4,1,3,0,3,1,13,27,6,4,0,0,0,1,0,0,32,0,7,11,13,11,13.454545454545457,0,5,11,13,7,12.428571428571429,0,12.7,3.7,-1.7,Graduate,2,0,1.0,0.0,0.6363636363636364,0.36363636363636365,-1.025974025974028,-4,0.54
1,1,6,12,1,1,1,13,14,2,5,1,0,0,1,0,1,17,0,0,8,8,8,13.41625,0,0,8,8,8,13.41625,0,9.4,-0.8,-3.12,Graduate,2,0,1.0,0.0,1.0,0.0,0.0,0,0.0
2,12,1,12,1,1,1,13,14,10,8,0,0,0,1,0,0,31,0,0,7,0,0,0.0,0,0,8,0,0,0.0,0,12.7,3.7,-1.7,Dropout,0,1,0.0,1.0,0.0,1.0,0.0,0,5.5
2,12,1,3,0,1,1,13,14,10,8,0,0,0,1,0,1,32,0,0,6,6,6,11.333333333333334,0,0,6,8,5,13.0,0,15.5,2.8,-4.06,Graduate,2,0,1.0,0.0,0.8333333333333334,0.16666666666666663,1.666666666666666,-1,0.0
1,1,2,6,1,1,1,25,30,4,8,1,0,0,1,0,0,18,0,0,6,8,6,16.0,0,0,6,10,6,14.625,0,11.1,0.6,2.02,Dropout,0,1,1.0,0.0,1.0,0.0,-1.375,0,0.88
1,16,1,5,1,9,1,22,14,4,8,0,0,1,1,0,0,31,0,2,6,8,5,11.0,0,4,6,12,6,10.166666666666666,0,8.9,1.4,3.51,Enrolled,1,0,0.8333333333333334,0.16666666666666663,1.0,0.0,-0.8333333333333339,1,2.56
1,1,1,11,1,1,1,1,1,10,11,0,0,0,1,1,0,20,0,0,6,8,6,12.857142857142858,0,0,6,9,5,12.4,0,8.9,1.4,3.51,Enrolled,1,0,1.0,0.0,0.8333333333333334,0.16666666666666663,-0.4571428571428573,-1,0.88
1,14,1,17,0,1,1,3,14,2,2,0,0,0,0,1,0,40,0,0,5,5,0,0.0,0,0,5,6,0,0.0,0,10.8,1.4,1.74,Dropout,0,1,0.0,1.0,0.0,1.0,0.0,0,6.75
2,1,1,17,0,1,1,22,14,10,10,1,0,0,1,1,0,32,0,0,5,5,5,14.8,0,0,5,5,5,14.2,0,7.6,2.6,0.32,Graduate,2,0,1.0,0.0,1.0,0.0,-0.6000000000000014,0,0.0
1,4,1,7,1,3,1,13,14,2,2,0,0,0,0,1,0,40,0,1,5,7,1,13.0,0,2,5,5,2,14.0,0,12.7,3.7,-1.7,Dropout,0,1,0.2,0.8,0.4,0.6,1.0,1,4.25
1,1,1,2,1,1,1,1,1,5,10,0,0,0,1,1,1,18,0,0,0,0,0,0.0,0,0,0,0,0,0.0,0,16.2,0.3,-0.92,Graduate,2,0,0.0,1.0,0.0,1.0,0.0,0,5.5
1,14,1,17,0,1,1,22,27,10,10,0,0,1,0,1,0,28,0,4,9,14,4,10.0,0,1,6,6,1,10.0,0,12.7,3.7,-1.7,Dropout,0,1,0.4444444444444444,0.5555555555555556,0.16666666666666666,0.8333333333333334,0.0,-3,5.0
1,7,2,5,1,1,1,1,1,4,2,1,0,1,1,1,0,19,0,0,6,11,5,11.2,0,0,6,7,6,12.0,0,9.4,-0.8,-3.12,Graduate,2,0,0.8333333333333334,0.16666666666666663,1.0,0.0,0.8000000000000007,1,3.16
1,1,1,15,1,1,1,1,27,6,10,0,0,0,1,1,1,19,0,0,6,8,6,11.833333333333334,0,0,6,11,3,13.0,0,15.5,2.8,-4.06,Graduate,2,0,1.0,0.0,0.5,0.5,1.166666666666666,-3,0.88
1,1,6,9,1,1,1,23,27,8,8,0,1,0,1,1,0,21,0,0,5,0,0,0.0,0,0,5,0,0,0.0,0,10.8,1.4,1.74,Dropout,0,1,0.0,1.0,0.0,1.0,0.0,0,5.5
1,8,4,9,1,1,1,13,1,1,5,1,0,0,1,1,0,22,0,0,5,8,2,10.5,0,0,5,10,0,0.0,0,7.6,2.6,0.32,Dropout,0,1,0.4,0.6,0.0,1.0,-10.5,-2,2.62
1,8,3,7,1,1,1,3,1,4,4,1,0,0,0,1,0,18,0,0,5,8,5,12.5,0,0,5,7,5,13.571428571428571,0,12.4,0.5,1.79,Dropout,0,1,1.0,0.0,1.0,0.0,1.0714285714285712,0,2.56
1,12,1,2,1,1,1,10,3,6,3,1,0,0,1,1,0,27,0,0,0,0,0,0.0,0,0,0,0,0,0.0,0,9.4,-0.8,-3.12,Dropout,0,1,0.0,1.0,0.0,1.0,0.0,0,5.5
1,1,1,2,1,1,1,1,3,3,3,0,0,0,1,1,0,19,0,4,10,10,5,11.0,0,2,7,8,2,10.0,0,8.9,1.4,3.51,Enrolled,1,0,0.5,0.5,0.2857142857142857,0.7142857142857143,-1.0,-3,1.75
2,14,1,17,0,1,1,22,27,10,10,1,0,0,1,1,0,30,0,6,10,14,9,12.333333333333334,0,7,10,12,8,12.0,0,9.4,-0.8,-3.12,Graduate,2,0,0.9,0.09999999999999998,0.8,0.19999999999999996,-0.3333333333333339,-1,1.25
1,12,1,8,1,14,1,1,3,5,2,0,0,0,1,1,0,28,0,0,6,9,0,0.0,0,0,6,8,1,10.0,1,16.2,0.3,-0.92,Dropout,0,1,0.0,1.0,0.16666666666666666,0.8333333333333334,10.0,1,5.5
5,12,1,7,1,1,1,22,27,10,10,0,0,1,1,1,1,34,0,0,5,14,1,17.0,0,0,5,10,2,11.0,0,9.4,-0.8,-3.12,Enrolled,1,0,0.2,0.8,0.4,0.6,-6.0,1,4.5
1,8,1,9,1,1,1,1,1,5,5,0,0,0,1,1,0,21,0,0,5,5,5,11.0,0,0,5,11,3,11.428571428571429,0,10.8,1.4,1.74,Enrolled,1,0,1.0,0.0,0.6,0.4,0.4285714285714288,-2,0.0
1,1,1,10,1,1,1,1,14,10,10,0,0,0,1,1,1,20,0,0,6,11,5,11.142857142857142,0,0,6,9,6,11.571428571428571,0,16.2,0.3,-0.92,Graduate,2,0,0.8333333333333334,0.16666666666666663,1.0,0.0,0.4285714285714288,1,1.91
1,14,1,11,1,1,1,10,14,10,10,0,0,0,0,1,0,31,0,3,8,19,5,12.166666666666666,0,3,7,12,5,12.0,0,7.6,2.6,0.32,Dropout,0,1,0.625,0.375,0.7142857142857143,0.2857142857142857,-0.16666666666666607,0,3.83
1,8,1,7,1,1,1,1,1,10,10,0,0,1,0,1,0,21,0,0,5,9,2,11.0,0,0,5,8,2,11.5,2,7.6,2.6,0.32,Dropout,0,1,0.4,0.6,0.4,0.6,0.5,0,5.22
1,12,2,14,1,12,1,19,24,1,1,1,0,0,0,1,0,27,0,0,5,8,1,11.0,0,0,5,6,3,10.666666666666666,1,7.6,2.6,0.32,Dropout,0,1,0.2,0.8,0.6,0.4,-0.3333333333333339,2,4.31
1,1,6,15,1,1,1,23,28,10,10,1,0,0,1,1,0,19,0,0,6,10,4,13.25,0,0,6,13,5,11.8,0,7.6,2.6,0.32,Graduate,2,0,0.6666666666666666,0.33333333333333337,0.8333333333333334,0.16666666666666663,-1.4499999999999993,1,2.1
1,8,4,15,1,1,1,3,1,3,8,1,0,0,1,1,0,21,0,0,6,7,0,0.0,0,0,6,11,1,10.0,0,10.8,1.4,1.74,Enrolled,1,0,0.0,1.0,0.16666666666666666,0.8333333333333334,10.0,1,5.5
1,15,1,4,1,14,1,13,14,5,5,1,0,0,0,1,0,21,0,0,6,17,2,12.5,0,0,6,10,0,0.0,0,16.2,0.3,-0.92,Dropout,0,1,0.3333333333333333,0.6666666666666667,0.0,1.0,-12.5,-2,4.34
1,14,1,14,1,1,1,19,24,13,13,0,0,0,0,1,0,35,0,6,10,10,7,12.142857142857142,0,4,9,9,4,12.25,0,7.6,2.6,0.32,Dropout,0,1,0.7,0.30000000000000004,0.4444444444444444,0.5555555555555556,0.10714285714285765,-3,2.3
1,12,1,6,1,1,1,22,26,12,8,0,0,0,1,1,0,28,0,0,5,8,3,12.0,0,0,5,10,3,11.333333333333334,0,7.6,2.6,0.32,Dropout,0,1,0.6,0.4,0.6,0.4,-0.6666666666666661,0,2.19
1,8,1,14,1,1,1,1,1,5,4,0,0,0,1,1,0,24,0,0,6,6,4,11.25,0,0,6,9,4,10.428571428571429,0,10.8,1.4,1.74,Enrolled,1,0,0.6666666666666666,0.33333333333333337,0.6666666666666666,0.33333333333333337,-0.8214285714285712,0,1.17
1,1,3,15,1,1,1,19,1,6,11,1,0,0,0,1,0,19,0,0,4,8,0,0.0,1,0,6,0,0,0.0,0,9.4,-0.8,-3.12,Dropout,0,1,0.0,1.0,0.0,1.0,0.0,0,7.25
1,8,1,14,1,1,1,1,1,5,9,0,0,1,0,1,0,20,0,0,6,7,5,12.4,0,0,6,8,4,13.0,0,13.9,-0.3,0.79,Enrolled,1,0,0.8333333333333334,0.16666666666666663,0.6666666666666666,0.33333333333333337,0.5999999999999996,-1,3.5
1,1,1,5,1,1,1,3,14,5,5,1,0,0,1,1,1,20,0,0,6,6,6,12.833333333333334,0,0,6,8,6,12.666666666666666,2,16.2,0.3,-0.92,Graduate,2,0,1.0,0.0,1.0,0.0,-0.16666666666666785,0,0.0
1,1,1,7,1,1,1,22,27,10,7,0,0,0,1,1,0,19,0,0,5,7,1,13.0,0,0,5,7,2,10.0,0,9.4,-0.8,-3.12,Enrolled,1,0,0.2,0.8,0.4,0.6,-3.0,1,3.0
1,12,1,6,1,1,1,25,1,6,7,0,0,1,0,1,0,37,0,5,7,7,5,12.0,0,3,7,7,3,11.666666666666666,0,8.9,1.4,3.51,Dropout,0,1,0.7142857142857143,0.2857142857142857,0.42857142857142855,0.5714285714285714,-0.3333333333333339,-2,3.5
1,1,1,11,1,1,1,22,28,10,9,1,0,0,1,1,0,19,0,0,6,13,2,12.0,0,0,6,12,1,13.0,0,7.6,2.6,0.32,Dropout,0,1,0.3333333333333333,0.6666666666666667,0.16666666666666666,0.8333333333333334,1.0,-1,2.96
1,12,1,12,1,1,1,22,27,10,9,0,0,0,1,1,0,36,0,0,7,18,0,0.0,0,0,7,7,0,0.0,0,13.9,-0.3,0.79,Dropout,0,1,0.0,1.0,0.0,1.0,0.0,0,5.5
1,12,1,9,1,9,1,22,27,10,10,0,0,0,1,1,0,29,0,0,5,0,0,0.0,0,0,5,0,0,0.0,0,9.4,-0.8,-3.12,Dropout,0,1,0.0,1.0,0.0,1.0,0.0,0,5.5
1,12,1,4,1,1,1,23,27,10,5,0,0,0,1,1,0,30,0,0,6,10,6,11.375,0,0,6,10,5,11.6,0,13.9,-0.3,0.79,Graduate,2,0,1.0,0.0,0.8333333333333334,0.16666666666666663,0.22499999999999964,-1,1.4
1,16,1,14,1,12,1,2,1,4,11,0,0,1,1,1,0,32,0,1,6,15,2,12.0,0,0,6,7,0,0.0,0,11.1,0.6,2.02,Dropout,0,1,0.3333333333333333,0.6666666666666667,0.0,1.0,-12.0,-2,4.28
1,1,1,3,0,1,1,3,1,3,10,1,0,0,1,1,0,26,0,0,6,6,6,11.833333333333334,0,0,6,6,6,11.666666666666666,0,10.8,1.4,1.74,Enrolled,1,0,1.0,0.0,1.0,0.0,-0.16666666666666785,0,0.0
2,15,1,4,1,14,1,22,27,5,8,0,0,0,1,1,0,37,0,0,6,17,1,12.0,0,0,6,23,2,10.5,1,16.2,0.3,-0.92,Dropout,0,1,0.16666666666666666,0.8333333333333334,0.3333333333333333,0.6666666666666667,-1.5,1,3.29
1,12,1,7,1,1,1,1,10,5,4,0,0,0,1,1,0,27,0,1,6,7,3,12.0,0,2,6,7,2,11.0,0,13.9,-0.3,0.79,Dropout,0,1,0.5,0.5,0.3333333333333333,0.6666666666666667,-1.0,-1,2.0
1,1,1,15,1,1,1,23,1,6,8,1,0,0,1,1,1,18,0,0,6,7,6,12.714285714285714,0,0,6,8,5,11.833333333333334,0,13.9,-0.3,0.79,Graduate,2,0,1.0,0.0,0.8333333333333334,0.16666666666666663,-0.8809523809523796,-1,0.5
1,1,1,12,1,1,1,23,27,10,10,0,0,0,1,1,1,18,0,0,8,8,8,15.3,0,0,8,8,8,15.3,0,9.4,-0.8,-3.12,Graduate,2,0,1.0,0.0,1.0,0.0,0.0,0,0.0
2,12,2,4,1,12,1,23,14,5,2,0,0,0,0,1,0,32,0,2,8,12,2,11.5,2,0,7,9,0,0.0,0,15.5,2.8,-4.06,Dropout,0,1,0.25,0.75,0.0,1.0,-11.5,-2,4.67
1,15,1,7,1,14,1,3,14,4,5,0,0,0,1,1,0,20,0,0,5,12,1,13.0,0,0,5,8,3,12.6,0,12.4,0.5,1.79,Enrolled,1,0,0.2,0.8,0.6,0.4,-0.40000000000000036,2,3.21
1,14,1,4,1,1,1,3,3,2,3,0,0,0,1,1,0,22,0,0,6,12,0,0.0,0,0,6,10,0,0.0,0,16.2,0.3,-0.92,Dropout,0,1,0.0,1.0,0.0,1.0,0.0,0,5.5
4,12,1,12,1,1,1,1,14,4,4,0,0,0,1,0,0,32,0,0,7,0,0,0.0,0,0,8,0,0,0.0,0,12.4,0.5,1.79,Dropout,0,1,0.0,1.0,0.0,1.0,0.0,0,5.5
1,1,1,9,1,1,1,1,27,10,10,1,0,0,1,0,0,21,0,0,5,8,4,11.0,0,0,5,8,5,12.0,0,7.6,2.6,0.32,Enrolled,1,0,0.8,0.19999999999999996,1.0,0.0,1.0,1,1.75
1,8,4,14,1,1,1,1,1,5,8,0,0,0,0,0,0,19,0,0,6,7,3,12.666666666666666,0,0,6,10,5,13.125,0,10.8,1.4,1.74,Dropout,0,1,0.5,0.5,0.8333333333333334,0.16666666666666663,0.4583333333333339,2,3.25
1,1,1,15,1,1,1,13,1,10,10,1,0,0,1,0,1,18,0,0,6,6,6,13.5,0,0,6,6,6,14.0,0,8.9,1.4,3.51,Graduate,2,0,1.0,0.0,1.0,0.0,0.5,0,0.0
1,1,4,9,1,1,1,1,1,10,8,1,0,0,1,0,1,18,0,0,5,7,5,12.0,0,0,5,10,5,11.4,0,8.9,1.4,3.51,Graduate,2,0,1.0,0.0,1.0,0.0,-0.5999999999999996,0,1.0
1,4,1,9,1,2,1,3,27,3,6,1,0,1,0,0,0,38,0,0,5,6,0,0.0,0,0,5,5,0,0.0,0,15.5,2.8,-4.06,Dropout,0,1,0.0,1.0,0.0,1.0,0.0,0,8.0
1,8,3,16,1,1,1,19,24,1,1,1,0,0,1,0,0,21,0,0,6,8,5,11.8,0,0,6,8,4,10.5,0,7.6,2.6,0.32,Dropout,0,1,0.8333333333333334,0.16666666666666663,0.6666666666666666,0.33333333333333337,-1.3000000000000007,-1,1.31
1,1,1,10,1,1,1,19,27,6,6,0,0,0,0,0,0,21,0,0,6,12,2,11.5,0,0,6,13,1,13.0,0,9.4,-0.8,-3.12,Dropout,0,1,0.3333333333333333,0.6666666666666667,0.16666666666666666,0.8333333333333334,1.5,-1,4.17
1,1,1,17,0,1,1,22,27,10,4,0,0,0,1,1,0,26,0,0,5,11,2,11.5,0,0,5,10,3,12.0,0,7.6,2.6,0.32,Enrolled,1,0,0.4,0.6,0.6,0.4,0.5,1,2.86
1,1,4,12,1,1,1,13,28,10,4,1,0,0,1,0,0,19,0,0,7,7,6,14.616666666666667,0,0,7,7,6,14.616666666666667,0,7.6,2.6,0.32,Graduate,2,0,0.8571428571428571,0.1428571428571429,0.8571428571428571,0.1428571428571429,0.0,0,0.5
1,1,6,12,1,1,1,13,27,10,10,1,0,0,1,0,1,19,0,0,8,8,7,14.06,0,0,8,8,7,14.06,0,10.8,1.4,1.74,Enrolled,1,0,0.875,0.125,0.875,0.125,0.0,0,0.44
1,8,1,11,1,1,1,1,1,10,11,0,0,1,1,0,0,18,0,0,6,9,4,11.0,0,0,6,12,3,11.333333333333334,0,7.6,2.6,0.32,Dropout,0,1,0.6666666666666666,0.33333333333333337,0.5,0.5,0.3333333333333339,-1,3.19
1,4,1,9,1,3,1,22,27,10,10,0,0,0,1,0,0,25,0,0,5,0,0,0.0,0,0,5,0,0,0.0,0,12.7,3.7,-1.7,Dropout,0,1,0.0,1.0,0.0,1.0,0.0,0,5.5
1,1,6,12,1,1,1,22,1,6,5,1,0,0,1,0,0,19,0,6,14,22,7,12.192307692307692,5,6,14,22,7,12.192307692307692,5,7.6,2.6,0.32,Graduate,2,0,0.5,0.5,0.5,0.5,0.0,0,3.1
1,8,2,11,1,1,1,1,14,10,10,1,0,0,1,0,1,18,0,0,6,6,6,12.833333333333334,0,0,6,7,6,12.333333333333334,0,13.9,-0.3,0.79,Graduate,2,0,1.0,0.0,1.0,0.0,-0.5,0,0.0
1,8,1,9,1,1,1,22,27,10,8,0,0,0,1,0,1,19,0,0,5,8,5,12.875,0,0,5,6,5,11.833333333333334,0,13.9,-0.3,0.79,Graduate,2,0,1.0,0.0,1.0,0.0,-1.041666666666666,0,1.31
1,1,1,10,1,1,1,13,28,10,8,1,0,0,1,0,1,22,0,0,6,6,6,12.166666666666666,0,0,6,6,6,12.5,0,12.4,0.5,1.79,Graduate,2,0,1.0,0.0,1.0,0.0,0.3333333333333339,0,0.0
1,15,1,4,1,14,1,23,28,7,7,1,0,0,1,0,0,21,0,0,6,11,6,13.428571428571429,0,0,6,12,6,12.857142857142858,0,15.5,2.8,-4.06,Graduate,2,0,1.0,0.0,1.0,0.0,-0.5714285714285712,0,1.59
1,8,1,6,1,1,1,13,27,10,10,1,0,0,1,0,1,21,0,0,6,6,6,14.5,0,0,6,8,6,14.666666666666666,0,8.9,1.4,3.51,Graduate,2,0,1.0,0.0,1.0,0.0,0.16666666666666607,0,0.0
1,1,1,16,1,1,1,23,28,4,8,0,0,0,1,0,1,20,0,0,7,7,7,12.142857142857142,0,0,7,7,7,12.857142857142858,0,11.1,0.6,2.02,Graduate,2,0,1.0,0.0,1.0,0.0,0.7142857142857153,0,0.0
2,1,1,9,1,1,1,13,27,10,10,0,0,0,1,0,0,19,0,0,5,6,4,11.25,0,0,5,10,3,11.714285714285714,0,10.8,1.4,1.74,Enrolled,1,0,0.8,0.19999999999999996,0.6,0.4,0.4642857142857135,-1,1.17
1,1,4,12,1,1,1,13,14,10,4,1,0,0,1,0,0,18,0,0,7,7,6,13.9,0,0,7,7,6,13.9,0,7.6,2.6,0.32,Graduate,2,0,0.8571428571428571,0.1428571428571429,0.8571428571428571,0.1428571428571429,0.0,0,0.5
1,12,1,12,1,1,1,13,14,10,9,0,0,0,1,0,0,26,0,0,7,12,3,13.766666666666666,0,0,7,11,3,12.066666666666668,0,13.9,-0.3,0.79,Dropout,0,1,0.42857142857142855,0.5714285714285714,0.42857142857142855,0.5714285714285714,-1.6999999999999975,0,2.62
1,10,1,9,1,2,1,19,24,1,1,1,0,0,1,0,0,31,0,13,15,17,13,11.615384615384617,0,11,14,14,11,12.545454545454543,0,7.6,2.6,0.32,Dropout,0,1,0.8666666666666667,0.1333333333333333,0.7857142857142857,0.2142857142857143,0.9300699300699264,-2,0.82
1,8,1,10,1,1,1,22,28,10,9,1,0,0,1,0,1,18,0,0,6,6,6,15.166666666666666,0,0,6,7,6,14.142857142857142,0,11.1,0.6,2.02,Graduate,2,0,1.0,0.0,1.0,0.0,-1.0238095238095237,0,0.0
4,4,1,9,1,3,1,13,1,6,6,0,0,0,1,0,0,35,0,0,5,5,0,0.0,0,0,5,5,0,0.0,0,11.1,0.6,2.02,Dropout,0,1,0.0,1.0,0.0,1.0,0.0,0,5.5
1,1,1,6,1,1,1,22,27,10,10,1,0,0,1,0,0,19,0,0,5,10,2,14.5,1,0,5,9,3,11.333333333333334,0,12.7,3.7,-1.7,Enrolled,1,0,0.4,0.6,0.6,0.4,-3.166666666666666,1,3.2
1,1,1,10,1,1,1,13,28,8,8,0,0,0,1,0,1,19,0,0,6,9,5,10.8,0,0,6,8,6,10.714285714285714,0,15.5,2.8,-4.06,Graduate,2,0,0.8333333333333334,0.16666666666666663,1.0,0.0,-0.08571428571428719,1,1.56
1,1,2,12,1,1,1,3,1,5,4,0,0,0,1,0,0,18,0,0,7,7,7,13.995714285714287,0,0,8,9,8,14.955555555555556,0,11.1,0.6,2.02,Graduate,2,0,1.0,0.0,1.0,0.0,0.9598412698412684,1,0.0
1,8,1,6,1,1,1,23,28,5,10,0,0,0,1,0,0,20,0,0,6,8,6,13.285714285714286,0,0,6,16,6,11.8,0,12.4,0.5,1.79,Graduate,2,0,1.0,0.0,1.0,0.0,-1.4857142857142858,0,0.88
1,1,4,2,1,1,1,1,1,10,6,1,0,0,1,0,1,19,0,6,12,12,12,12.75,0,4,11,16,11,13.25,0,8.9,1.4,3.51,Graduate,2,0,1.0,0.0,1.0,0.0,0.5,-1,0.0
1,14,1,10,1,1,1,13,27,6,6,0,0,0,1,0,1,21,0,0,6,15,2,10.5,0,0,6,8,5,12.4,0,10.8,1.4,1.74,Enrolled,1,0,0.3333333333333333,0.6666666666666667,0.8333333333333334,0.16666666666666663,1.9000000000000004,3,3.03
1,8,1,16,1,1,1,23,28,10,10,0,0,1,1,0,1,18,0,0,7,7,7,12.714285714285714,0,0,7,7,7,12.285714285714286,0,16.2,0.3,-0.92,Graduate,2,0,1.0,0.0,1.0,0.0,-0.42857142857142705,0,1.25
1,13,1,12,1,1,1,13,14,5,10,0,0,0,1,0,0,23,0,0,8,8,8,12.88625,0,0,8,8,8,12.88625,0,9.4,-0.8,-3.12,Graduate,2,0,1.0,0.0,1.0,0.0,0.0,0,0.0
1,1,1,5,1,1,1,1,1,10,10,0,0,0,1,0,1,21,0,0,6,7,5,13.0,0,0,6,6,6,12.666666666666666,0,16.2,0.3,-0.92,Graduate,2,0,0.8333333333333334,0.16666666666666663,1.0,0.0,-0.3333333333333339,1,1.0
1,1,1,9,1,1,1,22,28,10,10,0,0,0,1,0,1,19,0,0,5,7,5,12.2,0,0,5,6,5,11.2,0,11.1,0.6,2.02,Graduate,2,0,1.0,0.0,1.0,0.0,-1.0,0,1.0
1,1,2,9,1,1,1,23,14,4,8,1,0,0,1,0,0,19,0,0,5,8,4,12.8,0,0,5,10,3,14.5,0,10.8,1.4,1.74,Enrolled,1,0,0.8,0.19999999999999996,0.6,0.4,1.6999999999999993,-1,1.75
1,17,1,6,1,16,1,13,27,5,10,1,0,0,1,0,0,20,0,7,11,15,11,13.785714285714286,0,4,9,9,9,13.88888888888889,0,8.9,1.4,3.51,Graduate,2,0,1.0,0.0,1.0,0.0,0.10317460317460281,-2,0.93
1,14,1,9,1,1,1,3,14,3,10,0,0,0,1,0,0,18,0,0,5,5,0,0.0,0,0,5,9,4,13.25,2,16.2,0.3,-0.92,Enrolled,1,0,0.0,1.0,0.8,0.19999999999999996,13.25,4,5.5
1,1,1,12,1,1,1,22,27,10,8,1,0,0,1,0,1,18,0,0,8,8,8,14.50125,0,0,8,8,8,14.50125,0,9.4,-0.8,-3.12,Graduate,2,0,1.0,0.0,1.0,0.0,0.0,0,0.0
2,1,5,12,1,1,1,1,14,5,5,0,0,0,1,0,0,19,0,0,7,7,6,14.35,0,0,7,7,6,14.35,0,7.6,2.6,0.32,Graduate,2,0,0.8571428571428571,0.1428571428571429,0.8571428571428571,0.1428571428571429,0.0,0,0.5
1,8,1,5,1,1,1,23,14,6,6,0,0,0,1,0,1,21,0,0,6,6,6,11.5,0,0,6,6,6,12.333333333333334,0,9.4,-0.8,-3.12,Graduate,2,0,1.0,0.0,1.0,0.0,0.8333333333333339,0,0.0
1,1,1,10,1,1,1,23,28,10,10,1,1,0,1,0,1,18,0,0,6,8,6,11.714285714285714,0,0,6,6,6,14.666666666666666,0,12.7,3.7,-1.7,Graduate,2,0,1.0,0.0,1.0,0.0,2.9523809523809526,0,0.88
1,1,1,14,1,1,1,22,14,8,8,0,0,0,1,0,0,20,0,0,6,9,6,13.571428571428571,0,0,6,10,5,13.6,0,15.5,2.8,-4.06,Enrolled,1,0,1.0,0.0,0.8333333333333334,0.16666666666666663,0.02857142857142847,-1,1.17
1,1,1,15,1,1,1,13,28,10,6,0,0,0,1,0,0,18,0,0,6,6,5,13.0,0,0,6,6,6,13.666666666666666,0,12.7,3.7,-1.7,Graduate,2,0,0.8333333333333334,0.16666666666666663,1.0,0.0,0.6666666666666661,1,0.58
1,8,5,12,1,1,1,13,14,10,8,1,0,0,1,0,1,18,0,0,7,8,7,13.56875,0,0,8,8,8,14.02625,0,15.5,2.8,-4.06,Graduate,2,0,1.0,0.0,1.0,0.0,0.4574999999999996,1,0.44
2,14,1,17,0,1,1,22,27,10,10,0,0,0,1,0,0,32,0,1,5,5,5,10.2,0,0,5,9,4,11.25,0,9.4,-0.8,-3.12,Enrolled,1,0,1.0,0.0,0.8,0.19999999999999996,1.0500000000000007,-1,0.0
1,8,2,2,1,1,1,3,3,4,4,1,0,0,1,0,0,18,0,0,0,0,0,0.0,0,0,0,0,0,0.0,0,13.9,-0.3,0.79,Graduate,2,0,0.0,1.0,0.0,1.0,0.0,0,5.5
1,7,3,16,1,1,1,13,27,10,10,1,0,0,1,0,0,19,0,0,6,8,5,12.2,0,0,6,8,5,11.8,0,10.8,1.4,1.74,Enrolled,1,0,0.8333333333333334,0.16666666666666663,0.8333333333333334,0.16666666666666663,-0.3999999999999986,0,1.31
1,1,3,12,1,1,1,1,14,10,4,1,0,0,1,0,1,18,0,0,8,8,8,14.15375,0,0,8,8,8,14.15375,0,9.4,-0.8,-3.12,Graduate,2,0,1.0,0.0,1.0,0.0,0.0,0,0.0
1,1,6,12,1,1,1,1,1,5,6,0,0,0,0,0,0,18,0,0,8,8,0,0.0,8,0,8,8,0,0.0,8,9.4,-0.8,-3.12,Dropout,0,1,0.0,1.0,0.0,1.0,0.0,0,8.75
1,1,5,15,1,1,1,13,28,4,6,1,0,0,1,0,0,20,0,0,6,7,6,13.833333333333334,0,0,6,6,6,12.833333333333334,0,11.1,0.6,2.02,Graduate,2,0,1.0,0.0,1.0,0.0,-1.0,0,0.5
1,3,1,14,1,1,1,1,10,5,5,1,0,0,1,0,0,19,0,0,6,7,6,13.428571428571429,0,0,6,6,4,14.0,0,12.4,0.5,1.79,Enrolled,1,0,1.0,0.0,0.6666666666666666,0.33333333333333337,0.5714285714285712,-2,0.5
1,8,4,12,1,1,1,23,27,10,6,1,0,0,1,0,0,19,0,0,8,8,7,12.454285714285716,0,0,8,8,7,12.454285714285716,0,10.8,1.4,1.74,Graduate,2,0,0.875,0.125,0.875,0.125,0.0,0,0.44
1,8,1,9,1,1,1,23,28,8,6,0,0,0,1,0,0,18,0,0,5,9,1,11.0,1,0,5,10,0,0.0,0,9.4,-0.8,-3.12,Enrolled,1,0,0.2,0.8,0.0,1.0,-11.0,-1,3.51
1,1,4,12,1,1,1,1,14,5,8,1,0,0,1,0,0,18,0,0,7,0,0,0.0,0,0,8,0,0,0.0,0,15.5,2.8,-4.06,Dropout,0,1,0.0,1.0,0.0,1.0,0.0,0,5.5
1,8,3,12,1,1,1,1,14,8,9,1,0,0,1,0,1,18,0,0,7,8,6,13.271666666666668,0,0,8,11,7,12.94375,0,12.4,0.5,1.79,Graduate,2,0,0.8571428571428571,0.1428571428571429,0.875,0.125,-0.32791666666666863,1,0.88
1,8,6,12,1,1,1,3,28,3,10,1,0,0,1,0,0,20,0,0,7,8,6,13.548333333333334,0,0,8,11,6,14.775,0,11.1,0.6,2.02,Enrolled,1,0,0.8571428571428571,0.1428571428571429,0.75,0.25,1.2266666666666666,0,0.88
1,1,1,15,1,1,1,3,3,3,6,0,0,0,1,0,0,19,0,0,6,6,6,12.166666666666666,0,0,6,6,6,12.5,0,16.2,0.3,-0.92,Enrolled,1,0,1.0,0.0,1.0,0.0,0.3333333333333339,0,0.0
1,1,1,11,1,1,1,23,14,4,4,0,0,0,1,0,0,21,0,0,6,16,2,11.0,0,0,6,12,0,0.0,0,12.7,3.7,-1.7,Dropout,0,1,0.3333333333333333,0.6666666666666667,0.0,1.0,-11.0,-2,3.06
1,1,1,16,1,1,1,23,27,10,10,1,0,0,1,0,1,19,0,0,7,7,7,13.285714285714286,0,0,7,7,7,14.428571428571429,0,11.1,0.6,2.02,Graduate,2,0,1.0,0.0,1.0,0.0,1.1428571428571423,0,0.0
1,8,1,10,1,1,1,13,28,5,10,1,0,0,1,0,1,20,0,0,6,6,6,13.333333333333334,0,0,6,7,6,14.0,0,15.5,2.8,-4.06,Graduate,2,0,1.0,0.0,1.0,0.0,0.6666666666666661,0,0.0
1,1,1,12,1,1,1,1,1,10,5,0,0,0,1,0,1,21,0,0,8,8,8,13.2575,0,0,8,8,8,13.2575,0,9.4,-0.8,-3.12,Graduate,2,0,1.0,0.0,1.0,0.0,0.0,0,0.0
1,15,1,6,1,14,1,22,28,10,7,1,0,0,1,0,0,23,0,0,6,7,0,0.0,0,0,6,7,0,0.0,0,11.1,0.6,2.02,Dropout,0,1,0.0,1.0,0.0,1.0,0.0,0,5.5
1,8,1,10,1,1,1,1,28,6,9,0,0,0,0,0,1,18,0,0,6,10,6,12.666666666666666,0,0,6,6,2,11.5,0,12.7,3.7,-1.7,Dropout,0,1,1.0,0.0,0.3333333333333333,0.6666666666666667,-1.166666666666666,-4,2.65
2,12,1,17,0,3,1,3,1,2,11,0,0,0,1,0,0,30,0,0,5,5,5,14.6,0,0,5,5,5,15.4,0,12.7,3.7,-1.7,Dropout,0,1,1.0,0.0,1.0,0.0,0.8000000000000007,0,0.0
1,1,1,6,1,1,1,7,14,5,2,1,0,0,1,0,0,20,0,0,5,13,0,0.0,5,0,5,5,0,0.0,5,9.4,-0.8,-3.12,Dropout,0,1,0.0,1.0,0.0,1.0,0.0,0,7.5
2,14,2,9,1,1,1,22,27,10,10,0,0,0,0,0,0,29,0,3,5,7,3,12.333333333333334,0,0,5,8,0,0.0,0,10.8,1.4,1.74,Dropout,0,1,0.6,0.4,0.0,1.0,-12.333333333333334,-3,3.25
1,9,1,9,1,1,1,23,28,6,6,1,0,0,1,0,0,24,0,0,5,5,5,10.8,0,0,5,11,2,11.0,0,10.8,1.4,1.74,Enrolled,1,0,1.0,0.0,0.4,0.6,0.1999999999999993,-3,0.0
1,1,1,10,1,1,1,13,1,5,4,1,0,0,1,0,0,20,0,0,6,7,6,11.666666666666666,0,0,6,10,6,11.333333333333334,0,7.6,2.6,0.32,Graduate,2,0,1.0,0.0,1.0,0.0,-0.33333333333333215,0,0.5
1,14,1,3,0,1,1,22,27,10,10,0,0,0,1,0,0,27,0,0,6,6,4,12.5,0,0,6,6,6,14.333333333333334,0,13.9,-0.3,0.79,Dropout,0,1,0.6666666666666666,0.33333333333333337,1.0,0.0,1.833333333333334,2,1.17
2,4,1,9,1,3,1,22,27,10,10,0,0,0,1,0,0,23,0,0,5,0,0,0.0,0,0,5,0,0,0.0,0,7.6,2.6,0.32,Dropout,0,1,0.0,1.0,0.0,1.0,0.0,0,5.5
1,16,1,5,1,1,1,13,14,25,32,0,0,0,1,0,1,23,0,0,6,6,6,15.333333333333334,0,0,6,6,6,14.166666666666666,0,11.1,0.6,2.02,Graduate,2,0,1.0,0.0,1.0,0.0,-1.1666666666666679,0,0.0
1,1,3,12,1,1,1,1,1,5,5,1,0,0,1,0,0,18,0,0,8,8,7,14.2,0,0,8,8,7,14.2,0,12.7,3.7,-1.7,Graduate,2,0,0.875,0.125,0.875,0.125,0.0,0,0.44
1,1,1,15,1,1,1,23,28,10,8,1,0,0,1,0,1,19,0,0,6,6,6,14.833333333333334,0,0,6,6,6,14.666666666666666,0,12.7,3.7,-1.7,Graduate,2,0,1.0,0.0,1.0,0.0,-0.16666666666666785,0,0.0
1,8,6,12,1,1,1,13,27,5,10,1,0,0,1,0,0,19,0,0,7,7,7,13.642857142857142,0,0,8,8,8,14.3875,0,13.9,-0.3,0.79,Dropout,0,1,1.0,0.0,1.0,0.0,0.7446428571428569,1,0.0
1,1,1,15,1,1,1,1,28,9,9,1,0,0,1,0,1,18,0,0,6,6,6,13.833333333333334,0,0,6,6,6,14.0,0,11.1,0.6,2.02,Dropout,0,1,1.0,0.0,1.0,0.0,0.16666666666666607,0,0.0
1,1,2,5,1,1,1,1,1,5,8,1,0,0,1,0,0,19,0,0,6,6,6,11.833333333333334,0,0,6,7,6,13.0,0,9.4,-0.8,-3.12,Graduate,2,0,1.0,0.0,1.0,0.0,1.166666666666666,0,0.0
1,1,1,15,1,1,1,1,28,5,8,0,0,0,1,0,1,18,0,0,6,7,6,13.428571428571429,0,0,6,10,6,13.5,0,13.9,-0.3,0.79,Graduate,2,0,1.0,0.0,1.0,0.0,0.07142857142857117,0,0.5
1,14,1,17,0,1,1,22,27,10,9,1,0,0,1,0,0,29,0,8,13,16,8,10.5,0,8,12,19,9,10.333333333333334,0,9.4,-0.8,-3.12,Enrolled,1,0,0.6153846153846154,0.3846153846153846,0.75,0.25,-0.16666666666666607,1,1.75
1,12,2,13,1,12,1,22,27,4,8,0,0,0,1,0,0,24,0,0,7,10,6,11.416666666666666,0,0,8,9,8,11.9625,0,13.9,-0.3,0.79,Graduate,2,0,0.8571428571428571,0.1428571428571429,1.0,0.0,0.5458333333333343,2,1.4
1,8,2,13,1,1,1,22,28,10,9,1,0,0,1,0,0,19,0,0,7,16,2,12.75,0,0,7,12,2,11.0,0,8.9,1.4,3.51,Dropout,0,1,0.2857142857142857,0.7142857142857143,0.2857142857142857,0.7142857142857143,-1.75,0,3.06
1,8,1,13,1,1,1,1,28,5,10,0,0,0,1,0,0,19,0,0,7,10,6,11.15,0,0,7,7,7,12.814285714285717,0,12.7,3.7,-1.7,Enrolled,1,0,0.8571428571428571,0.1428571428571429,1.0,0.0,1.6642857142857164,1,1.4
1,1,1,14,1,1,1,23,14,5,9,0,0,0,1,0,0,19,0,0,6,8,3,11.666666666666666,0,0,6,11,5,13.625,0,10.8,1.4,1.74,Enrolled,1,0,0.5,0.5,0.8333333333333334,0.16666666666666663,1.958333333333334,2,2.19
1,8,4,11,1,1,1,22,14,10,8,1,0,0,1,0,0,20,0,0,6,7,6,11.5,0,0,6,8,5,12.4,0,11.1,0.6,2.02,Graduate,2,0,1.0,0.0,0.8333333333333334,0.16666666666666663,0.9000000000000004,-1,0.5
1,1,2,15,1,1,1,1,14,10,10,0,0,0,1,0,0,18,0,0,6,6,6,13.833333333333334,0,0,6,6,6,12.666666666666666,0,10.8,1.4,1.74,Graduate,2,0,1.0,0.0,1.0,0.0,-1.1666666666666679,0,0.0
1,1,2,5,1,1,1,1,14,4,4,1,0,0,0,0,0,18,0,1,6,8,6,11.714285714285714,1,0,6,11,4,11.333333333333334,0,13.9,-0.3,0.79,Dropout,0,1,1.0,0.0,0.6666666666666666,0.33333333333333337,-0.3809523809523796,-2,2.46
1,1,5,12,1,1,1,13,1,10,6,1,0,0,1,0,1,19,0,0,7,8,7,11.678571428571429,0,0,8,10,7,13.0375,0,12.4,0.5,1.79,Graduate,2,0,1.0,0.0,0.875,0.125,1.3589285714285708,0,0.44
1,7,1,6,1,1,1,3,3,3,2,1,0,0,1,0,0,19,0,0,6,7,6,15.714285714285714,0,0,6,6,6,14.666666666666666,0,13.9,-0.3,0.79,Dropout,0,1,1.0,0.0,1.0,0.0,-1.0476190476190474,0,0.5
1,1,1,2,1,1,1,1,14,6,9,1,0,0,1,0,1,18,0,0,0,0,0,0.0,0,0,0,0,0,0.0,0,13.9,-0.3,0.79,Graduate,2,0,0.0,1.0,0.0,1.0,0.0,0,5.5
1,1,1,15,1,1,1,13,27,10,7,1,0,0,1,0,1,19,0,0,6,6,6,13.0,0,0,6,7,6,13.0,0,10.8,1.4,1.74,Graduate,2,0,1.0,0.0,1.0,0.0,0.0,0,0.0
1,1,2,12,1,1,1,3,3,3,3,1,0,0,1,0,1,18,0,0,7,7,7,14.485714285714286,0,0,8,9,8,14.58888888888889,0,16.2,0.3,-0.92,Graduate,2,0,1.0,0.0,1.0,0.0,0.10317460317460458,1,0.0
1,12,1,17,0,1,1,22,27,10,10,0,0,0,1,0,0,24,0,0,5,9,5,12.285714285714286,0,0,5,8,5,12.125,0,16.2,0.3,-0.92,Enrolled,1,0,1.0,0.0,1.0,0.0,-0.16071428571428648,0,1.56
1,12,1,12,1,1,1,13,14,6,7,0,0,1,1,0,0,28,0,0,7,12,4,13.375,0,0,7,7,5,13.5,0,13.9,-0.3,0.79,Enrolled,1,0,0.5714285714285714,0.4285714285714286,0.7142857142857143,0.2857142857142857,0.125,1,3.58
1,13,1,12,1,1,1,1,1,5,5,0,0,0,1,0,0,20,0,1,8,8,7,11.571428571428571,0,1,8,8,7,11.571428571428571,0,12.7,3.7,-1.7,Graduate,2,0,0.875,0.125,0.875,0.125,0.0,0,0.44
1,1,6,12,1,1,1,22,28,10,10,1,0,0,1,0,1,19,0,0,8,8,7,12.657142857142857,0,0,8,8,7,12.657142857142857,0,12.7,3.7,-1.7,Graduate,2,0,0.875,0.125,0.875,0.125,0.0,0,0.44
1,8,1,9,1,1,1,22,27,10,10,0,0,0,0,0,0,22,0,0,5,9,2,10.0,1,0,5,11,1,10.0,0,9.4,-0.8,-3.12,Dropout,0,1,0.4,0.6,0.2,0.8,0.0,-1,4.37
1,1,1,10,1,1,1,13,1,7,6,1,0,0,1,0,0,19,0,0,6,7,6,13.714285714285714,0,0,6,6,6,13.166666666666666,0,12.7,3.7,-1.7,Graduate,2,0,1.0,0.0,1.0,0.0,-0.5476190476190474,0,0.5
1,4,1,10,1,3,1,22,27,10,10,1,0,0,1,0,0,36,0,10,14,21,13,13.071428571428571,0,4,11,16,11,13.0,0,16.2,0.3,-0.92,Graduate,2,0,0.9285714285714286,0.0714285714285714,1.0,0.0,-0.07142857142857117,-2,1.33
1,15,1,4,1,14,1,22,28,10,8,0,0,0,1,0,1,19,0,0,6,7,6,15.333333333333334,0,0,6,9,6,14.0,0,15.5,2.8,-4.06,Graduate,2,0,1.0,0.0,1.0,0.0,-1.333333333333334,0,0.5
1,8,1,10,1,1,1,4,3,2,2,0,0,0,1,0,0,18,0,0,6,9,5,11.571428571428571,0,0,6,8,6,12.142857142857142,0,16.2,0.3,-0.92,Graduate,2,0,0.8333333333333334,0.16666666666666663,1.0,0.0,0.5714285714285712,1,1.56
4,14,4,17,0,9,1,22,27,10,10,0,0,0,0,0,0,40,0,0,5,10,0,0.0,0,0,5,5,0,0.0,0,7.6,2.6,0.32,Dropout,0,1,0.0,1.0,0.0,1.0,0.0,0,6.75
1,1,2,12,1,1,1,23,27,10,8,1,0,0,1,0,1,19,0,0,7,7,6,12.9,0,0,7,7,6,12.9,0,7.6,2.6,0.32,Graduate,2,0,0.8571428571428571,0.1428571428571429,0.8571428571428571,0.1428571428571429,0.0,0,0.5
4,14,1,12,1,1,1,22,27,10,10,0,0,0,1,0,0,38,0,1,8,12,5,13.126,1,1,8,12,5,13.126,1,10.8,1.4,1.74,Enrolled,1,0,0.625,0.375,0.625,0.375,0.0,0,2.29
1,4,1,6,1,3,1,22,27,8,8,0,0,0,1,0,0,32,0,4,10,20,4,11.5,2,3,9,13,3,11.666666666666666,2,15.5,2.8,-4.06,Dropout,0,1,0.4,0.6,0.3333333333333333,0.6666666666666667,0.16666666666666607,-1,3.2
1,1,1,16,1,1,1,1,27,10,10,1,0,0,1,0,0,19,0,0,6,11,3,10.333333333333334,0,0,6,10,5,11.8,0,9.4,-0.8,-3.12,Enrolled,1,0,0.5,0.5,0.8333333333333334,0.16666666666666663,1.4666666666666668,2,2.55
1,8,3,5,1,1,1,3,1,5,5,1,0,0,1,0,0,19,0,0,6,6,6,13.5,0,0,6,7,6,13.428571428571429,0,8.9,1.4,3.51,Graduate,2,0,1.0,0.0,1.0,0.0,-0.07142857142857117,0,0.0
2,12,1,9,1,1,1,22,27,10,10,0,0,0,1,0,0,35,0,0,1,1,0,0.0,1,0,5,0,0,0.0,0,10.8,1.4,1.74,Dropout,0,1,0.0,1.0,0.0,1.0,0.0,0,7.5
1,1,1,9,1,1,1,23,14,4,11,1,0,0,1,0,0,20,0,0,5,5,4,12.0,0,0,4,4,2,11.5,0,7.6,2.6,0.32,Enrolled,1,0,0.8,0.19999999999999996,0.5,0.5,-0.5,-2,0.7
1,8,1,16,1,1,1,13,14,4,5,0,0,0,1,0,0,29,0,2,8,10,7,11.142857142857142,0,2,8,11,8,11.375,0,12.7,3.7,-1.7,Graduate,2,0,0.875,0.125,1.0,0.0,0.23214285714285765,1,1.05
1,1,1,17,0,1,1,22,27,10,10,0,0,0,1,0,0,29,0,0,5,11,5,11.4,0,0,5,10,4,10.25,0,15.5,2.8,-4.06,Enrolled,1,0,1.0,0.0,0.8,0.19999999999999996,-1.1500000000000004,-1,1.91
1,1,5,12,1,1,1,22,27,8,8,1,0,0,1,0,1,19,0,0,8,8,7,12.771428571428572,1,0,8,8,7,12.771428571428572,1,9.4,-0.8,-3.12,Enrolled,1,0,0.875,0.125,0.875,0.125,0.0,0,0.69
1,1,6,12,1,1,1,23,14,8,10,1,0,0,1,0,1,18,0,0,8,8,7,13.79857142857143,0,0,8,8,7,13.79857142857143,0,10.8,1.4,1.74,Graduate,2,0,0.875,0.125,0.875,0.125,0.0,0,0.44
2,12,1,3,0,12,1,23,14,1,11,0,0,1,0,0,0,25,0,0,6,7,6,13.333333333333334,0,0,6,6,6,13.5,0,7.6,2.6,0.32,Graduate,2,0,1.0,0.0,1.0,0.0,0.16666666666666607,0,3.0
4,12,1,3,0,12,1,22,27,10,10,0,0,1,0,0,0,50,0,0,6,11,0,0.0,0,0,5,6,0,0.0,0,8.9,1.4,3.51,Dropout,0,1,0.0,1.0,0.0,1.0,0.0,0,8.0
2,1,1,9,1,1,1,19,24,1,1,0,0,0,1,0,0,24,0,14,15,17,14,11.357142857142858,0,13,14,15,13,12.846153846153848,0,7.6,2.6,0.32,Dropout,0,1,0.9333333333333333,0.06666666666666665,0.9285714285714286,0.0714285714285714,1.4890109890109908,-1,0.62
1,1,5,7,1,1,1,23,14,6,4,0,0,0,1,0,0,18,0,0,5,11,0,0.0,0,0,5,8,0,0.0,0,9.4,-0.8,-3.12,Dropout,0,1,0.0,1.0,0.0,1.0,0.0,0,5.5
1,8,1,6,1,1,1,23,28,29,38,1,0,0,1,0,0,20,0,0,6,13,6,15.692307692307692,0,0,6,13,5,14.428571428571429,0,15.5,2.8,-4.06,Graduate,2,0,1.0,0.0,0.8333333333333334,0.16666666666666663,-1.2637362637362628,-1,1.88
1,7,1,4,1,1,1,1,27,5,10,1,0,1,1,0,1,20,0,13,18,19,18,15.052631578947368,0,11,13,13,13,14.538461538461538,0,15.5,2.8,-4.06,Graduate,2,0,1.0,0.0,1.0,0.0,-0.5141700404858298,-5,1.43
1,14,1,17,0,1,1,22,27,10,10,0,0,0,1,0,0,21,0,6,10,20,6,11.5,0,5,10,17,5,12.4,0,9.4,-0.8,-3.12,Dropout,0,1,0.6,0.4,0.5,0.5,0.9000000000000004,-1,2.45
1,12,1,10,1,1,1,23,1,10,4,0,0,1,1,1,0,28,0,2,8,15,7,11.0,0,0,6,17,1,10.0,0,10.8,1.4,1.74,Enrolled,1,0,0.875,0.125,0.16666666666666666,0.8333333333333334,-1.0,-6,3.12
1,1,1,11,1,1,1,23,27,10,8,0,0,0,1,1,1,19,0,0,6,6,6,13.0,0,0,6,6,6,13.166666666666666,0,12.4,0.5,1.79,Graduate,2,0,1.0,0.0,1.0,0.0,0.16666666666666607,0,0.0
1,1,1,12,1,1,1,22,27,10,8,0,0,0,1,1,1,18,0,0,8,8,8,12.93875,0,0,8,8,8,12.93875,0,9.4,-0.8,-3.12,Graduate,2,0,1.0,0.0,1.0,0.0,0.0,0,0.0
1,8,1,2,1,1,1,22,27,10,10,0,0,0,1,1,0,22,0,0,0,0,0,0.0,0,0,0,0,0,0.0,0,12.7,3.7,-1.7,Graduate,2,0,0.0,1.0,0.0,1.0,0.0,0,5.5
1,15,1,4,1,14,1,22,27,10,11,0,0,0,1,1,0,25,0,0,6,6,0,0.0,0,0,6,8,0,0.0,0,15.5,2.8,-4.06,Dropout,0,1,0.0,1.0,0.0,1.0,0.0,0,5.5
2,12,1,12,1,1,1,22,27,10,10,0,0,0,0,1,0,37,0,0,7,10,5,13.0,0,0,7,9,5,12.88,0,11.1,0.6,2.02,Dropout,0,1,0.7142857142857143,0.2857142857142857,0.7142857142857143,0.2857142857142857,-0.11999999999999922,0,3.0
1,12,1,12,1,1,1,22,27,8,8,0,0,0,0,1,0,38,0,0,7,11,5,12.18,0,0,7,11,4,11.8125,0,11.1,0.6,2.02,Dropout,0,1,0.7142857142857143,0.2857142857142857,0.5714285714285714,0.4285714285714286,-0.3674999999999997,-1,3.16
2,12,1,14,1,1,1,13,28,10,10,0,0,0,1,1,0,36,0,0,6,13,3,11.333333333333334,0,0,6,12,5,11.4,0,13.9,-0.3,0.79,Dropout,0,1,0.5,0.5,0.8333333333333334,0.16666666666666663,0.06666666666666643,2,2.69
1,1,2,12,1,1,1,13,1,10,10,1,0,0,1,1,0,18,0,0,8,8,7,13.0,0,0,8,8,7,13.0,0,12.7,3.7,-1.7,Graduate,2,0,0.875,0.125,0.875,0.125,0.0,0,0.44
1,1,1,14,1,1,1,1,1,1,1,0,0,0,0,1,0,19,0,0,5,5,0,0.0,0,0,6,0,0,0.0,0,9.4,-0.8,-3.12,Dropout,0,1,0.0,1.0,0.0,1.0,0.0,0,6.75
1,12,1,8,1,1,1,1,1,5,11,0,0,1,1,1,0,24,0,0,5,13,2,12.5,2,0,5,8,3,12.333333333333334,0,9.4,-0.8,-3.12,Dropout,0,1,0.4,0.6,0.6,0.4,-0.16666666666666607,1,5.01
1,1,1,10,1,1,1,1,1,4,4,0,0,0,1,1,0,20,0,0,6,9,5,11.0,0,0,6,9,5,12.166666666666666,0,11.1,0.6,2.02,Graduate,2,0,0.8333333333333334,0.16666666666666663,0.8333333333333334,0.16666666666666663,1.166666666666666,0,1.56
1,1,1,2,1,1,1,22,27,10,10,1,0,0,1,1,0,21,0,0,0,0,0,0.0,0,0,0,0,0,0.0,0,12.7,3.7,-1.7,Dropout,0,1,0.0,1.0,0.0,1.0,0.0,0,5.5
2,14,3,17,0,1,1,22,27,10,10,1,0,0,1,1,0,32,0,0,5,5,0,0.0,0,0,5,5,0,0.0,0,7.6,2.6,0.32,Dropout,0,1,0.0,1.0,0.0,1.0,0.0,0,5.5
2,12,1,17,0,12,1,23,28,8,9,0,0,0,1,1,0,39,0,0,5,9,0,0.0,0,0,5,5,1,10.0,0,12.7,3.7,-1.7,Dropout,0,1,0.0,1.0,0.2,0.8,10.0,1,5.5
1,4,1,7,1,3,1,22,27,10,10,0,0,0,0,1,0,33,0,0,5,6,0,0.0,0,0,5,5,0,0.0,0,12.7,3.7,-1.7,Dropout,0,1,0.0,1.0,0.0,1.0,0.0,0,6.75
1,8,2,14,1,1,1,22,28,6,9,0,0,0,1,1,1,20,0,0,5,5,5,12.4,0,0,5,5,4,10.75,0,9.4,-0.8,-3.12,Graduate,2,0,1.0,0.0,0.8,0.19999999999999996,-1.6500000000000004,-1,0.0
1,1,1,4,1,1,1,23,14,10,8,0,0,0,1,1,0,19,0,0,6,8,6,15.5,0,0,6,10,6,14.1,0,16.2,0.3,-0.92,Graduate,2,0,1.0,0.0,1.0,0.0,-1.4000000000000004,0,0.88
2,12,1,17,0,1,1,22,27,6,9,0,0,0,0,1,0,43,0,0,5,13,2,11.5,0,0,5,12,3,10.8,0,13.9,-0.3,0.79,Dropout,0,1,0.4,0.6,0.6,0.4,-0.6999999999999993,1,4.21
2,14,1,17,0,1,1,22,27,8,9,0,0,0,1,1,0,49,0,0,5,7,4,13.333333333333334,0,0,5,9,4,11.6,1,16.2,0.3,-0.92,Dropout,0,1,0.8,0.19999999999999996,0.8,0.19999999999999996,-1.7333333333333343,0,1.5
1,1,2,15,1,1,1,23,28,6,8,1,0,0,1,1,1,18,0,0,6,8,6,12.666666666666666,0,0,6,6,6,13.5,0,12.7,3.7,-1.7,Graduate,2,0,1.0,0.0,1.0,0.0,0.8333333333333339,0,0.88
1,12,1,4,1,1,1,1,27,29,44,0,0,0,1,1,0,27,0,0,6,6,0,0.0,0,0,6,6,0,0.0,0,11.1,0.6,2.02,Enrolled,1,0,0.0,1.0,0.0,1.0,0.0,0,5.5
1,1,1,9,1,1,1,1,14,10,10,1,0,0,1,1,1,19,0,0,5,8,5,12.6,0,0,5,9,5,13.6,0,8.9,1.4,3.51,Dropout,0,1,1.0,0.0,1.0,0.0,1.0,0,1.31
1,12,1,5,1,1,1,22,27,10,11,0,0,1,1,1,1,45,0,0,6,6,6,13.5,0,0,6,6,0,0.0,0,16.2,0.3,-0.92,Dropout,0,1,1.0,0.0,0.0,1.0,-13.5,-6,1.25
1,6,1,14,1,1,1,22,10,10,10,1,0,0,0,1,0,19,0,0,6,6,6,13.0,0,0,6,8,6,13.0,0,13.9,-0.3,0.79,Graduate,2,0,1.0,0.0,1.0,0.0,0.0,0,1.25
1,15,1,4,1,14,1,1,3,10,7,0,0,0,1,1,1,21,0,0,6,15,6,11.714285714285714,0,0,6,8,4,11.75,0,13.9,-0.3,0.79,Graduate,2,0,1.0,0.0,0.6666666666666666,0.33333333333333337,0.035714285714286476,-2,2.1
1,1,1,14,1,1,1,1,1,6,10,0,0,0,1,1,1,18,0,0,6,8,6,12.166666666666666,0,0,6,7,5,13.0,0,13.9,-0.3,0.79,Graduate,2,0,1.0,0.0,0.8333333333333334,0.16666666666666663,0.8333333333333339,-1,0.88
1,8,3,9,1,1,1,22,27,6,8,0,0,0,1,1,0,18,0,0,5,10,0,0.0,1,0,5,13,0,0.0,0,9.4,-0.8,-3.12,Dropout,0,1,0.0,1.0,0.0,1.0,0.0,0,5.9
1,8,1,11,1,1,1,22,27,6,2,0,0,0,0,1,0,29,0,0,6,12,0,0.0,0,0,6,6,0,0.0,6,9.4,-0.8,-3.12,Dropout,0,1,0.0,1.0,0.0,1.0,0.0,0,6.75
1,1,1,14,1,1,1,1,1,5,10,0,0,0,1,1,0,19,0,0,5,6,5,11.5,0,0,5,5,5,11.6,0,9.4,-0.8,-3.12,Graduate,2,0,1.0,0.0,1.0,0.0,0.09999999999999964,0,0.58
1,1,1,9,1,1,1,13,14,10,8,1,0,0,1,1,1,18,0,0,5,7,4,11.25,0,0,5,6,4,12.25,0,12.4,0.5,1.79,Enrolled,1,0,0.8,0.19999999999999996,0.8,0.19999999999999996,1.0,0,1.5
1,15,1,5,1,14,1,1,1,10,10,0,0,0,1,1,1,22,0,2,7,7,7,12.285714285714286,0,5,9,10,8,12.375,0,12.4,0.5,1.79,Graduate,2,0,1.0,0.0,0.8888888888888888,0.11111111111111116,0.08928571428571352,1,0.0
1,8,6,12,1,1,1,1,1,5,4,1,0,0,1,1,1,18,0,0,7,7,7,12.718571428571428,0,0,8,11,8,12.805555555555555,0,11.1,0.6,2.02,Dropout,0,1,1.0,0.0,1.0,0.0,0.08698412698412739,1,0.0
1,15,1,8,1,14,1,1,14,5,8,0,0,0,1,1,0,20,0,2,6,12,5,12.4,0,1,6,11,2,15.0,0,13.9,-0.3,0.79,Enrolled,1,0,0.8333333333333334,0.16666666666666663,0.3333333333333333,0.6666666666666667,2.5999999999999996,-3,2.04
1,1,1,2,1,1,1,13,14,2,2,1,0,0,1,1,0,20,0,0,0,0,0,0.0,0,0,0,0,0,0.0,0,10.8,1.4,1.74,Dropout,0,1,0.0,1.0,0.0,1.0,0.0,0,5.5
4,12,1,14,1,12,1,22,27,10,8,0,0,1,1,1,1,29,0,0,6,16,1,14.0,0,0,6,7,0,0.0,0,11.1,0.6,2.02,Dropout,0,1,0.16666666666666666,0.8333333333333334,0.0,1.0,-14.0,-1,4.53
1,12,1,14,1,1,1,9,9,12,5,1,0,0,1,1,0,29,0,0,5,10,3,11.666666666666666,0,0,5,8,4,11.25,0,7.6,2.6,0.32,Dropout,0,1,0.6,0.4,0.8,0.19999999999999996,-0.4166666666666661,1,2.45
1,14,1,15,1,1,1,1,1,5,6,1,0,0,1,1,0,23,0,0,6,15,1,13.0,0,0,6,8,4,11.25,0,9.4,-0.8,-3.12,Enrolled,1,0,0.16666666666666666,0.8333333333333334,0.6666666666666666,0.33333333333333337,-1.75,3,3.27
1,8,1,2,1,1,1,3,10,3,10,1,0,1,1,1,0,19,0,0,0,0,0,0.0,0,0,0,0,0,0.0,0,10.8,1.4,1.74,Dropout,0,1,0.0,1.0,0.0,1.0,0.0,0,6.75
1,1,1,7,1,1,1,23,28,10,10,1,0,0,1,1,0,18,0,0,5,10,0,0.0,0,0,5,11,1,12.0,3,7.6,2.6,0.32,Dropout,0,1,0.0,1.0,0.2,0.8,12.0,1,5.5
2,13,1,11,1,1,1,2,2,19,17,1,0,0,1,1,0,22,0,2,6,13,4,11.5,0,2,6,12,2,12.5,0,7.6,2.6,0.32,Dropout,0,1,0.6666666666666666,0.33333333333333337,0.3333333333333333,0.6666666666666667,1.0,-2,2.42
1,14,1,17,0,1,1,22,27,10,10,1,0,1,1,1,0,34,0,6,10,10,7,11.714285714285714,0,4,10,10,6,11.5,0,10.8,1.4,1.74,Dropout,0,1,0.7,0.30000000000000004,0.6,0.4,-0.21428571428571352,-1,2.3
1,14,1,17,0,4,1,3,3,3,2,0,0,0,1,1,0,26,0,0,5,7,5,12.6,0,0,5,7,5,13.714285714285714,0,13.9,-0.3,0.79,Graduate,2,0,1.0,0.0,1.0,0.0,1.1142857142857139,0,1.0
1,8,1,2,1,1,1,22,27,8,10,1,0,0,1,1,0,24,0,12,17,19,13,11.642857142857142,0,12,17,25,12,11.25,0,11.1,0.6,2.02,Dropout,0,1,0.7647058823529411,0.23529411764705888,0.7058823529411765,0.2941176470588235,-0.39285714285714235,-1,1.11
1,1,1,14,1,1,1,1,1,10,9,1,0,0,1,1,1,17,0,0,6,8,6,14.875,0,0,6,8,6,13.428571428571429,0,11.1,0.6,2.02,Graduate,2,0,1.0,0.0,1.0,0.0,-1.4464285714285712,0,0.88
1,14,4,14,1,1,1,3,3,5,5,0,0,0,1,1,0,21,0,0,5,11,2,10.0,0,0,5,10,3,10.333333333333334,0,9.4,-0.8,-3.12,Enrolled,1,0,0.4,0.6,0.6,0.4,0.3333333333333339,1,2.86
2,12,1,17,0,1,1,1,4,5,3,0,0,0,1,1,0,34,0,0,5,5,5,14.2,0,0,5,5,5,14.6,0,12.7,3.7,-1.7,Enrolled,1,0,1.0,0.0,1.0,0.0,0.40000000000000036,0,0.0
1,15,1,4,1,14,1,13,28,7,8,1,0,0,1,1,0,19,0,0,6,8,6,12.714285714285714,0,0,6,9,6,13.5,0,12.4,0.5,1.79,Graduate,2,0,1.0,0.0,1.0,0.0,0.7857142857142865,0,0.88
2,12,1,4,1,1,1,1,3,5,3,0,0,1,0,1,0,49,0,4,12,16,5,11.6,0,2,7,7,5,11.2,0,8.9,1.4,3.51,Dropout,0,1,0.4166666666666667,0.5833333333333333,0.7142857142857143,0.2857142857142857,-0.40000000000000036,0,4.91
1,14,1,12,1,1,1,2,4,5,6,0,0,0,1,1,0,23,0,0,7,14,5,11.94,0,0,7,14,6,12.2,0,13.9,-0.3,0.79,Dropout,0,1,0.7142857142857143,0.2857142857142857,0.8571428571428571,0.1428571428571429,0.2599999999999998,1,2.25
1,9,3,7,1,1,1,1,14,10,9,1,0,0,1,1,0,18,0,0,5,10,4,11.6,0,0,5,9,3,14.2,0,12.4,0.5,1.79,Dropout,0,1,0.8,0.19999999999999996,0.6,0.4,2.5999999999999996,-1,2.1
1,1,1,12,1,1,1,10,1,5,11,0,0,0,1,1,0,20,0,0,7,9,5,12.7,0,0,8,9,7,13.475,0,13.9,-0.3,0.79,Enrolled,1,0,0.7142857142857143,0.2857142857142857,0.875,0.125,0.7750000000000004,2,1.56
1,1,3,14,1,1,1,3,1,3,4,1,0,0,1,1,0,19,0,0,6,6,6,13.333333333333334,0,0,6,9,5,13.8,0,8.9,1.4,3.51,Graduate,2,0,1.0,0.0,0.8333333333333334,0.16666666666666663,0.4666666666666668,-1,0.0
1,13,1,4,1,14,1,3,1,3,7,1,0,0,1,1,0,24,0,4,9,13,8,13.333333333333334,0,5,10,12,9,13.11111111111111,0,16.2,0.3,-0.92,Enrolled,1,0,0.8888888888888888,0.11111111111111116,0.9,0.09999999999999998,-0.2222222222222232,1,1.35
1,1,1,9,1,1,1,1,28,5,8,1,0,0,1,1,0,18,0,0,5,5,5,13.4,0,0,5,5,5,15.0,0,8.9,1.4,3.51,Graduate,2,0,1.0,0.0,1.0,0.0,1.5999999999999996,0,0.0
2,12,1,11,1,12,1,19,24,1,1,0,0,1,0,1,0,45,0,0,6,12,0,0.0,0,0,6,12,0,0.0,0,9.4,-0.8,-3.12,Dropout,0,1,0.0,1.0,0.0,1.0,0.0,0,8.0
1,12,1,17,0,1,1,19,24,1,1,1,0,0,1,1,0,30,0,0,5,5,2,11.0,0,0,5,5,0,0.0,0,7.6,2.6,0.32,Dropout,0,1,0.4,0.6,0.0,1.0,-11.0,-2,2.1
1,16,1,17,0,14,1,1,4,5,11,0,0,0,1,1,0,28,0,13,15,17,13,12.0,0,9,13,13,9,11.333333333333334,0,8.9,1.4,3.51,Dropout,0,1,0.8666666666666667,0.1333333333333333,0.6923076923076923,0.3076923076923077,-0.6666666666666661,-4,0.82
1,12,1,17,0,1,1,22,27,10,10,0,0,0,1,1,0,40,0,0,5,0,0,0.0,0,0,5,0,0,0.0,0,12.7,3.7,-1.7,Dropout,0,1,0.0,1.0,0.0,1.0,0.0,0,5.5
1,12,2,9,1,12,1,23,14,5,11,0,0,0,0,1,0,32,0,0,5,5,0,0.0,0,0,5,9,0,0.0,0,10.8,1.4,1.74,Dropout,0,1,0.0,1.0,0.0,1.0,0.0,0,6.75
1,8,5,11,1,1,1,13,27,6,6,1,0,0,1,1,0,19,0,0,6,12,4,12.5,0,0,6,12,4,10.25,0,7.6,2.6,0.32,Dropout,0,1,0.6666666666666666,0.33333333333333337,0.6666666666666666,0.33333333333333337,-2.25,0,2.33
1,1,1,5,1,1,1,1,14,4,10,1,0,0,1,1,0,20,0,0,6,7,6,13.666666666666666,0,0,6,7,6,12.166666666666666,1,16.2,0.3,-0.92,Graduate,2,0,1.0,0.0,1.0,0.0,-1.5,0,0.5
1,8,1,7,1,1,1,1,3,5,3,0,0,0,1,1,0,18,0,0,5,10,1,10.0,0,0,5,7,0,0.0,0,9.4,-0.8,-3.12,Dropout,0,1,0.2,0.8,0.0,1.0,-10.0,-1,3.15
1,8,1,14,1,1,1,23,27,10,10,0,0,0,0,1,0,20,0,0,6,6,6,11.5,0,0,6,9,2,13.0,0,10.8,1.4,1.74,Dropout,0,1,1.0,0.0,0.3333333333333333,0.6666666666666667,1.5,-4,1.25
1,12,1,17,0,1,1,22,28,10,5,0,0,0,1,1,0,39,0,0,5,7,4,12.25,0,0,5,7,4,12.75,0,15.5,2.8,-4.06,Enrolled,1,0,0.8,0.19999999999999996,0.8,0.19999999999999996,0.5,0,1.5
1,8,1,6,1,1,1,13,28,5,9,0,0,0,0,1,0,19,0,0,6,11,5,13.6,0,0,6,11,5,13.666666666666666,0,11.1,0.6,2.02,Enrolled,1,0,0.8333333333333334,0.16666666666666663,0.8333333333333334,0.16666666666666663,0.06666666666666643,0,3.16
1,12,1,17,0,9,1,22,27,10,10,0,0,0,1,1,0,38,0,0,5,11,2,10.5,0,0,5,9,3,11.333333333333334,1,7.6,2.6,0.32,Enrolled,1,0,0.4,0.6,0.6,0.4,0.8333333333333339,1,2.86
1,8,3,12,1,1,1,13,27,5,10,1,0,0,1,1,1,18,0,0,7,7,6,13.266666666666666,0,0,7,7,6,13.266666666666666,0,7.6,2.6,0.32,Graduate,2,0,0.8571428571428571,0.1428571428571429,0.8571428571428571,0.1428571428571429,0.0,0,0.5
1,8,4,12,1,1,1,13,28,10,7,1,0,0,1,1,1,18,0,0,7,8,7,12.5125,0,0,8,8,8,14.1875,0,13.9,-0.3,0.79,Graduate,2,0,1.0,0.0,1.0,0.0,1.6750000000000007,1,0.44
2,14,1,8,1,7,1,19,24,1,1,0,0,0,1,1,0,28,0,0,5,9,0,0.0,0,0,5,5,0,0.0,0,7.6,2.6,0.32,Dropout,0,1,0.0,1.0,0.0,1.0,0.0,0,5.5
1,12,1,14,1,1,1,22,27,10,10,1,0,0,0,1,0,31,0,0,6,14,0,0.0,0,0,6,6,0,0.0,0,12.7,3.7,-1.7,Dropout,0,1,0.0,1.0,0.0,1.0,0.0,0,6.75
1,1,1,12,1,1,1,2,14,4,10,0,0,0,1,1,0,23,0,0,7,7,6,13.483333333333334,0,0,7,7,6,13.483333333333334,0,7.6,2.6,0.32,Graduate,2,0,0.8571428571428571,0.1428571428571429,0.8571428571428571,0.1428571428571429,0.0,0,0.5
1,1,1,12,1,1,1,23,14,32,44,1,0,0,1,1,0,21,0,0,7,9,6,12.565,0,0,8,12,5,12.16,0,11.1,0.6,2.02,Enrolled,1,0,0.8571428571428571,0.1428571428571429,0.625,0.375,-0.40499999999999936,-1,1.17
1,12,1,10,1,12,1,22,27,10,10,0,0,1,0,1,0,33,0,0,6,8,0,0.0,0,0,5,6,0,0.0,0,16.2,0.3,-0.92,Dropout,0,1,0.0,1.0,0.0,1.0,0.0,0,8.0
1,14,1,9,1,1,1,22,27,6,4,0,0,0,1,1,0,22,0,0,5,9,3,13.0,0,0,5,9,3,11.666666666666666,0,12.7,3.7,-1.7,Dropout,0,1,0.6,0.4,0.6,0.4,-1.333333333333334,0,2.33
1,15,1,7,1,14,1,13,27,10,10,1,0,1,1,1,0,20,0,0,5,6,5,16.5,0,0,5,7,5,17.714285714285715,0,12.4,0.5,1.79,Dropout,0,1,1.0,0.0,1.0,0.0,1.2142857142857153,0,1.83
1,8,1,14,1,1,1,22,28,4,4,0,0,1,1,1,0,19,0,0,6,7,6,13.166666666666666,0,0,6,9,5,13.2,0,8.9,1.4,3.51,Enrolled,1,0,1.0,0.0,0.8333333333333334,0.16666666666666663,0.033333333333333215,-1,1.75
1,15,1,6,1,14,1,23,28,5,2,1,0,0,1,1,0,20,0,1,6,11,6,13.8,0,1,6,7,6,13.142857142857142,0,16.2,0.3,-0.92,Graduate,2,0,1.0,0.0,1.0,0.0,-0.6571428571428584,0,1.59
1,12,1,11,1,9,1,22,27,6,8,1,0,0,1,1,0,25,0,0,6,7,6,11.166666666666666,0,0,6,11,4,11.8,0,9.4,-0.8,-3.12,Enrolled,1,0,1.0,0.0,0.6666666666666666,0.33333333333333337,0.6333333333333346,-2,0.5
1,12,1,4,1,1,1,1,1,10,5,0,0,0,0,1,0,25,0,0,6,0,0,0.0,0,0,6,0,0,0.0,0,13.9,-0.3,0.79,Dropout,0,1,0.0,1.0,0.0,1.0,0.0,0,6.75
1,1,4,5,1,1,1,4,14,3,11,1,0,0,1,1,0,19,0,0,6,7,6,12.666666666666666,0,0,6,8,6,12.142857142857142,0,9.4,-0.8,-3.12,Enrolled,1,0,1.0,0.0,1.0,0.0,-0.5238095238095237,0,0.5
1,1,1,14,1,1,1,2,1,3,5,1,0,0,1,1,0,20,0,0,5,5,5,12.6,0,0,5,6,4,14.5,1,7.6,2.6,0.32,Graduate,2,0,1.0,0.0,0.8,0.19999999999999996,1.9000000000000004,-1,0.0
2,12,1,12,1,12,1,13,14,5,5,0,0,0,1,1,0,33,0,0,7,7,5,13.06,0,0,7,9,0,0.0,0,16.2,0.3,-0.92,Enrolled,1,0,0.7142857142857143,0.2857142857142857,0.0,1.0,-13.06,-5,1.0
1,8,5,15,1,1,1,1,27,6,6,1,0,0,1,1,0,19,0,0,6,7,6,13.833333333333334,0,0,6,8,6,13.625,0,7.6,2.6,0.32,Graduate,2,0,1.0,0.0,1.0,0.0,-0.20833333333333393,0,0.5
1,12,1,8,1,12,1,19,24,13,13,0,0,0,1,1,0,31,0,0,5,5,0,0.0,0,0,5,5,0,0.0,0,7.6,2.6,0.32,Dropout,0,1,0.0,1.0,0.0,1.0,0.0,0,5.5
1,15,1,7,1,14,1,3,28,3,4,0,0,1,0,1,0,24,0,2,6,6,2,16.0,0,2,7,7,2,16.0,0,8.9,1.4,3.51,Dropout,0,1,0.3333333333333333,0.6666666666666667,0.2857142857142857,0.7142857142857143,0.0,0,4.83
1,15,1,7,1,14,1,13,3,4,5,0,0,1,0,1,0,23,0,0,5,5,0,0.0,0,0,5,5,0,0.0,0,15.5,2.8,-4.06,Dropout,0,1,0.0,1.0,0.0,1.0,0.0,0,8.0
2,12,1,17,0,1,1,1,3,2,3,0,0,0,0,1,1,26,0,0,5,12,3,10.666666666666666,0,0,5,11,3,10.666666666666666,0,9.4,-0.8,-3.12,Dropout,0,1,0.6,0.4,0.6,0.4,0.0,0,3.87
2,14,1,5,1,2,1,22,27,7,7,1,0,0,1,1,0,38,0,14,18,18,18,14.5,0,13,18,18,18,14.5,0,16.2,0.3,-0.92,Graduate,2,0,1.0,0.0,1.0,0.0,0.0,0,0.0
1,1,6,7,1,1,1,13,14,8,4,1,0,0,1,1,1,20,0,0,5,6,5,14.0,0,0,5,7,5,13.8,0,8.9,1.4,3.51,Graduate,2,0,1.0,0.0,1.0,0.0,-0.1999999999999993,0,0.58
1,8,5,7,1,1,1,1,14,10,10,1,0,0,1,1,0,20,0,0,5,10,3,13.333333333333334,0,0,5,11,5,13.571428571428571,0,12.4,0.5,1.79,Graduate,2,0,0.6,0.4,1.0,0.0,0.23809523809523725,2,2.45
1,12,1,6,1,12,1,3,1,3,6,0,0,0,1,1,0,25,0,0,6,0,0,0.0,0,0,6,0,0,0.0,0,10.8,1.4,1.74,Dropout,0,1,0.0,1.0,0.0,1.0,0.0,0,5.5
1,8,2,5,1,1,1,1,14,22,29,1,0,0,1,1,0,19,0,0,6,9,5,12.0,0,0,6,10,4,11.2,0,8.9,1.4,3.51,Graduate,2,0,0.8333333333333334,0.16666666666666663,0.6666666666666666,0.33333333333333337,-0.8000000000000007,-1,1.56
1,8,1,7,1,1,1,1,28,5,6,0,0,0,1,1,0,18,0,0,5,6,5,16.2,0,0,5,8,5,16.0,0,8.9,1.4,3.51,Graduate,2,0,1.0,0.0,1.0,0.0,-0.1999999999999993,0,0.58
1,14,1,17,0,9,1,10,10,10,10,0,0,0,1,1,0,28,0,7,13,13,7,10.285714285714286,0,5,11,13,5,10.6,0,10.8,1.4,1.74,Dropout,0,1,0.5384615384615384,0.46153846153846156,0.45454545454545453,0.5454545454545454,0.31428571428571317,-2,1.62
1,1,2,7,1,1,1,13,14,10,10,1,0,0,1,1,0,18,0,0,5,5,0,0.0,0,0,5,5,0,0.0,0,9.4,-0.8,-3.12,Enrolled,1,0,0.0,1.0,0.0,1.0,0.0,0,5.5
1,1,1,11,1,1,1,1,28,10,10,1,0,0,1,1,1,20,0,0,6,7,6,13.571428571428571,0,0,6,8,6,13.166666666666666,0,8.9,1.4,3.51,Graduate,2,0,1.0,0.0,1.0,0.0,-0.4047619047619051,0,0.5
1,1,1,8,1,1,1,4,3,4,4,0,0,0,1,1,0,18,0,0,6,7,6,14.285714285714286,0,0,6,9,6,14.857142857142858,0,11.1,0.6,2.02,Graduate,2,0,1.0,0.0,1.0,0.0,0.5714285714285712,0,0.5
1,8,3,9,1,1,1,1,1,4,4,1,0,0,1,1,0,19,0,0,5,7,5,10.2,0,0,5,6,4,10.5,0,12.4,0.5,1.79,Graduate,2,0,1.0,0.0,0.8,0.19999999999999996,0.3000000000000007,-1,1.0
1,13,1,12,1,1,1,13,14,10,10,0,0,1,1,1,0,24,0,0,8,16,2,10.25,1,0,8,16,2,10.25,1,12.7,3.7,-1.7,Dropout,0,1,0.25,0.75,0.25,0.75,0.0,0,4.56
1,8,4,6,1,1,1,1,3,6,6,1,0,0,1,1,0,21,0,0,6,0,0,0.0,0,0,6,0,0,0.0,0,10.8,1.4,1.74,Dropout,0,1,0.0,1.0,0.0,1.0,0.0,0,5.5
1,1,1,14,1,1,1,3,27,5,8,0,0,0,1,1,1,20,0,0,6,7,6,14.833333333333334,0,0,6,6,6,14.833333333333334,0,12.7,3.7,-1.7,Graduate,2,0,1.0,0.0,1.0,0.0,0.0,0,0.5
1,15,1,4,1,14,1,13,1,10,9,1,0,0,1,1,0,21,0,0,6,12,5,13.625,0,0,6,6,5,12.6,0,13.9,-0.3,0.79,Graduate,2,0,0.8333333333333334,0.16666666666666663,0.8333333333333334,0.16666666666666663,-1.0250000000000004,0,2.04
2,1,1,13,1,1,1,13,14,31,29,0,0,1,1,1,0,24,0,0,7,7,7,12.271428571428572,0,0,8,10,7,13.657142857142857,0,10.8,1.4,1.74,Graduate,2,0,1.0,0.0,0.875,0.125,1.3857142857142843,0,1.25
1,12,1,17,0,1,1,23,27,10,10,0,0,0,1,1,0,27,0,0,5,0,0,0.0,0,0,5,0,0,0.0,0,10.8,1.4,1.74,Dropout,0,1,0.0,1.0,0.0,1.0,0.0,0,5.5
1,8,6,9,1,1,1,22,28,10,10,1,0,1,0,1,0,19,0,0,5,8,4,12.5,0,0,5,9,5,10.5,0,8.9,1.4,3.51,Enrolled,1,0,0.8,0.19999999999999996,1.0,0.0,-2.0,1,4.25
1,12,1,3,0,1,1,3,14,5,8,0,0,0,1,1,0,39,0,3,9,10,9,13.22222222222222,0,2,7,8,7,13.142857142857142,0,8.9,1.4,3.51,Graduate,2,0,1.0,0.0,1.0,0.0,-0.0793650793650773,-2,0.35
1,12,1,1,1,1,1,13,27,10,10,0,0,0,1,1,0,25,0,0,7,13,2,15.0,0,0,7,12,2,11.5,0,12.4,0.5,1.79,Dropout,0,1,0.2857142857142857,0.7142857142857143,0.2857142857142857,0.7142857142857143,-3.5,0,2.96
1,4,1,2,1,3,1,1,2,10,3,0,0,0,0,1,0,18,0,0,0,0,0,0.0,0,0,0,0,0,0.0,0,9.4,-0.8,-3.12,Dropout,0,1,0.0,1.0,0.0,1.0,0.0,0,6.75
1,14,1,5,1,1,1,1,2,10,3,0,0,0,1,1,0,19,0,6,12,12,12,13.166666666666666,0,6,12,12,12,13.0,0,10.8,1.4,1.74,Graduate,2,0,1.0,0.0,1.0,0.0,-0.16666666666666607,0,0.0
1,9,1,15,1,1,1,23,27,10,9,0,0,0,1,1,1,21,0,0,6,8,5,13.833333333333334,0,0,6,6,4,14.0,0,13.9,-0.3,0.79,Graduate,2,0,0.8333333333333334,0.16666666666666663,0.6666666666666666,0.33333333333333337,0.16666666666666607,-1,1.31
1,4,1,17,0,15,1,1,3,5,3,0,0,0,1,1,0,27,0,0,5,0,0,0.0,0,0,5,0,0,0.0,0,8.9,1.4,3.51,Dropout,0,1,0.0,1.0,0.0,1.0,0.0,0,5.5
1,1,3,9,1,1,1,1,1,6,4,1,0,0,1,1,0,19,0,0,5,6,0,0.0,0,0,5,6,0,0.0,0,7.6,2.6,0.32,Enrolled,1,0,0.0,1.0,0.0,1.0,0.0,0,5.5
1,8,3,12,1,1,1,3,1,3,8,1,0,0,1,1,0,18,0,0,8,8,7,13.154285714285717,0,0,8,8,7,13.154285714285717,0,10.8,1.4,1.74,Enrolled,1,0,0.875,0.125,0.875,0.125,0.0,0,0.44
1,4,1,14,1,3,1,16,27,4,4,1,0,0,1,1,0,27,0,7,12,12,9,12.333333333333334,0,6,11,11,6,13.166666666666666,0,9.4,-0.8,-3.12,Dropout,0,1,0.75,0.25,0.5454545454545454,0.4545454545454546,0.8333333333333321,-3,0.88
1,1,3,15,1,1,1,13,28,9,4,1,0,1,1,1,0,18,0,0,6,6,6,13.0,0,0,6,7,5,11.8,0,12.7,3.7,-1.7,Dropout,0,1,1.0,0.0,0.8333333333333334,0.16666666666666663,-1.1999999999999993,-1,1.25
1,1,1,8,1,1,1,2,3,10,2,0,0,0,1,1,0,19,0,0,5,14,2,11.5,2,0,5,8,5,11.4,3,9.4,-0.8,-3.12,Enrolled,1,0,0.4,0.6,1.0,0.0,-0.09999999999999964,3,3.8
1,15,1,4,1,14,1,13,28,10,11,0,0,0,1,1,0,19,0,0,6,15,3,13.25,0,0,6,9,1,12.0,0,13.9,-0.3,0.79,Dropout,0,1,0.5,0.5,0.16666666666666666,0.8333333333333334,-1.25,-2,2.8
1,15,1,4,1,14,1,13,1,2,2,0,0,0,1,1,0,22,0,0,6,12,3,13.333333333333334,0,0,6,12,3,12.75,0,15.5,2.8,-4.06,Enrolled,1,0,0.5,0.5,0.5,0.5,-0.5833333333333339,0,2.62
1,7,2,10,1,1,1,13,28,5,6,1,0,0,1,0,0,18,0,0,6,6,6,13.5,0,0,6,6,6,12.166666666666666,0,10.8,1.4,1.74,Graduate,2,0,1.0,0.0,1.0,0.0,-1.333333333333334,0,0.0
1,7,4,15,1,1,1,22,27,10,4,1,0,0,1,0,1,18,0,0,6,7,6,12.666666666666666,0,0,6,8,5,12.8,0,10.8,1.4,1.74,Graduate,2,0,1.0,0.0,0.8333333333333334,0.16666666666666663,0.13333333333333464,-1,0.5
1,14,1,9,1,1,1,4,14,3,2,0,0,0,1,0,0,23,0,7,11,18,11,15.090909090909092,1,2,6,7,6,14.5,0,9.4,-0.8,-3.12,Dropout,0,1,1.0,0.0,1.0,0.0,-0.5909090909090917,-5,1.54
1,9,4,2,1,1,1,1,4,10,6,1,0,1,0,1,0,20,0,0,0,0,0,0.0,0,0,0,0,0,0.0,0,9.4,-0.8,-3.12,Dropout,0,1,0.0,1.0,0.0,1.0,0.0,0,8.0
1,8,3,15,1,1,1,2,1,4,4,1,0,0,1,1,0,18,0,0,6,7,6,13.166666666666666,0,0,6,7,6,12.666666666666666,0,16.2,0.3,-0.92,Graduate,2,0,1.0,0.0,1.0,0.0,-0.5,0,0.5
1,1,4,15,1,1,1,13,14,10,8,1,0,0,1,1,0,18,0,0,6,6,6,12.833333333333334,0,0,6,8,6,12.833333333333334,0,12.4,0.5,1.79,Graduate,2,0,1.0,0.0,1.0,0.0,0.0,0,0.0
1,8,3,7,1,1,1,1,14,20,44,1,0,0,1,1,0,18,0,0,5,7,5,11.8,0,0,5,9,3,12.0,0,8.9,1.4,3.51,Enrolled,1,0,1.0,0.0,0.6,0.4,0.1999999999999993,-2,1.0
1,8,2,15,1,1,1,13,1,10,10,1,0,0,1,1,0,20,0,0,6,6,6,11.833333333333334,0,0,6,6,6,12.166666666666666,0,12.7,3.7,-1.7,Graduate,2,0,1.0,0.0,1.0,0.0,0.33333333333333215,0,0.0
1,1,3,15,1,1,1,3,1,3,5,1,0,0,1,1,0,20,0,0,6,6,5,12.8,0,0,6,11,3,12.75,0,15.5,2.8,-4.06,Graduate,2,0,0.8333333333333334,0.16666666666666663,0.5,0.5,-0.05000000000000071,-2,0.58
1,15,1,5,1,14,1,1,1,5,5,0,0,0,1,1,0,21,0,2,7,7,5,11.8,0,5,9,9,5,11.0,0,12.4,0.5,1.79,Dropout,0,1,0.7142857142857143,0.2857142857142857,0.5555555555555556,0.4444444444444444,-0.8000000000000007,0,1.0
1,14,1,2,1,1,1,13,14,10,5,0,0,0,1,1,0,22,0,0,0,0,0,0.0,0,0,0,0,0,0.0,0,13.9,-0.3,0.79,Enrolled,1,0,0.0,1.0,0.0,1.0,0.0,0,5.5
1,8,1,7,1,1,1,13,1,6,5,1,0,0,1,1,0,20,0,0,5,7,5,15.8,0,0,5,7,5,14.571428571428571,0,11.1,0.6,2.02,Dropout,0,1,1.0,0.0,1.0,0.0,-1.2285714285714295,0,1.0
1,1,1,2,1,1,1,1,27,10,10,0,0,1,1,1,0,19,0,0,0,0,0,0.0,0,0,0,0,0,0.0,0,15.5,2.8,-4.06,Enrolled,1,0,0.0,1.0,0.0,1.0,0.0,0,6.75
1,15,1,7,1,14,1,23,14,10,6,1,0,0,1,1,0,19,0,0,5,9,2,12.5,0,0,5,10,3,11.6,0,12.4,0.5,1.79,Enrolled,1,0,0.4,0.6,0.6,0.4,-0.9000000000000004,1,2.72
1,8,1,14,1,1,1,1,1,5,5,1,0,0,1,1,0,20,0,0,6,9,6,14.666666666666666,0,0,6,7,6,13.857142857142858,0,8.9,1.4,3.51,Graduate,2,0,1.0,0.0,1.0,0.0,-0.8095238095238084,0,1.17
1,15,1,6,1,14,1,13,27,6,8,1,0,0,1,1,0,19,0,2,6,10,4,12.5,0,1,6,16,2,12.0,0,12.4,0.5,1.79,Dropout,0,1,0.6666666666666666,0.33333333333333337,0.3333333333333333,0.6666666666666667,-0.5,-2,2.1
1,1,1,7,1,1,1,1,10,4,4,1,0,0,1,1,0,19,0,0,5,7,3,12.0,0,0,6,10,2,10.5,0,11.1,0.6,2.02,Dropout,0,1,0.6,0.4,0.3333333333333333,0.6666666666666667,-1.5,-1,2.0
1,6,1,7,1,1,14,2,2,3,3,0,0,1,1,1,0,24,1,2,8,8,7,13.142857142857142,0,1,6,8,6,11.833333333333334,0,8.9,1.4,3.51,Enrolled,1,0,0.875,0.125,1.0,0.0,-1.3095238095238084,-1,1.69
1,8,1,14,1,1,1,13,1,6,5,0,0,1,1,1,0,18,0,0,6,6,3,12.666666666666666,0,0,6,11,4,11.142857142857142,0,10.8,1.4,1.74,Dropout,0,1,0.5,0.5,0.6666666666666666,0.33333333333333337,-1.5238095238095237,1,3.0
1,1,1,7,1,1,1,13,14,10,9,0,0,0,0,1,1,18,0,0,5,6,5,15.0,0,0,5,6,5,14.2,0,8.9,1.4,3.51,Enrolled,1,0,1.0,0.0,1.0,0.0,-0.8000000000000007,0,1.83
1,1,1,10,1,1,1,13,28,10,8,1,0,1,1,0,0,18,0,0,6,7,5,13.6,0,0,6,7,5,11.8,0,8.9,1.4,3.51,Dropout,0,1,0.8333333333333334,0.16666666666666663,0.8333333333333334,0.16666666666666663,-1.799999999999999,0,2.25
1,8,5,15,1,1,1,1,1,8,8,1,0,0,1,0,0,18,0,0,6,6,6,12.5,0,0,6,6,6,13.833333333333334,0,8.9,1.4,3.51,Graduate,2,0,1.0,0.0,1.0,0.0,1.333333333333334,0,0.0
1,8,1,10,1,1,1,13,27,10,10,1,0,0,1,0,1,21,0,0,6,7,6,13.333333333333334,0,0,6,7,6,13.5,0,12.4,0.5,1.79,Graduate,2,0,1.0,0.0,1.0,0.0,0.16666666666666607,0,0.5
1,6,1,6,1,1,14,22,27,10,10,0,0,0,1,0,0,18,1,0,6,13,4,12.25,0,0,6,15,5,11.0,0,11.1,0.6,2.02,Dropout,0,1,0.6666666666666666,0.33333333333333337,0.8333333333333334,0.16666666666666663,-1.25,1,2.42
1,1,1,12,1,1,1,1,14,4,4,1,0,0,1,0,1,18,0,0,7,7,7,15.101428571428572,0,0,8,8,8,16.09375,0,11.1,0.6,2.02,Graduate,2,0,1.0,0.0,1.0,0.0,0.9923214285714277,1,0.0
1,1,2,10,1,1,1,13,27,10,10,1,0,0,1,0,1,18,0,0,6,6,6,13.166666666666666,0,0,6,6,6,16.0,0,10.8,1.4,1.74,Graduate,2,0,1.0,0.0,1.0,0.0,2.833333333333334,0,0.0
1,9,6,3,0,1,1,3,14,3,5,1,0,0,1,0,0,23,0,0,6,8,4,11.0,0,0,6,6,0,0.0,0,13.9,-0.3,0.79,Dropout,0,1,0.6666666666666666,0.33333333333333337,0.0,1.0,-11.0,-4,1.75
1,1,2,9,1,1,1,3,14,3,5,1,0,0,1,0,0,21,0,0,5,9,3,11.666666666666666,0,0,5,9,4,11.75,0,8.9,1.4,3.51,Graduate,2,0,0.6,0.4,0.8,0.19999999999999996,0.08333333333333393,1,2.33
1,1,1,10,1,1,1,13,28,8,6,0,0,0,1,0,0,20,0,0,6,13,1,10.0,0,0,6,13,1,13.0,0,9.4,-0.8,-3.12,Enrolled,1,0,0.16666666666666666,0.8333333333333334,0.16666666666666666,0.8333333333333334,3.0,0,3.23
1,8,1,3,0,1,1,19,24,1,1,1,0,0,1,0,0,26,0,4,7,15,7,11.571428571428571,0,2,6,14,2,11.0,0,7.6,2.6,0.32,Dropout,0,1,1.0,0.0,0.3333333333333333,0.6666666666666667,-0.5714285714285712,-5,1.87
1,1,6,15,1,1,1,1,14,5,5,1,0,0,1,0,1,18,0,0,6,6,6,12.166666666666666,0,0,6,10,5,11.2,0,7.6,2.6,0.32,Enrolled,1,0,1.0,0.0,0.8333333333333334,0.16666666666666663,-0.9666666666666668,-1,0.0
1,1,1,2,1,1,1,3,27,10,10,1,0,0,1,0,0,18,0,0,0,0,0,0.0,0,0,0,0,0,0.0,0,16.2,0.3,-0.92,Dropout,0,1,0.0,1.0,0.0,1.0,0.0,0,5.5
1,1,1,14,1,1,1,13,14,10,9,0,0,0,0,0,1,19,0,0,6,6,6,13.833333333333334,0,0,6,7,6,14.285714285714286,0,8.9,1.4,3.51,Graduate,2,0,1.0,0.0,1.0,0.0,0.45238095238095255,0,1.25
1,1,3,12,1,1,1,13,1,10,4,1,0,0,1,0,1,20,0,0,7,10,6,12.357142857142858,0,0,8,9,7,13.0,0,13.9,-0.3,0.79,Graduate,2,0,0.8571428571428571,0.1428571428571429,0.875,0.125,0.6428571428571423,1,1.4
1,1,3,15,1,1,1,23,14,8,8,1,0,1,0,0,0,19,0,0,6,7,6,12.166666666666666,0,0,6,10,2,10.333333333333334,0,16.2,0.3,-0.92,Dropout,0,1,1.0,0.0,0.3333333333333333,0.6666666666666667,-1.8333333333333321,-4,3.0
1,15,1,10,1,14,1,22,14,29,15,1,0,1,1,0,0,21,0,3,6,8,3,12.0,0,2,6,6,2,12.5,0,12.4,0.5,1.79,Enrolled,1,0,0.5,0.5,0.3333333333333333,0.6666666666666667,0.5,-1,3.44
1,12,1,11,1,1,1,22,27,5,7,0,0,0,1,0,0,33,0,5,10,14,9,12.416666666666666,0,5,9,14,7,13.0,0,10.8,1.4,1.74,Graduate,2,0,0.9,0.09999999999999998,0.7777777777777778,0.2222222222222222,0.5833333333333339,-2,1.25
1,1,2,6,1,1,1,3,28,5,7,0,0,0,1,0,0,18,0,0,5,7,4,12.75,0,0,5,6,4,12.75,0,7.6,2.6,0.32,Graduate,2,0,0.8,0.19999999999999996,0.8,0.19999999999999996,0.0,0,1.5
1,13,1,12,1,6,1,22,1,10,5,0,0,0,1,0,0,21,0,12,21,33,18,14.933333333333334,12,12,21,33,18,14.933333333333334,12,7.6,2.6,0.32,Graduate,2,0,0.8571428571428571,0.1428571428571429,0.8571428571428571,0.1428571428571429,0.0,0,2.73
1,1,1,15,1,1,1,3,14,3,4,1,0,0,1,0,0,19,0,0,6,6,6,13.0,0,0,6,7,6,11.666666666666666,0,8.9,1.4,3.51,Graduate,2,0,1.0,0.0,1.0,0.0,-1.333333333333334,0,0.0
4,12,1,16,1,12,1,23,14,10,10,0,0,1,0,0,0,33,0,0,7,7,7,12.857142857142858,0,0,7,8,6,12.666666666666666,0,8.9,1.4,3.51,Enrolled,1,0,1.0,0.0,0.8571428571428571,0.1428571428571429,-0.19047619047619158,-1,2.5
2,1,4,12,1,1,1,23,28,6,6,1,0,0,1,0,0,18,0,0,7,10,7,14.455000000000002,0,0,8,8,8,13.91,0,15.5,2.8,-4.06,Graduate,2,0,1.0,0.0,1.0,0.0,-0.5450000000000017,1,1.05
1,1,1,14,1,1,1,1,14,5,5,0,0,0,1,0,1,18,0,0,6,8,6,14.0,0,0,6,7,6,13.285714285714286,0,11.1,0.6,2.02,Graduate,2,0,1.0,0.0,1.0,0.0,-0.7142857142857135,0,0.88
1,1,3,15,1,1,1,13,28,5,5,1,0,0,1,0,1,20,0,0,6,6,6,13.5,0,0,6,7,6,12.666666666666666,0,11.1,0.6,2.02,Graduate,2,0,1.0,0.0,1.0,0.0,-0.8333333333333339,0,0.0
1,1,2,11,1,1,1,22,27,7,7,1,0,0,0,0,0,20,0,0,6,0,0,0.0,0,0,6,0,0,0.0,0,11.1,0.6,2.02,Dropout,0,1,0.0,1.0,0.0,1.0,0.0,0,6.75
1,8,2,3,0,1,1,13,1,2,2,0,0,0,1,0,1,20,0,0,6,6,6,11.666666666666666,0,0,6,12,5,14.0,0,10.8,1.4,1.74,Graduate,2,0,1.0,0.0,0.8333333333333334,0.16666666666666663,2.333333333333334,-1,0.0
1,8,1,6,1,1,1,1,27,5,10,1,0,0,1,0,1,19,0,0,5,6,4,12.0,0,0,5,8,5,13.333333333333334,1,10.8,1.4,1.74,Graduate,2,0,0.8,0.19999999999999996,1.0,0.0,1.333333333333334,1,1.17
1,1,3,10,1,1,1,23,27,9,9,1,0,0,1,0,1,19,0,0,6,7,6,11.714285714285714,0,0,6,6,6,11.833333333333334,0,13.9,-0.3,0.79,Graduate,2,0,1.0,0.0,1.0,0.0,0.1190476190476204,0,0.5
1,8,3,10,1,1,1,26,1,3,4,1,0,0,1,0,0,21,0,0,6,8,6,12.666666666666666,0,0,6,7,6,12.428571428571429,0,11.1,0.6,2.02,Graduate,2,0,1.0,0.0,1.0,0.0,-0.23809523809523725,0,0.88
1,12,1,6,1,1,1,3,3,5,3,1,0,0,1,0,0,26,0,0,6,11,3,11.75,0,0,6,19,4,12.8,0,12.4,0.5,1.79,Enrolled,1,0,0.5,0.5,0.6666666666666666,0.33333333333333337,1.0500000000000007,1,2.55
1,8,1,10,1,1,1,22,27,9,7,0,0,0,1,0,0,21,0,0,6,0,0,0.0,0,0,6,0,0,0.0,0,16.2,0.3,-0.92,Dropout,0,1,0.0,1.0,0.0,1.0,0.0,0,5.5
1,1,4,12,1,1,1,13,28,6,6,1,0,0,1,0,0,18,0,0,8,8,7,12.328571428571427,0,0,8,8,7,12.328571428571427,0,12.7,3.7,-1.7,Graduate,2,0,0.875,0.125,0.875,0.125,0.0,0,0.44
5,12,1,16,1,12,1,22,27,10,9,0,0,0,1,0,0,27,0,0,7,14,6,11.666666666666666,0,0,7,10,1,10.0,0,12.4,0.5,1.79,Dropout,0,1,0.8571428571428571,0.1428571428571429,0.14285714285714285,0.8571428571428572,-1.666666666666666,-5,2.0
1,14,1,5,1,1,1,1,28,4,10,1,0,0,1,0,1,20,0,5,12,12,12,13.25,0,5,12,12,11,12.727272727272728,0,15.5,2.8,-4.06,Graduate,2,0,1.0,0.0,0.9166666666666666,0.08333333333333337,-0.5227272727272716,-1,0.0
1,14,1,14,1,14,1,13,3,8,11,0,0,0,1,0,0,21,0,0,6,8,5,11.833333333333334,0,0,6,8,4,13.25,2,16.2,0.3,-0.92,Enrolled,1,0,0.8333333333333334,0.16666666666666663,0.6666666666666666,0.33333333333333337,1.416666666666666,-1,1.31
1,8,1,13,1,1,1,23,27,10,10,1,0,0,1,0,1,18,0,0,7,7,7,13.3,0,0,8,8,8,15.125,0,15.5,2.8,-4.06,Graduate,2,0,1.0,0.0,1.0,0.0,1.8249999999999993,1,0.0
1,15,1,6,1,14,1,1,14,10,10,1,0,0,1,0,0,20,0,1,6,13,6,12.555555555555555,0,1,6,11,5,11.8,0,16.2,0.3,-0.92,Enrolled,1,0,1.0,0.0,0.8333333333333334,0.16666666666666663,-0.7555555555555546,-1,1.88
1,1,1,15,1,1,1,1,14,5,11,1,0,0,1,0,0,18,0,0,6,6,6,12.833333333333334,0,0,6,7,6,12.166666666666666,0,11.1,0.6,2.02,Graduate,2,0,1.0,0.0,1.0,0.0,-0.6666666666666679,0,0.0
1,15,1,10,1,14,1,1,1,4,6,0,0,0,1,0,1,20,0,3,6,6,6,12.833333333333334,0,2,6,6,6,12.833333333333334,0,13.9,-0.3,0.79,Graduate,2,0,1.0,0.0,1.0,0.0,0.0,0,0.0
1,1,2,6,1,1,1,1,14,5,11,1,0,0,1,0,1,19,0,0,5,10,3,12.666666666666666,1,0,5,7,3,13.0,0,12.7,3.7,-1.7,Graduate,2,0,0.6,0.4,0.6,0.4,0.3333333333333339,0,2.85
1,1,5,12,1,1,1,22,3,10,3,1,0,0,1,0,0,20,0,0,7,8,6,13.271428571428572,0,0,8,8,7,14.471428571428572,0,13.9,-0.3,0.79,Graduate,2,0,0.8571428571428571,0.1428571428571429,0.875,0.125,1.1999999999999993,1,0.88
1,1,1,17,0,1,1,13,27,6,9,0,0,0,1,0,1,20,0,0,5,5,5,12.4,0,0,5,6,5,12.833333333333334,0,10.8,1.4,1.74,Graduate,2,0,1.0,0.0,1.0,0.0,0.43333333333333357,0,0.0
1,15,1,6,1,14,1,23,1,6,6,0,0,0,1,0,0,20,0,0,5,10,2,14.5,1,0,5,7,4,11.25,0,12.7,3.7,-1.7,Enrolled,1,0,0.4,0.6,0.8,0.19999999999999996,-3.25,2,3.2
1,1,3,10,1,1,1,13,1,8,11,1,0,1,1,0,0,19,0,0,6,7,0,0.0,0,0,5,5,0,0.0,0,13.9,-0.3,0.79,Dropout,0,1,0.0,1.0,0.0,1.0,0.0,0,6.75
1,1,1,15,1,1,1,3,3,15,20,0,0,0,1,0,0,18,0,0,6,7,6,14.285714285714286,0,0,6,8,6,13.25,0,8.9,1.4,3.51,Graduate,2,0,1.0,0.0,1.0,0.0,-1.0357142857142865,0,0.5
1,1,1,6,1,1,1,23,28,10,11,1,0,0,1,0,0,18,0,0,5,7,3,12.333333333333334,0,0,5,9,5,12.6,0,10.8,1.4,1.74,Graduate,2,0,0.6,0.4,1.0,0.0,0.2666666666666657,2,2.0
1,8,1,12,1,1,1,23,27,10,9,1,0,0,1,0,1,19,0,0,7,10,6,12.583333333333334,0,0,8,8,7,12.671428571428573,0,13.9,-0.3,0.79,Graduate,2,0,0.8571428571428571,0.1428571428571429,0.875,0.125,0.08809523809523867,1,1.4
1,1,6,12,1,1,1,10,27,6,10,1,0,0,1,0,0,19,0,0,7,8,6,13.731666666666667,0,0,8,10,7,13.771428571428572,0,12.4,0.5,1.79,Dropout,0,1,0.8571428571428571,0.1428571428571429,0.875,0.125,0.03976190476190489,1,0.88
1,12,1,4,1,12,1,22,27,10,5,0,0,0,1,1,0,43,0,0,6,8,6,12.875,0,0,6,14,5,12.142857142857142,0,16.2,0.3,-0.92,Enrolled,1,0,1.0,0.0,0.8333333333333334,0.16666666666666663,-0.7321428571428577,-1,0.88
2,13,1,5,1,1,1,22,17,1,5,0,0,0,1,1,0,47,0,8,10,14,8,14.625,0,5,7,7,5,13.4,0,9.4,-0.8,-3.12,Dropout,0,1,0.8,0.19999999999999996,0.7142857142857143,0.2857142857142857,-1.2249999999999996,-3,1.5
1,13,1,9,1,1,1,19,24,13,13,1,0,0,0,1,0,23,0,0,3,3,0,0.0,0,0,2,2,0,0.0,0,7.6,2.6,0.32,Dropout,0,1,0.0,1.0,0.0,1.0,0.0,0,6.75
1,1,1,10,1,1,14,13,14,10,10,1,0,1,1,0,1,19,1,0,6,8,6,12.666666666666666,0,0,6,7,6,12.666666666666666,0,8.9,1.4,3.51,Graduate,2,0,1.0,0.0,1.0,0.0,0.0,0,2.12
1,13,1,12,1,1,1,3,3,3,3,1,0,0,1,0,0,20,0,0,8,11,6,12.491666666666667,0,0,8,11,6,12.491666666666667,0,12.7,3.7,-1.7,Graduate,2,0,0.75,0.25,0.75,0.25,0.0,0,1.59
1,1,1,2,1,1,1,1,3,5,5,1,0,0,1,0,1,19,0,6,12,12,12,13.666666666666666,0,4,11,12,11,14.166666666666666,0,8.9,1.4,3.51,Graduate,2,0,1.0,0.0,1.0,0.0,0.5,-1,0.0
1,8,1,6,1,1,6,22,27,10,10,1,0,0,1,0,0,19,1,0,6,13,6,16.0,0,0,6,8,6,14.5,0,15.5,2.8,-4.06,Graduate,2,0,1.0,0.0,1.0,0.0,-1.5,0,1.88
1,15,1,6,1,14,1,13,27,5,8,1,0,0,1,0,0,19,0,2,6,8,6,14.142857142857142,0,1,6,7,6,13.0,0,13.9,-0.3,0.79,Graduate,2,0,1.0,0.0,1.0,0.0,-1.1428571428571423,0,0.88
1,12,1,3,0,12,1,13,14,22,27,0,0,1,1,0,1,39,0,0,6,9,6,11.833333333333334,0,0,6,9,4,13.75,0,11.1,0.6,2.02,Graduate,2,0,1.0,0.0,0.6666666666666666,0.33333333333333337,1.916666666666666,-2,2.42
1,1,1,5,1,1,1,1,1,4,6,1,0,0,1,0,1,20,0,0,6,6,6,12.666666666666666,0,0,6,8,6,13.0,0,10.8,1.4,1.74,Graduate,2,0,1.0,0.0,1.0,0.0,0.3333333333333339,0,0.0
1,8,1,5,1,1,1,23,14,10,4,1,0,0,1,0,0,21,0,0,6,6,6,12.5,0,0,6,6,6,12.666666666666666,0,7.6,2.6,0.32,Graduate,2,0,1.0,0.0,1.0,0.0,0.16666666666666607,0,0.0
1,14,5,10,1,1,10,22,14,10,8,1,0,1,0,0,0,22,1,5,11,16,9,10.88888888888889,0,2,10,20,4,11.25,1,9.4,-0.8,-3.12,Graduate,2,0,0.8181818181818182,0.18181818181818177,0.4,0.6,0.3611111111111107,-5,4.03
1,1,2,15,1,1,1,13,28,6,1,1,0,0,1,0,0,19,0,0,6,11,1,13.0,0,0,5,10,0,0.0,0,7.6,2.6,0.32,Dropout,0,1,0.16666666666666666,0.8333333333333334,0.0,1.0,-13.0,-1,3.18
1,8,1,14,1,1,1,1,14,20,18,1,0,0,1,0,0,22,0,0,6,6,6,15.166666666666666,0,0,6,6,6,16.0,0,13.9,-0.3,0.79,Graduate,2,0,1.0,0.0,1.0,0.0,0.8333333333333339,0,0.0
1,3,2,16,1,1,1,13,14,4,4,1,0,0,1,0,1,19,0,0,6,8,6,12.666666666666666,0,0,6,7,6,12.0,0,12.7,3.7,-1.7,Graduate,2,0,1.0,0.0,1.0,0.0,-0.6666666666666661,0,0.88
1,1,1,2,1,1,1,22,28,10,10,1,0,1,1,1,0,18,0,0,0,0,0,0.0,0,0,0,0,0,0.0,0,7.6,2.6,0.32,Dropout,0,1,0.0,1.0,0.0,1.0,0.0,0,6.75
5,12,1,9,1,1,1,13,14,10,10,0,0,0,1,1,0,26,0,0,5,9,5,12.0,0,0,5,5,5,10.2,0,11.1,0.6,2.02,Enrolled,1,0,1.0,0.0,1.0,0.0,-1.8000000000000007,0,1.56
1,12,1,17,0,1,1,22,27,10,10,0,0,0,0,1,0,36,0,0,5,5,0,0.0,0,0,5,5,0,0.0,0,12.7,3.7,-1.7,Dropout,0,1,0.0,1.0,0.0,1.0,0.0,0,6.75
1,9,1,2,1,1,1,13,2,6,6,1,0,1,1,1,1,20,0,0,0,0,0,0.0,0,0,0,0,0,0.0,0,12.4,0.5,1.79,Graduate,2,0,0.0,1.0,0.0,1.0,0.0,0,6.75
2,12,1,9,1,1,1,22,27,10,8,0,0,0,1,1,0,30,0,0,5,8,2,11.0,0,0,5,6,4,11.5,0,15.5,2.8,-4.06,Dropout,0,1,0.4,0.6,0.8,0.19999999999999996,0.5,2,2.62
1,14,1,4,1,1,1,1,1,5,11,0,0,0,1,1,0,24,0,0,6,7,6,15.714285714285714,0,0,6,10,6,15.9,0,15.5,2.8,-4.06,Dropout,0,1,1.0,0.0,1.0,0.0,0.18571428571428683,0,0.5
1,1,1,9,1,1,1,19,24,1,1,0,0,0,1,1,0,26,0,11,15,15,11,10.818181818181818,0,12,14,15,11,11.636363636363637,1,7.6,2.6,0.32,Dropout,0,1,0.7333333333333333,0.2666666666666667,0.7857142857142857,0.2142857142857143,0.8181818181818183,0,0.93
1,1,1,9,1,1,1,13,28,10,8,0,0,0,0,1,0,19,0,0,5,16,1,12.0,0,0,5,6,0,0.0,0,13.9,-0.3,0.79,Dropout,0,1,0.2,0.8,0.0,1.0,-12.0,-1,4.53
5,12,1,10,1,1,1,13,28,10,11,0,0,0,1,1,0,34,0,0,6,8,5,12.6,0,0,6,11,4,11.25,0,12.4,0.5,1.79,Graduate,2,0,0.8333333333333334,0.16666666666666663,0.6666666666666666,0.33333333333333337,-1.3499999999999996,-1,1.31
1,14,1,8,1,1,1,1,1,2,2,1,0,0,1,1,0,33,0,0,5,12,1,13.0,2,0,5,7,3,14.0,0,9.4,-0.8,-3.12,Enrolled,1,0,0.2,0.8,0.6,0.4,1.0,2,4.01
1,8,6,9,1,1,1,13,1,10,5,1,0,0,1,1,0,19,0,0,5,8,5,11.6,1,0,5,10,4,10.75,0,9.4,-0.8,-3.12,Graduate,2,0,1.0,0.0,0.8,0.19999999999999996,-0.8499999999999996,-1,1.71
1,8,5,7,1,1,1,13,1,5,6,1,0,1,0,1,0,26,0,0,5,11,1,10.0,0,0,5,14,1,11.0,0,8.9,1.4,3.51,Dropout,0,1,0.2,0.8,0.2,0.8,1.0,0,5.68
1,12,1,14,1,1,1,23,27,8,8,0,0,0,1,1,0,29,0,0,6,7,1,14.0,0,0,6,6,0,0.0,0,16.2,0.3,-0.92,Dropout,0,1,0.16666666666666666,0.8333333333333334,0.0,1.0,-14.0,-1,3.0
1,8,5,7,1,1,1,13,27,10,8,1,0,0,1,1,1,19,0,0,5,9,5,12.6,0,0,5,8,2,12.5,0,8.9,1.4,3.51,Dropout,0,1,1.0,0.0,0.4,0.6,-0.09999999999999964,-3,1.56
1,8,1,2,1,1,1,1,1,10,10,1,0,0,1,1,0,18,0,0,0,0,0,0.0,0,0,0,0,0,0.0,0,12.7,3.7,-1.7,Dropout,0,1,0.0,1.0,0.0,1.0,0.0,0,5.5
1,12,1,17,0,12,1,13,27,10,10,0,0,0,0,1,0,29,0,0,5,11,2,11.333333333333334,0,0,5,9,1,12.0,0,11.1,0.6,2.02,Dropout,0,1,0.4,0.6,0.2,0.8,0.6666666666666661,-1,4.11
1,14,1,11,1,1,1,22,27,10,10,0,0,0,1,1,0,21,0,0,6,6,6,12.666666666666666,0,0,6,7,5,11.4,0,9.4,-0.8,-3.12,Graduate,2,0,1.0,0.0,0.8333333333333334,0.16666666666666663,-1.2666666666666657,-1,0.0
1,8,1,11,1,1,1,1,1,5,11,0,0,0,1,1,0,19,0,0,6,7,5,10.8,0,0,6,10,2,10.5,0,10.8,1.4,1.74,Enrolled,1,0,0.8333333333333334,0.16666666666666663,0.3333333333333333,0.6666666666666667,-0.3000000000000007,-3,1.0
1,1,1,12,1,1,1,23,28,6,11,0,0,0,1,1,0,20,0,0,7,14,5,12.87857142857143,0,0,8,15,7,11.85625,0,15.5,2.8,-4.06,Graduate,2,0,0.7142857142857143,0.2857142857142857,0.875,0.125,-1.0223214285714306,2,2.25
1,1,1,6,1,1,1,3,1,3,6,0,0,0,1,1,0,18,0,0,5,5,0,0.0,0,0,5,5,0,0.0,0,7.6,2.6,0.32,Dropout,0,1,0.0,1.0,0.0,1.0,0.0,0,5.5
1,8,3,5,1,1,1,23,27,6,6,1,0,0,1,1,0,18,0,0,6,6,6,12.833333333333334,0,0,6,8,5,11.4,0,15.5,2.8,-4.06,Enrolled,1,0,1.0,0.0,0.8333333333333334,0.16666666666666663,-1.4333333333333336,-1,0.0
1,1,1,9,1,1,1,19,24,13,13,0,0,1,1,1,1,21,0,0,5,5,5,12.6,0,0,5,9,3,12.833333333333334,0,10.8,1.4,1.74,Enrolled,1,0,1.0,0.0,0.6,0.4,0.23333333333333428,-2,1.25
1,1,1,9,1,1,1,1,1,5,3,1,0,0,1,1,0,20,0,0,5,0,0,0.0,0,0,5,0,0,0.0,0,8.9,1.4,3.51,Dropout,0,1,0.0,1.0,0.0,1.0,0.0,0,5.5
1,12,1,7,1,1,1,22,27,10,10,0,0,0,1,1,1,30,0,0,5,11,0,0.0,0,0,5,5,0,0.0,0,12.7,3.7,-1.7,Dropout,0,1,0.0,1.0,0.0,1.0,0.0,0,5.5
1,9,2,14,1,1,1,22,28,5,2,1,0,0,1,1,0,19,0,0,6,6,6,14.166666666666666,0,0,6,6,6,14.0,0,13.9,-0.3,0.79,Graduate,2,0,1.0,0.0,1.0,0.0,-0.16666666666666607,0,0.0
1,16,1,9,1,1,1,1,14,10,7,1,0,0,1,1,0,30,0,0,5,7,5,13.4,0,0,5,7,4,13.25,0,8.9,1.4,3.51,Dropout,0,1,1.0,0.0,0.8,0.19999999999999996,-0.15000000000000036,-1,1.0
1,1,1,9,1,1,1,23,1,6,6,1,0,0,1,1,1,22,0,0,5,8,5,11.2,0,0,5,13,4,11.25,0,12.7,3.7,-1.7,Graduate,2,0,1.0,0.0,0.8,0.19999999999999996,0.05000000000000071,-1,1.31
1,8,3,2,1,1,1,22,27,6,11,1,0,0,1,1,0,22,0,0,0,0,0,0.0,0,0,0,0,0,0.0,0,12.4,0.5,1.79,Graduate,2,0,0.0,1.0,0.0,1.0,0.0,0,5.5
1,8,4,5,1,1,1,1,1,10,11,1,0,1,0,1,0,19,0,0,6,6,6,12.666666666666666,0,0,6,8,5,11.8,0,11.1,0.6,2.02,Dropout,0,1,1.0,0.0,0.8333333333333334,0.16666666666666663,-0.8666666666666654,-1,2.5
1,8,2,14,1,1,1,1,14,6,4,1,0,0,1,1,0,21,0,0,5,7,3,12.333333333333334,0,0,5,5,4,11.25,0,7.6,2.6,0.32,Dropout,0,1,0.6,0.4,0.8,0.19999999999999996,-1.083333333333334,1,2.0
1,8,4,6,1,1,1,23,28,23,30,0,0,0,1,1,0,21,0,0,5,7,4,12.25,0,0,5,7,5,12.0,0,7.6,2.6,0.32,Graduate,2,0,0.8,0.19999999999999996,1.0,0.0,-0.25,1,1.5
1,15,1,2,1,14,1,13,28,10,10,1,0,1,1,1,1,21,0,0,0,0,0,0.0,0,0,0,0,0,0.0,0,15.5,2.8,-4.06,Dropout,0,1,0.0,1.0,0.0,1.0,0.0,0,6.75
1,12,1,9,1,1,1,1,14,5,8,0,0,0,1,1,0,27,0,0,5,13,3,10.75,0,0,5,9,3,10.333333333333334,0,15.5,2.8,-4.06,Dropout,0,1,0.6,0.4,0.6,0.4,-0.4166666666666661,0,2.69
1,14,1,1,1,1,1,22,27,2,2,1,0,0,1,1,0,32,0,0,7,7,0,0.0,0,0,7,8,0,0.0,0,13.9,-0.3,0.79,Dropout,0,1,0.0,1.0,0.0,1.0,0.0,0,5.5
1,12,1,14,1,9,1,22,1,10,4,0,0,1,0,1,0,40,0,0,6,13,0,0.0,0,0,6,6,0,0.0,0,15.5,2.8,-4.06,Dropout,0,1,0.0,1.0,0.0,1.0,0.0,0,8.0
1,1,2,9,1,1,1,22,1,6,4,1,0,0,1,1,0,20,0,0,5,9,2,14.333333333333334,0,0,5,10,2,12.5,0,7.6,2.6,0.32,Enrolled,1,0,0.4,0.6,0.4,0.6,-1.833333333333334,0,2.72
1,15,1,8,1,14,1,4,4,3,11,1,0,0,1,1,0,20,0,1,5,8,2,11.5,0,1,5,13,2,11.5,0,12.7,3.7,-1.7,Dropout,0,1,0.4,0.6,0.4,0.6,0.0,0,2.62
1,1,3,2,1,1,1,22,27,10,10,1,0,0,1,1,0,18,0,0,0,0,0,0.0,0,0,0,0,0,0.0,0,7.6,2.6,0.32,Graduate,2,0,0.0,1.0,0.0,1.0,0.0,0,5.5
1,14,1,9,1,1,1,1,28,2,8,0,0,0,1,1,0,21,0,0,5,11,2,10.5,0,0,5,13,0,0.0,0,12.7,3.7,-1.7,Dropout,0,1,0.4,0.6,0.0,1.0,-10.5,-2,2.86
1,8,1,14,1,1,1,13,27,6,9,0,0,0,1,1,0,18,0,0,6,6,6,13.5,0,0,6,0,0,0.0,0,12.7,3.7,-1.7,Dropout,0,1,1.0,0.0,0.0,1.0,-13.5,-6,0.0
1,15,1,4,1,1,1,1,3,22,21,0,0,0,1,1,0,19,0,0,6,17,1,11.0,0,0,6,19,0,0.0,0,16.2,0.3,-0.92,Enrolled,1,0,0.16666666666666666,0.8333333333333334,0.0,1.0,-11.0,-1,3.29
5,4,1,5,1,3,1,22,27,8,8,0,0,0,0,1,0,30,0,0,6,6,1,10.0,0,0,6,6,0,0.0,0,15.5,2.8,-4.06,Dropout,0,1,0.16666666666666666,0.8333333333333334,0.0,1.0,-10.0,-1,4.17
1,12,1,4,1,9,1,13,1,10,2,0,0,0,1,1,0,29,0,0,6,17,0,0.0,2,0,6,8,0,0.0,0,15.5,2.8,-4.06,Dropout,0,1,0.0,1.0,0.0,1.0,0.0,0,6.17
1,8,2,7,1,1,1,1,1,5,5,1,0,1,1,1,0,18,0,0,5,10,1,12.0,0,0,5,7,3,10.666666666666666,2,7.6,2.6,0.32,Dropout,0,1,0.2,0.8,0.6,0.4,-1.333333333333334,2,4.4
1,1,2,14,1,1,1,1,1,10,10,1,0,0,1,1,1,18,0,0,5,6,4,12.25,0,0,5,5,5,12.2,0,9.4,-0.8,-3.12,Dropout,0,1,0.8,0.19999999999999996,1.0,0.0,-0.05000000000000071,1,1.17
1,15,1,4,1,14,1,1,1,4,11,0,0,0,1,1,0,22,0,4,10,21,5,11.4,1,2,7,13,6,11.666666666666666,0,15.5,2.8,-4.06,Dropout,0,1,0.5,0.5,0.8571428571428571,0.1428571428571429,0.2666666666666657,1,2.87
1,14,2,17,0,1,1,22,27,6,6,1,0,0,0,1,0,27,0,0,5,5,0,0.0,0,0,5,5,0,0.0,0,12.7,3.7,-1.7,Dropout,0,1,0.0,1.0,0.0,1.0,0.0,0,6.75
1,8,6,14,1,1,1,23,1,10,8,1,0,0,1,1,0,20,0,0,6,8,4,14.25,0,0,6,10,5,14.0,0,10.8,1.4,1.74,Graduate,2,0,0.6666666666666666,0.33333333333333337,0.8333333333333334,0.16666666666666663,-0.25,1,1.75
1,16,1,3,0,2,1,13,28,10,11,0,0,0,1,1,0,42,0,8,12,12,11,14.454545454545457,0,7,11,11,10,14.2,0,11.1,0.6,2.02,Graduate,2,0,0.9166666666666666,0.08333333333333337,0.9090909090909091,0.09090909090909094,-0.2545454545454575,-1,0.29
1,1,1,4,1,1,1,23,28,5,9,0,0,1,1,1,0,21,0,8,12,13,12,14.538461538461538,0,4,12,14,12,14.461538461538462,0,15.5,2.8,-4.06,Graduate,2,0,1.0,0.0,1.0,0.0,-0.07692307692307665,0,1.52
1,14,1,12,1,1,1,1,28,8,8,0,1,0,1,1,0,23,0,0,7,10,6,12.733333333333334,0,0,8,10,7,11.95,0,16.2,0.3,-0.92,Graduate,2,0,0.8571428571428571,0.1428571428571429,0.875,0.125,-0.783333333333335,1,1.4
1,16,1,5,1,1,1,23,28,10,10,1,0,0,1,1,0,21,0,4,12,13,5,13.2,0,4,12,12,4,13.5,0,8.9,1.4,3.51,Dropout,0,1,0.4166666666666667,0.5833333333333333,0.3333333333333333,0.6666666666666667,0.3000000000000007,-1,2.15
1,1,3,2,1,1,1,4,3,2,2,1,0,0,1,1,0,19,0,0,0,0,0,0.0,0,0,0,0,0,0.0,0,12.7,3.7,-1.7,Graduate,2,0,0.0,1.0,0.0,1.0,0.0,0,5.5
2,12,1,10,1,1,1,22,27,8,8,0,0,0,1,1,1,40,0,0,6,7,6,12.333333333333334,0,0,6,10,4,12.75,0,8.9,1.4,3.51,Dropout,0,1,1.0,0.0,0.6666666666666666,0.33333333333333337,0.4166666666666661,-2,0.5
1,14,1,9,1,1,1,13,1,10,6,0,0,0,1,1,0,22,0,5,9,9,5,11.2,0,5,9,14,7,11.25,2,12.7,3.7,-1.7,Dropout,0,1,0.5555555555555556,0.4444444444444444,0.7777777777777778,0.2222222222222222,0.05000000000000071,2,1.56
1,1,2,12,1,1,1,23,27,10,10,1,0,0,1,1,0,19,0,0,7,7,6,13.2,0,0,7,7,6,13.2,0,7.6,2.6,0.32,Graduate,2,0,0.8571428571428571,0.1428571428571429,0.8571428571428571,0.1428571428571429,0.0,0,0.5
1,12,1,7,1,1,1,13,27,10,10,0,0,0,1,1,1,24,0,0,5,8,5,11.833333333333334,0,0,5,8,4,14.0,0,12.7,3.7,-1.7,Enrolled,1,0,1.0,0.0,0.8,0.19999999999999996,2.166666666666666,-1,1.31
1,1,1,11,1,1,1,3,1,3,5,0,0,0,1,1,0,21,0,0,6,10,5,11.333333333333334,0,0,6,14,2,11.5,0,12.7,3.7,-1.7,Enrolled,1,0,0.8333333333333334,0.16666666666666663,0.3333333333333333,0.6666666666666667,0.16666666666666607,-3,1.75
1,8,4,7,1,1,1,3,1,10,4,1,0,0,1,1,0,18,0,0,5,5,5,13.6,0,0,5,6,5,14.6,0,8.9,1.4,3.51,Graduate,2,0,1.0,0.0,1.0,0.0,1.0,0,0.0
1,8,3,7,1,1,1,22,27,10,8,0,0,0,1,1,0,18,0,0,5,10,0,0.0,0,0,5,10,2,11.5,4,7.6,2.6,0.32,Dropout,0,1,0.0,1.0,0.4,0.6,11.5,2,5.5
1,16,1,14,1,1,1,3,1,4,11,0,0,0,1,1,0,24,0,0,6,11,5,12.857142857142858,0,0,6,12,5,13.666666666666666,0,11.1,0.6,2.02,Dropout,0,1,0.8333333333333334,0.16666666666666663,0.8333333333333334,0.16666666666666663,0.8095238095238084,0,1.91
1,12,1,7,1,1,1,22,14,10,4,0,0,0,1,1,1,28,0,0,5,16,3,14.333333333333334,0,0,5,9,5,12.428571428571429,0,9.4,-0.8,-3.12,Enrolled,1,0,0.6,0.4,1.0,0.0,-1.904761904761905,2,2.84
1,8,1,14,1,1,1,13,28,8,10,1,0,0,1,0,1,19,0,0,6,9,5,13.5,0,0,6,6,6,14.0,0,12.4,0.5,1.79,Graduate,2,0,0.8333333333333334,0.16666666666666663,1.0,0.0,0.5,1,1.56
1,16,1,6,1,15,1,3,3,5,3,0,0,0,1,0,0,28,0,0,6,8,6,14.428571428571429,0,0,6,12,4,15.6,0,11.1,0.6,2.02,Enrolled,1,0,1.0,0.0,0.6666666666666666,0.33333333333333337,1.1714285714285708,-2,0.88
1,8,3,16,1,1,1,10,1,5,1,1,0,0,1,0,0,18,0,0,6,12,0,0.0,0,0,6,12,0,0.0,0,7.6,2.6,0.32,Dropout,0,1,0.0,1.0,0.0,1.0,0.0,0,5.5
1,1,1,2,1,1,1,3,1,5,4,1,0,0,0,0,0,19,0,0,0,0,0,0.0,0,0,0,0,0,0.0,0,16.2,0.3,-0.92,Graduate,2,0,0.0,1.0,0.0,1.0,0.0,0,6.75
1,1,1,12,1,1,1,1,1,5,5,1,0,0,1,0,1,19,0,0,8,8,8,12.82875,0,0,8,8,8,12.82875,0,9.4,-0.8,-3.12,Graduate,2,0,1.0,0.0,1.0,0.0,0.0,0,0.0
1,14,1,8,1,1,1,24,3,4,3,1,0,0,1,0,0,21,0,0,5,6,0,0.0,5,0,5,6,4,13.75,1,10.8,1.4,1.74,Graduate,2,0,0.0,1.0,0.8,0.19999999999999996,13.75,4,7.5
1,1,3,12,1,1,1,1,14,5,6,1,0,1,1,0,0,18,0,0,7,0,0,0.0,0,0,8,0,0,0.0,0,13.9,-0.3,0.79,Dropout,0,1,0.0,1.0,0.0,1.0,0.0,0,6.75
1,1,4,5,1,1,1,3,14,2,6,1,0,0,1,0,0,19,0,0,6,6,6,14.666666666666666,0,0,6,6,6,13.166666666666666,0,9.4,-0.8,-3.12,Graduate,2,0,1.0,0.0,1.0,0.0,-1.5,0,0.0
1,8,2,12,1,1,1,23,28,8,8,1,0,0,1,0,0,19,0,0,8,8,7,13.937142857142858,0,0,8,8,7,13.937142857142858,0,10.8,1.4,1.74,Graduate,2,0,0.875,0.125,0.875,0.125,0.0,0,0.44
1,1,1,5,1,1,1,3,1,3,11,1,0,0,1,0,0,20,0,7,12,12,10,14.7,0,8,12,12,12,14.583333333333334,0,15.5,2.8,-4.06,Graduate,2,0,0.8333333333333334,0.16666666666666663,1.0,0.0,-0.11666666666666536,2,0.58
1,1,2,15,1,1,1,1,1,10,5,1,0,0,1,0,0,18,0,0,6,6,6,11.666666666666666,0,0,6,6,5,12.2,0,12.7,3.7,-1.7,Graduate,2,0,1.0,0.0,0.8333333333333334,0.16666666666666663,0.5333333333333332,-1,0.0
1,14,4,12,1,6,1,22,27,10,10,1,0,0,1,0,0,20,0,0,7,7,6,14.85,0,0,7,7,6,14.85,0,7.6,2.6,0.32,Graduate,2,0,0.8571428571428571,0.1428571428571429,0.8571428571428571,0.1428571428571429,0.0,0,0.5
1,12,1,6,1,12,1,13,27,8,12,0,0,0,1,0,0,26,0,0,5,11,1,12.0,1,0,5,12,0,0.0,4,10.8,1.4,1.74,Dropout,0,1,0.2,0.8,0.0,1.0,-12.0,-1,3.58
1,9,4,12,1,1,1,3,1,4,5,1,0,0,1,0,0,18,0,0,7,8,7,13.6875,0,0,8,9,8,15.622222222222222,0,13.9,-0.3,0.79,Dropout,0,1,1.0,0.0,1.0,0.0,1.9347222222222218,1,0.44
1,12,1,3,0,1,1,22,27,10,10,0,0,0,1,0,0,58,0,0,6,14,5,12.4,0,0,6,10,5,11.6,0,9.4,-0.8,-3.12,Graduate,2,0,0.8333333333333334,0.16666666666666663,0.8333333333333334,0.16666666666666663,-0.8000000000000007,0,2.25
1,1,2,12,1,1,1,1,3,5,4,0,0,0,1,0,0,18,0,0,7,10,7,13.398,0,0,8,8,8,13.5425,0,15.5,2.8,-4.06,Graduate,2,0,1.0,0.0,1.0,0.0,0.14450000000000074,1,1.05
1,15,1,6,1,1,1,1,1,5,4,1,0,0,1,0,0,20,0,0,6,13,5,11.8,0,0,6,19,4,12.0,0,12.4,0.5,1.79,Enrolled,1,0,0.8333333333333334,0.16666666666666663,0.6666666666666666,0.33333333333333337,0.1999999999999993,-1,2.15
1,8,1,17,0,1,1,23,27,7,8,0,0,0,1,0,0,20,0,0,5,0,0,0.0,0,0,5,0,0,0.0,0,11.1,0.6,2.02,Dropout,0,1,0.0,1.0,0.0,1.0,0.0,0,5.5
1,2,1,9,1,1,1,22,27,10,10,1,0,0,1,0,0,29,0,13,15,19,13,11.76923076923077,0,12,14,17,14,11.928571428571429,0,9.4,-0.8,-3.12,Graduate,2,0,0.8666666666666667,0.1333333333333333,1.0,0.0,0.15934065934065877,1,1.11
1,4,1,10,1,3,1,1,1,5,11,0,0,1,0,0,0,27,0,0,6,8,0,0.0,0,0,5,6,0,0.0,0,16.2,0.3,-0.92,Dropout,0,1,0.0,1.0,0.0,1.0,0.0,0,8.0
1,1,1,6,1,1,1,13,28,6,8,1,0,0,1,0,1,21,0,0,6,8,6,13.285714285714286,0,0,6,11,6,13.0,0,11.1,0.6,2.02,Graduate,2,0,1.0,0.0,1.0,0.0,-0.2857142857142865,0,0.88
1,1,1,10,1,1,1,1,14,5,10,0,0,0,1,0,1,20,0,0,6,6,6,11.666666666666666,0,0,6,8,6,11.166666666666666,0,15.5,2.8,-4.06,Graduate,2,0,1.0,0.0,1.0,0.0,-0.5,0,0.0
1,8,1,10,1,1,1,13,28,4,8,0,0,0,1,0,1,19,0,0,6,13,6,11.5,0,0,6,9,5,12.2,0,11.1,0.6,2.02,Graduate,2,0,1.0,0.0,0.8333333333333334,0.16666666666666663,0.6999999999999993,-1,1.88
1,1,1,12,1,1,1,22,28,7,7,1,0,0,1,0,1,22,0,0,7,9,6,13.081666666666669,0,0,8,12,6,13.15,0,11.1,0.6,2.02,Graduate,2,0,0.8571428571428571,0.1428571428571429,0.75,0.25,0.06833333333333158,0,1.17
1,9,3,5,1,1,1,23,27,10,8,1,0,0,1,0,1,19,0,0,6,6,6,12.666666666666666,0,0,6,6,6,13.0,0,15.5,2.8,-4.06,Graduate,2,0,1.0,0.0,1.0,0.0,0.3333333333333339,0,0.0
1,8,1,15,1,1,1,22,1,10,9,1,0,1,0,0,0,19,0,0,6,6,3,11.333333333333334,0,0,6,6,0,0.0,0,12.4,0.5,1.79,Dropout,0,1,0.5,0.5,0.0,1.0,-11.333333333333334,-3,4.25
1,1,3,16,1,1,1,3,3,3,3,1,0,0,1,0,0,23,0,0,6,8,5,13.6,0,0,6,8,5,11.6,0,7.6,2.6,0.32,Enrolled,1,0,0.8333333333333334,0.16666666666666663,0.8333333333333334,0.16666666666666663,-2.0,0,1.31
1,1,3,15,1,1,1,1,1,5,5,1,0,0,1,0,1,18,0,0,6,6,6,13.166666666666666,0,0,6,7,5,13.2,0,12.4,0.5,1.79,Dropout,0,1,1.0,0.0,0.8333333333333334,0.16666666666666663,0.033333333333333215,-1,0.0
1,15,1,8,1,14,1,1,14,5,9,0,0,0,1,0,0,19,0,0,6,0,0,0.0,0,0,6,0,0,0.0,0,12.7,3.7,-1.7,Dropout,0,1,0.0,1.0,0.0,1.0,0.0,0,5.5
1,15,1,4,1,14,1,1,1,5,4,1,0,0,1,0,0,20,0,0,6,10,5,11.666666666666666,0,0,6,7,5,12.6,0,12.4,0.5,1.79,Graduate,2,0,0.8333333333333334,0.16666666666666663,0.8333333333333334,0.16666666666666663,0.9333333333333336,0,1.75
1,1,4,10,1,1,1,1,28,10,8,1,0,0,1,0,1,19,0,0,6,6,6,13.5,0,0,6,7,6,13.428571428571429,0,11.1,0.6,2.02,Graduate,2,0,1.0,0.0,1.0,0.0,-0.07142857142857117,0,0.0
1,12,1,6,1,12,1,22,27,10,10,1,0,1,0,0,1,26,0,0,6,7,0,0.0,0,0,6,6,0,0.0,0,13.9,-0.3,0.79,Dropout,0,1,0.0,1.0,0.0,1.0,0.0,0,8.0
1,1,1,10,1,1,1,1,14,5,8,1,0,0,1,0,1,18,0,0,6,6,6,13.166666666666666,0,0,6,7,6,14.142857142857142,0,11.1,0.6,2.02,Graduate,2,0,1.0,0.0,1.0,0.0,0.9761904761904763,0,0.0
1,1,1,6,1,1,1,22,27,5,10,1,0,1,1,0,0,29,0,4,5,11,4,12.5,2,1,5,11,2,12.5,0,12.7,3.7,-1.7,Dropout,0,1,0.8,0.19999999999999996,0.4,0.6,0.0,-2,4.28
1,15,1,4,1,14,1,3,1,3,7,1,0,0,0,0,0,20,0,0,6,10,6,13.375,0,0,6,10,6,13.0,0,16.2,0.3,-0.92,Graduate,2,0,1.0,0.0,1.0,0.0,-0.375,0,2.65
1,1,1,5,1,1,1,13,2,8,4,1,0,0,1,0,0,19,0,0,6,6,6,13.166666666666666,0,0,6,6,6,12.666666666666666,0,15.5,2.8,-4.06,Graduate,2,0,1.0,0.0,1.0,0.0,-0.5,0,0.0
1,15,1,6,1,14,1,1,1,5,5,1,0,0,1,0,0,23,0,1,6,12,4,13.4,0,1,6,17,2,13.5,0,12.4,0.5,1.79,Enrolled,1,0,0.6666666666666666,0.33333333333333337,0.3333333333333333,0.6666666666666667,0.09999999999999964,-2,2.33
1,14,1,13,1,1,1,2,3,4,3,0,0,0,1,0,0,25,0,2,7,10,3,13.0,0,1,8,10,3,11.666666666666666,4,10.8,1.4,1.74,Enrolled,1,0,0.42857142857142855,0.5714285714285714,0.375,0.625,-1.333333333333334,0,2.45
1,9,1,12,1,1,1,3,3,2,2,1,0,0,1,0,0,18,0,0,8,8,7,13.154285714285717,0,0,8,8,7,13.154285714285717,0,10.8,1.4,1.74,Graduate,2,0,0.875,0.125,0.875,0.125,0.0,0,0.44
1,1,3,5,1,1,1,1,28,5,8,1,0,0,1,0,1,19,0,0,6,6,6,12.833333333333334,0,0,6,6,6,12.833333333333334,0,9.4,-0.8,-3.12,Graduate,2,0,1.0,0.0,1.0,0.0,0.0,0,0.0
1,8,2,16,1,1,1,1,14,6,6,1,0,0,1,0,0,18,0,0,7,10,7,12.142857142857142,0,0,7,7,7,13.142857142857142,0,12.4,0.5,1.79,Graduate,2,0,1.0,0.0,1.0,0.0,1.0,0,1.05
1,1,2,12,1,1,1,1,14,5,5,1,0,0,1,0,1,19,0,0,7,9,5,13.34,0,0,7,9,6,12.385714285714286,0,12.4,0.5,1.79,Enrolled,1,0,0.7142857142857143,0.2857142857142857,0.8571428571428571,0.1428571428571429,-0.9542857142857137,1,1.56
1,4,1,3,0,15,1,22,14,10,4,0,0,0,1,0,0,36,0,6,10,15,4,13.0,0,5,9,10,4,13.75,0,8.9,1.4,3.51,Dropout,0,1,0.4,0.6,0.4444444444444444,0.5555555555555556,0.75,0,2.57
1,15,1,4,1,14,1,1,28,5,10,0,0,0,1,1,1,20,0,0,6,18,3,12.0,0,0,6,17,3,11.666666666666666,0,15.5,2.8,-4.06,Enrolled,1,0,0.5,0.5,0.5,0.5,-0.3333333333333339,0,2.92
1,8,2,2,1,1,14,1,1,3,4,1,0,0,1,1,0,20,1,0,0,0,0,0.0,0,0,0,0,0,0.0,0,11.1,0.6,2.02,Dropout,0,1,0.0,1.0,0.0,1.0,0.0,0,5.5
1,1,1,10,1,1,1,23,28,10,9,1,0,0,1,1,0,18,0,0,6,9,5,11.0,0,0,6,12,0,0.0,0,11.1,0.6,2.02,Dropout,0,1,0.8333333333333334,0.16666666666666663,0.0,1.0,-11.0,-5,1.56
1,15,1,4,1,14,1,3,1,5,7,0,0,0,1,1,0,19,0,0,6,8,5,11.5,0,0,6,11,6,11.333333333333334,0,12.4,0.5,1.79,Enrolled,1,0,0.8333333333333334,0.16666666666666663,1.0,0.0,-0.16666666666666607,1,1.31
1,8,1,10,1,1,1,1,34,5,3,1,0,1,0,1,0,20,0,3,9,9,3,13.333333333333334,0,2,6,6,2,12.5,0,8.9,1.4,3.51,Dropout,0,1,0.3333333333333333,0.6666666666666667,0.3333333333333333,0.6666666666666667,-0.8333333333333339,-1,4.83
1,1,2,12,1,1,1,13,14,5,8,1,0,0,1,1,0,18,0,0,7,9,7,14.594444444444443,0,0,8,10,8,13.472,0,15.5,2.8,-4.06,Graduate,2,0,1.0,0.0,1.0,0.0,-1.1224444444444437,1,0.78
1,15,1,8,1,14,1,3,1,4,7,1,0,1,1,1,0,20,0,2,6,9,4,11.0,0,1,6,13,3,10.666666666666666,0,12.4,0.5,1.79,Dropout,0,1,0.6666666666666666,0.33333333333333337,0.5,0.5,-0.3333333333333339,-1,3.19
1,9,1,7,1,1,1,13,1,12,4,1,0,1,0,1,0,24,0,0,5,8,0,0.0,0,0,5,5,0,0.0,0,9.4,-0.8,-3.12,Dropout,0,1,0.0,1.0,0.0,1.0,0.0,0,8.0
1,8,1,15,1,1,1,13,28,6,8,1,0,0,1,1,0,19,0,0,6,6,0,0.0,0,0,6,0,0,0.0,0,8.9,1.4,3.51,Dropout,0,1,0.0,1.0,0.0,1.0,0.0,0,5.5
1,8,1,7,1,1,1,13,14,8,10,1,0,0,1,1,0,18,0,0,5,9,1,12.0,0,0,5,10,2,12.0,3,7.6,2.6,0.32,Dropout,0,1,0.2,0.8,0.4,0.6,0.0,1,3.11
1,1,3,7,1,1,1,4,28,3,8,1,0,0,1,1,0,18,0,0,5,8,5,14.0,0,0,5,6,5,13.2,0,8.9,1.4,3.51,Graduate,2,0,1.0,0.0,1.0,0.0,-0.8000000000000007,0,1.31
1,1,1,11,1,1,1,1,14,5,5,0,0,0,1,1,0,18,0,0,6,8,6,13.571428571428571,0,0,6,7,5,11.8,0,8.9,1.4,3.51,Graduate,2,0,1.0,0.0,0.8333333333333334,0.16666666666666663,-1.7714285714285705,-1,0.88
1,14,2,14,1,1,1,3,14,2,8,1,0,0,1,1,0,22,0,0,6,12,0,0.0,0,0,6,6,0,0.0,0,16.2,0.3,-0.92,Dropout,0,1,0.0,1.0,0.0,1.0,0.0,0,5.5
1,1,1,14,1,1,1,13,28,10,10,0,0,0,1,1,0,19,0,0,6,8,6,14.25,0,0,6,7,6,13.857142857142858,0,11.1,0.6,2.02,Graduate,2,0,1.0,0.0,1.0,0.0,-0.39285714285714235,0,0.88
2,12,1,6,1,9,1,1,29,6,4,1,0,1,0,0,0,32,0,0,6,7,0,0.0,0,0,6,6,0,0.0,0,13.9,-0.3,0.79,Dropout,0,1,0.0,1.0,0.0,1.0,0.0,0,8.0
1,8,1,16,1,1,1,19,14,1,4,1,0,0,1,0,1,21,0,0,6,12,0,0.0,0,0,6,12,0,0.0,0,7.6,2.6,0.32,Dropout,0,1,0.0,1.0,0.0,1.0,0.0,0,5.5
1,9,1,12,1,1,1,22,27,7,7,1,0,0,1,0,1,19,0,0,8,8,7,13.542857142857144,0,0,8,8,7,13.542857142857144,0,12.7,3.7,-1.7,Graduate,2,0,0.875,0.125,0.875,0.125,0.0,0,0.44
4,14,1,3,0,1,1,23,27,10,10,0,0,0,1,0,1,39,0,3,9,9,9,13.11111111111111,0,2,7,10,7,11.714285714285714,0,12.7,3.7,-1.7,Graduate,2,0,1.0,0.0,1.0,0.0,-1.3968253968253972,-2,0.0
1,14,1,3,0,8,1,19,24,1,1,1,0,0,1,0,0,30,0,3,9,11,9,12.666666666666666,0,2,7,7,7,12.142857142857142,0,7.6,2.6,0.32,Graduate,2,0,1.0,0.0,1.0,0.0,-0.5238095238095237,-2,0.64
1,1,1,9,1,1,1,1,14,6,6,1,0,0,1,0,0,18,0,0,5,10,4,10.75,1,0,5,13,2,10.0,0,9.4,-0.8,-3.12,Dropout,0,1,0.8,0.19999999999999996,0.4,0.6,-0.75,-2,2.5
2,14,1,17,0,1,1,22,27,10,10,1,0,0,1,0,0,38,0,4,10,14,4,10.75,0,2,10,10,2,10.0,0,7.6,2.6,0.32,Dropout,0,1,0.4,0.6,0.2,0.8,-0.75,-2,2.5
1,1,3,5,1,1,1,19,27,6,8,1,0,0,1,0,0,20,0,0,6,6,6,13.666666666666666,0,0,6,6,6,13.333333333333334,0,9.4,-0.8,-3.12,Graduate,2,0,1.0,0.0,1.0,0.0,-0.33333333333333215,0,0.0
1,12,1,3,0,12,1,19,24,1,1,0,0,0,1,0,0,55,0,0,6,6,6,13.833333333333334,0,1,6,6,6,12.833333333333334,0,7.6,2.6,0.32,Graduate,2,0,1.0,0.0,1.0,0.0,-1.0,0,0.0
4,11,1,5,1,2,1,19,24,1,1,0,0,0,1,0,0,53,0,15,18,18,17,13.176470588235292,0,13,18,18,16,13.0,0,7.6,2.6,0.32,Dropout,0,1,0.9444444444444444,0.05555555555555558,0.8888888888888888,0.11111111111111116,-0.17647058823529171,-1,0.19
2,12,1,3,0,1,1,19,24,1,1,0,0,0,1,0,0,54,0,0,6,8,4,12.75,0,0,6,12,5,12.6,0,7.6,2.6,0.32,Dropout,0,1,0.6666666666666666,0.33333333333333337,0.8333333333333334,0.16666666666666663,-0.15000000000000036,1,1.75
1,14,1,12,1,1,1,22,27,10,8,1,0,0,1,0,1,18,0,0,7,8,5,12.86,0,0,7,8,5,12.86,0,7.6,2.6,0.32,Enrolled,1,0,0.7142857142857143,0.2857142857142857,0.7142857142857143,0.2857142857142857,0.0,0,1.31
1,12,1,3,0,1,1,22,27,10,9,0,0,1,0,0,0,44,0,2,8,12,4,12.0,2,2,7,9,4,12.0,2,8.9,1.4,3.51,Dropout,0,1,0.5,0.5,0.5714285714285714,0.4285714285714286,0.0,0,5.33
1,14,1,10,1,1,1,22,27,10,7,1,0,0,1,0,0,28,0,8,11,11,9,11.666666666666666,0,8,11,13,9,12.555555555555555,0,10.8,1.4,1.74,Graduate,2,0,0.8181818181818182,0.18181818181818177,0.8181818181818182,0.18181818181818177,0.8888888888888893,0,0.64
1,4,1,3,0,17,1,13,14,10,5,0,0,0,1,0,0,37,0,12,14,14,14,16.5,0,8,11,11,11,16.90909090909091,0,8.9,1.4,3.51,Graduate,2,0,1.0,0.0,1.0,0.0,0.40909090909091006,-3,0.0
1,14,1,10,1,1,1,11,12,12,12,1,0,0,1,0,0,20,0,8,10,14,9,12.333333333333334,0,3,7,10,7,11.77777777777778,0,7.6,2.6,0.32,Graduate,2,0,0.9,0.09999999999999998,1.0,0.0,-0.5555555555555536,-2,1.25
1,1,3,12,1,1,1,13,3,4,3,1,0,0,1,0,0,18,0,0,7,8,7,12.59125,0,0,8,11,7,12.820000000000002,0,15.5,2.8,-4.06,Enrolled,1,0,1.0,0.0,0.875,0.125,0.22875000000000156,0,0.44
1,1,1,10,1,1,1,13,14,10,10,1,0,0,1,1,0,19,0,0,6,9,4,11.5,0,0,6,12,3,11.0,0,8.9,1.4,3.51,Dropout,0,1,0.6666666666666666,0.33333333333333337,0.5,0.5,-0.5,-1,1.94
1,8,1,4,1,1,1,23,27,6,10,1,0,0,1,1,1,23,0,17,18,19,18,11.894736842105264,0,12,13,13,13,12.923076923076923,0,15.5,2.8,-4.06,Graduate,2,0,1.0,0.0,1.0,0.0,1.0283400809716596,-5,0.18
1,8,1,10,1,1,1,13,27,7,7,0,0,0,1,1,0,22,0,0,6,0,0,0.0,0,0,6,0,0,0.0,0,13.9,-0.3,0.79,Dropout,0,1,0.0,1.0,0.0,1.0,0.0,0,5.5
1,12,1,11,1,1,1,3,14,4,6,0,0,0,0,1,0,24,0,0,6,0,0,0.0,0,0,6,0,0,0.0,0,11.1,0.6,2.02,Dropout,0,1,0.0,1.0,0.0,1.0,0.0,0,6.75
1,15,1,4,1,14,1,4,4,5,3,1,0,0,1,1,0,22,0,0,6,13,5,13.0,0,0,6,13,2,11.5,0,12.4,0.5,1.79,Enrolled,1,0,0.8333333333333334,0.16666666666666663,0.3333333333333333,0.6666666666666667,-1.5,-3,2.15
1,12,1,4,1,1,1,1,28,6,7,0,0,0,1,1,0,26,0,0,6,9,0,0.0,0,0,6,6,0,0.0,0,13.9,-0.3,0.79,Dropout,0,1,0.0,1.0,0.0,1.0,0.0,0,5.5
1,8,6,15,1,1,1,22,27,6,6,1,0,0,1,1,0,18,0,0,6,6,6,15.166666666666666,0,0,6,6,6,14.833333333333334,0,9.4,-0.8,-3.12,Graduate,2,0,1.0,0.0,1.0,0.0,-0.33333333333333215,0,0.0
1,15,1,8,1,14,1,23,14,10,10,0,0,0,1,1,0,24,0,2,6,8,4,11.75,0,1,6,8,2,13.5,0,11.1,0.6,2.02,Dropout,0,1,0.6666666666666666,0.33333333333333337,0.3333333333333333,0.6666666666666667,1.75,-2,1.75
1,1,1,7,1,1,1,1,28,5,4,1,0,0,1,1,0,18,0,0,5,5,0,0.0,0,0,5,6,1,15.0,0,10.8,1.4,1.74,Enrolled,1,0,0.0,1.0,0.2,0.8,15.0,1,5.5
1,1,1,2,1,1,1,1,28,8,9,1,0,0,1,1,0,26,0,0,0,0,0,0.0,0,0,0,0,0,0.0,0,11.1,0.6,2.02,Dropout,0,1,0.0,1.0,0.0,1.0,0.0,0,5.5
1,12,1,11,1,12,1,22,27,10,5,0,0,0,1,1,0,27,0,0,6,11,3,11.333333333333334,0,0,6,10,3,14.75,0,16.2,0.3,-0.92,Dropout,0,1,0.5,0.5,0.5,0.5,3.416666666666666,0,2.55
1,15,1,4,1,14,1,22,27,10,7,1,0,0,1,1,1,20,0,0,6,10,5,12.6,0,0,6,6,5,13.2,0,12.4,0.5,1.79,Graduate,2,0,0.8333333333333334,0.16666666666666663,0.8333333333333334,0.16666666666666663,0.5999999999999996,0,1.75
1,1,1,7,1,1,1,10,1,5,11,1,0,0,1,1,0,19,0,0,5,10,0,0.0,0,0,5,10,1,14.0,3,7.6,2.6,0.32,Dropout,0,1,0.0,1.0,0.2,0.8,14.0,1,5.5
1,1,1,6,1,1,1,23,28,5,10,0,0,0,1,1,1,18,0,0,6,8,6,15.5,0,0,6,9,4,15.5,0,11.1,0.6,2.02,Dropout,0,1,1.0,0.0,0.6666666666666666,0.33333333333333337,0.0,-2,0.88
1,1,3,12,1,1,1,1,1,5,5,1,0,0,1,1,0,18,0,0,8,8,7,12.365714285714288,0,0,8,8,7,12.365714285714288,0,10.8,1.4,1.74,Graduate,2,0,0.875,0.125,0.875,0.125,0.0,0,0.44
1,8,1,14,1,1,1,22,27,10,10,1,0,0,1,1,0,19,0,0,6,7,5,13.2,0,0,6,10,5,13.25,0,10.8,1.4,1.74,Enrolled,1,0,0.8333333333333334,0.16666666666666663,0.8333333333333334,0.16666666666666663,0.05000000000000071,0,1.0
1,14,1,5,1,1,1,22,27,10,10,1,0,0,1,1,0,34,0,7,12,12,7,11.428571428571429,0,4,12,12,7,11.857142857142858,0,7.6,2.6,0.32,Enrolled,1,0,0.5833333333333334,0.41666666666666663,0.5833333333333334,0.41666666666666663,0.4285714285714288,0,1.46
1,1,1,10,1,1,1,23,14,9,11,1,0,0,1,1,0,19,0,0,6,0,0,0.0,0,0,6,0,0,0.0,0,16.2,0.3,-0.92,Dropout,0,1,0.0,1.0,0.0,1.0,0.0,0,5.5
1,1,1,15,1,1,1,1,14,5,5,0,0,0,1,1,1,19,0,0,6,10,4,14.0,0,0,6,9,6,12.333333333333334,0,9.4,-0.8,-3.12,Graduate,2,0,0.6666666666666666,0.33333333333333337,1.0,0.0,-1.666666666666666,2,2.1
2,12,1,4,1,1,1,2,2,2,5,0,0,0,1,1,0,30,0,3,12,12,3,12.0,0,5,12,16,5,11.8,0,15.5,2.8,-4.06,Dropout,0,1,0.25,0.75,0.4166666666666667,0.5833333333333333,-0.1999999999999993,2,2.62
1,14,1,15,1,1,1,1,3,10,4,0,0,0,0,1,0,22,0,0,4,4,0,0.0,4,0,5,8,3,12.0,0,10.8,1.4,1.74,Dropout,0,1,0.0,1.0,0.6,0.4,12.0,3,8.75
1,8,1,9,1,1,1,3,28,2,10,0,0,0,0,1,0,19,0,0,5,13,4,10.0,0,0,5,7,3,11.333333333333334,0,15.5,2.8,-4.06,Dropout,0,1,0.8,0.19999999999999996,0.6,0.4,1.333333333333334,-1,3.67
1,1,1,9,1,1,1,23,1,10,9,0,0,0,1,1,0,21,0,0,5,9,1,10.0,0,0,5,10,1,10.0,0,7.6,2.6,0.32,Dropout,0,1,0.2,0.8,0.2,0.8,0.0,0,3.11
1,1,2,2,1,1,1,22,27,10,10,1,0,0,0,1,0,22,0,0,0,0,0,0.0,0,0,0,0,0,0.0,0,7.6,2.6,0.32,Dropout,0,1,0.0,1.0,0.0,1.0,0.0,0,6.75
1,1,1,11,1,1,1,22,27,10,10,0,0,0,1,1,1,19,0,0,6,7,6,11.166666666666666,0,0,6,12,3,11.666666666666666,0,10.8,1.4,1.74,Enrolled,1,0,1.0,0.0,0.5,0.5,0.5,-3,0.5
1,1,1,10,1,1,1,13,28,8,8,0,0,0,1,1,0,20,0,0,6,12,4,11.75,0,0,6,13,3,11.333333333333334,0,15.5,2.8,-4.06,Enrolled,1,0,0.6666666666666666,0.33333333333333337,0.5,0.5,-0.4166666666666661,-1,2.33
1,12,1,4,1,12,1,3,1,3,9,1,0,0,1,1,0,35,0,0,6,13,3,11.75,0,0,6,10,0,0.0,0,13.9,-0.3,0.79,Dropout,0,1,0.5,0.5,0.0,1.0,-11.75,-3,2.69
1,7,2,9,1,1,1,22,27,10,10,1,0,0,1,1,0,20,0,0,5,8,1,10.0,0,0,5,7,1,11.0,0,7.6,2.6,0.32,Dropout,0,1,0.2,0.8,0.2,0.8,1.0,0,3.06
1,1,1,8,1,1,1,6,9,5,6,0,0,0,1,1,0,21,0,0,5,8,3,14.0,0,0,5,5,5,12.8,0,7.6,2.6,0.32,Graduate,2,0,0.6,0.4,1.0,0.0,-1.1999999999999993,2,2.19
1,12,1,6,1,9,1,19,24,13,13,0,0,1,0,1,0,27,0,0,5,5,0,0.0,0,0,5,5,0,0.0,0,7.6,2.6,0.32,Dropout,0,1,0.0,1.0,0.0,1.0,0.0,0,8.0
1,14,1,15,1,1,1,22,28,10,6,1,0,0,0,1,0,26,0,0,6,12,3,12.0,0,0,6,15,0,0.0,0,9.4,-0.8,-3.12,Dropout,0,1,0.5,0.5,0.0,1.0,-12.0,-3,3.87
1,8,1,15,1,1,1,1,23,4,4,0,0,0,0,1,0,20,0,0,6,10,0,0.0,0,0,5,10,0,0.0,0,10.8,1.4,1.74,Dropout,0,1,0.0,1.0,0.0,1.0,0.0,0,6.75
1,12,1,4,1,1,1,22,27,7,7,0,0,1,0,1,0,28,0,4,10,19,8,11.88888888888889,0,2,8,17,5,11.6,1,15.5,2.8,-4.06,Dropout,0,1,0.8,0.19999999999999996,0.625,0.375,-0.28888888888888964,-3,4.53
1,1,3,15,1,1,1,13,28,10,8,1,0,0,1,1,0,19,0,0,6,6,6,13.833333333333334,0,0,6,6,6,13.666666666666666,0,11.1,0.6,2.02,Graduate,2,0,1.0,0.0,1.0,0.0,-0.16666666666666785,0,0.0
1,14,1,17,0,1,1,22,14,10,10,0,0,0,0,1,0,47,0,0,5,5,0,0.0,0,0,5,5,0,0.0,0,12.7,3.7,-1.7,Dropout,0,1,0.0,1.0,0.0,1.0,0.0,0,6.75
4,12,1,15,1,9,1,22,27,5,10,0,0,0,0,1,0,55,0,0,6,8,5,11.4,0,0,6,9,5,12.4,0,10.8,1.4,1.74,Dropout,0,1,0.8333333333333334,0.16666666666666663,0.8333333333333334,0.16666666666666663,1.0,0,2.56
1,14,1,4,1,1,1,22,27,6,10,1,0,0,1,1,0,39,0,0,6,8,0,0.0,0,1,6,8,2,11.0,0,16.2,0.3,-0.92,Dropout,0,1,0.0,1.0,0.3333333333333333,0.6666666666666667,11.0,2,5.5
2,1,1,4,1,1,1,22,27,10,10,1,0,1,1,1,0,35,0,14,17,17,14,10.642857142857142,1,12,12,12,12,10.666666666666666,0,15.5,2.8,-4.06,Dropout,0,1,0.8235294117647058,0.17647058823529416,1.0,0.0,0.023809523809523725,-2,1.99
1,12,1,10,1,1,1,22,20,1,5,0,0,0,0,1,0,32,0,0,6,10,2,11.0,0,0,6,12,0,0.0,0,7.6,2.6,0.32,Dropout,0,1,0.3333333333333333,0.6666666666666667,0.0,1.0,-11.0,-2,4.05
1,1,4,15,1,1,1,3,10,3,10,1,0,0,1,1,0,20,0,0,6,6,6,16.833333333333332,0,0,6,6,6,16.666666666666668,0,8.9,1.4,3.51,Graduate,2,0,1.0,0.0,1.0,0.0,-0.1666666666666643,0,0.0
1,12,1,11,1,1,1,22,27,10,10,0,0,0,1,1,0,36,0,0,6,8,6,13.571428571428571,0,0,6,9,5,13.2,0,12.7,3.7,-1.7,Graduate,2,0,1.0,0.0,0.8333333333333334,0.16666666666666663,-0.3714285714285719,-1,0.88
1,12,1,17,0,12,1,23,14,10,11,0,0,1,1,1,1,34,0,0,5,11,5,14.714285714285714,0,0,5,14,5,14.375,5,16.2,0.3,-0.92,Graduate,2,0,1.0,0.0,1.0,0.0,-0.3392857142857135,0,3.16
1,1,1,14,1,1,1,23,14,1,3,1,0,0,1,1,0,21,0,0,5,8,0,0.0,0,0,5,5,0,0.0,0,9.4,-0.8,-3.12,Dropout,0,1,0.0,1.0,0.0,1.0,0.0,0,5.5
1,14,1,17,0,1,1,22,14,4,11,0,0,0,1,1,1,42,0,0,5,14,1,10.0,0,0,5,14,1,11.0,0,13.9,-0.3,0.79,Dropout,0,1,0.2,0.8,0.2,0.8,1.0,0,3.25
1,12,1,4,1,12,1,22,14,10,8,0,0,0,1,1,0,25,0,0,6,15,1,11.0,0,0,6,13,4,11.75,0,12.4,0.5,1.79,Dropout,0,1,0.16666666666666666,0.8333333333333334,0.6666666666666666,0.33333333333333337,0.75,3,3.27
1,9,1,15,1,1,1,23,28,7,8,1,0,0,1,1,1,18,0,0,6,6,1,11.0,0,0,6,0,0,0.0,0,8.9,1.4,3.51,Dropout,0,1,0.16666666666666666,0.8333333333333334,0.0,1.0,-11.0,-1,2.92
1,1,1,15,1,1,1,13,28,10,10,0,0,0,1,1,1,18,0,0,6,6,5,12.0,0,0,6,6,6,12.833333333333334,0,12.7,3.7,-1.7,Graduate,2,0,0.8333333333333334,0.16666666666666663,1.0,0.0,0.8333333333333339,1,0.58
1,1,2,10,1,1,1,23,14,10,8,1,0,0,1,1,0,19,0,0,6,10,6,11.125,0,0,6,7,6,11.857142857142858,0,7.6,2.6,0.32,Graduate,2,0,1.0,0.0,1.0,0.0,0.7321428571428577,0,1.4
1,14,1,6,1,1,1,3,14,5,7,0,0,1,0,1,0,34,0,2,6,13,3,11.333333333333334,0,0,6,8,2,11.5,0,13.9,-0.3,0.79,Dropout,0,1,0.5,0.5,0.3333333333333333,0.6666666666666667,0.16666666666666607,-1,5.19
1,8,2,15,1,1,1,1,1,5,6,0,0,0,1,1,0,20,0,0,6,15,2,12.0,0,0,6,12,0,0.0,0,10.8,1.4,1.74,Dropout,0,1,0.3333333333333333,0.6666666666666667,0.0,1.0,-12.0,-2,3.03
1,1,1,12,1,1,1,22,27,8,8,0,0,0,1,1,0,20,0,0,7,8,0,0.0,1,0,7,7,0,0.0,0,13.9,-0.3,0.79,Dropout,0,1,0.0,1.0,0.0,1.0,0.0,0,5.79
1,8,1,12,1,1,1,13,14,5,10,0,0,0,1,1,0,21,0,0,8,8,7,14.54,0,0,8,8,7,14.54,0,10.8,1.4,1.74,Graduate,2,0,0.875,0.125,0.875,0.125,0.0,0,0.44
1,15,1,4,1,14,1,1,14,4,11,1,0,0,1,1,0,19,0,0,6,9,6,12.166666666666666,0,0,6,14,4,13.0,0,12.4,0.5,1.79,Graduate,2,0,1.0,0.0,0.6666666666666666,0.33333333333333337,0.8333333333333339,-2,1.17
1,12,1,6,1,1,1,1,1,5,5,0,0,1,0,1,0,31,0,0,5,13,4,13.5,1,0,5,12,3,11.666666666666666,1,9.4,-0.8,-3.12,Dropout,0,1,0.8,0.19999999999999996,0.6,0.4,-1.833333333333334,-1,5.32
1,8,1,14,1,1,1,1,27,5,6,0,0,0,1,1,0,21,0,0,6,8,6,14.75,0,0,6,9,5,14.333333333333334,0,11.1,0.6,2.02,Graduate,2,0,1.0,0.0,0.8333333333333334,0.16666666666666663,-0.4166666666666661,-1,0.88
1,1,1,9,1,1,1,23,28,10,10,0,0,0,1,1,1,20,0,0,5,8,5,12.375,0,0,5,7,5,11.666666666666666,0,13.9,-0.3,0.79,Graduate,2,0,1.0,0.0,1.0,0.0,-0.7083333333333339,0,1.31
1,14,2,12,1,6,1,1,14,5,11,0,0,0,1,1,0,22,0,0,7,7,6,12.733333333333334,0,0,7,7,6,12.733333333333334,0,7.6,2.6,0.32,Graduate,2,0,0.8571428571428571,0.1428571428571429,0.8571428571428571,0.1428571428571429,0.0,0,0.5
1,1,2,5,1,1,1,13,14,4,4,1,1,0,0,1,0,19,0,0,6,9,4,12.5,0,0,6,6,0,0.0,0,9.4,-0.8,-3.12,Dropout,0,1,0.6666666666666666,0.33333333333333337,0.0,1.0,-12.5,-4,3.19
1,12,1,8,1,1,1,1,1,12,2,1,0,1,0,1,0,41,0,0,5,5,0,0.0,1,0,5,5,0,0.0,5,12.7,3.7,-1.7,Dropout,0,1,0.0,1.0,0.0,1.0,0.0,0,8.4
1,14,1,12,1,12,1,19,24,1,1,1,0,0,1,1,0,27,0,0,7,7,0,0.0,6,0,7,7,0,0.0,6,7.6,2.6,0.32,Dropout,0,1,0.0,1.0,0.0,1.0,0.0,0,7.21
1,8,1,12,1,1,1,1,1,5,11,0,0,0,1,0,0,19,0,0,7,7,7,13.44285714285714,0,0,8,8,7,13.771428571428572,0,13.9,-0.3,0.79,Dropout,0,1,1.0,0.0,0.875,0.125,0.32857142857143273,0,0.0
1,9,2,12,1,1,10,1,1,5,4,1,0,0,1,0,1,20,1,0,8,8,8,14.2,0,0,8,8,8,14.2,0,9.4,-0.8,-3.12,Graduate,2,0,1.0,0.0,1.0,0.0,0.0,0,0.0
1,14,4,12,1,6,1,23,27,6,10,1,0,0,1,0,1,19,0,0,7,7,6,13.55,0,0,7,7,6,13.55,0,7.6,2.6,0.32,Graduate,2,0,0.8571428571428571,0.1428571428571429,0.8571428571428571,0.1428571428571429,0.0,0,0.5
2,12,1,17,0,1,1,22,27,10,10,0,0,0,1,0,0,35,0,0,5,5,5,11.6,0,0,5,6,5,11.166666666666666,0,15.5,2.8,-4.06,Graduate,2,0,1.0,0.0,1.0,0.0,-0.43333333333333357,0,0.0
1,8,5,15,1,1,1,13,10,8,4,1,0,0,1,0,0,22,0,0,6,7,6,13.571428571428571,0,0,6,7,6,15.285714285714286,0,13.9,-0.3,0.79,Graduate,2,0,1.0,0.0,1.0,0.0,1.7142857142857153,0,0.5
1,1,2,11,1,1,1,1,14,6,8,1,0,0,1,0,1,20,0,0,6,6,6,13.833333333333334,0,0,6,6,6,15.0,0,11.1,0.6,2.02,Graduate,2,0,1.0,0.0,1.0,0.0,1.166666666666666,0,0.0
1,1,1,14,1,1,1,22,28,10,10,1,0,1,0,0,0,18,0,0,6,7,4,11.25,0,0,6,9,4,10.857142857142858,0,10.8,1.4,1.74,Dropout,0,1,0.6666666666666666,0.33333333333333337,0.6666666666666666,0.33333333333333337,-0.39285714285714235,0,4.0
1,1,1,10,1,1,1,22,27,10,10,1,0,0,1,0,1,18,0,0,6,7,5,10.2,0,0,6,9,4,11.25,0,12.4,0.5,1.79,Graduate,2,0,0.8333333333333334,0.16666666666666663,0.6666666666666666,0.33333333333333337,1.0500000000000007,-1,1.0
1,4,1,12,1,3,1,1,27,10,6,0,0,0,1,0,0,30,0,0,8,8,7,15.675714285714283,0,0,8,8,7,15.675714285714283,0,10.8,1.4,1.74,Graduate,2,0,0.875,0.125,0.875,0.125,0.0,0,0.44
1,9,1,10,1,1,1,23,28,10,8,0,0,1,1,0,1,18,0,0,6,9,6,10.833333333333334,0,0,6,8,6,12.0,0,11.1,0.6,2.02,Graduate,2,0,1.0,0.0,1.0,0.0,1.166666666666666,0,2.42
1,1,1,11,1,1,1,13,14,8,9,1,0,0,1,0,1,20,0,0,6,6,6,14.5,0,0,6,7,5,15.0,0,12.4,0.5,1.79,Enrolled,1,0,1.0,0.0,0.8333333333333334,0.16666666666666663,0.5,-1,0.0
1,1,1,10,1,1,1,13,28,10,10,0,1,0,1,0,1,19,0,0,6,12,4,10.4,0,0,6,11,4,10.75,0,12.4,0.5,1.79,Enrolled,1,0,0.6666666666666666,0.33333333333333337,0.6666666666666666,0.33333333333333337,0.34999999999999964,0,2.33
1,8,1,6,1,1,1,23,28,6,4,0,0,0,1,0,0,19,0,0,5,7,5,13.0,1,0,5,7,5,13.333333333333334,0,7.6,2.6,0.32,Graduate,2,0,1.0,0.0,1.0,0.0,0.3333333333333339,0,1.4
1,1,2,13,1,1,1,1,28,4,9,1,0,0,1,0,1,21,0,0,7,7,7,12.242857142857144,0,0,8,8,8,14.125,0,15.5,2.8,-4.06,Graduate,2,0,1.0,0.0,1.0,0.0,1.8821428571428562,1,0.0
1,9,1,16,1,1,1,1,14,20,41,1,0,1,1,0,0,21,0,0,7,7,7,13.0,0,0,7,8,6,12.5,0,8.9,1.4,3.51,Enrolled,1,0,1.0,0.0,0.8571428571428571,0.1428571428571429,-0.5,-1,1.25
1,1,4,14,1,1,1,1,1,10,10,1,0,0,1,0,0,18,0,0,6,6,6,14.166666666666666,0,0,6,7,6,13.428571428571429,0,8.9,1.4,3.51,Enrolled,1,0,1.0,0.0,1.0,0.0,-0.7380952380952372,0,0.0
1,1,3,9,1,1,1,1,1,6,8,1,0,0,1,0,1,18,0,0,5,11,4,14.25,0,0,5,7,4,12.5,0,12.7,3.7,-1.7,Graduate,2,0,0.8,0.19999999999999996,0.8,0.19999999999999996,-1.75,0,2.23
4,12,1,6,1,1,1,22,27,12,12,0,0,0,0,0,0,35,0,0,5,14,1,12.0,2,0,5,11,2,10.5,1,9.4,-0.8,-3.12,Dropout,0,1,0.2,0.8,0.4,0.6,-1.5,1,5.3
1,1,6,12,1,1,14,1,1,10,7,1,0,0,1,0,0,21,1,0,7,11,4,13.25,0,0,7,9,5,13.82,0,11.1,0.6,2.02,Enrolled,1,0,0.5714285714285714,0.4285714285714286,0.7142857142857143,0.2857142857142857,0.5700000000000003,1,2.23
1,1,1,12,1,1,1,23,27,10,8,1,0,0,1,1,1,18,0,0,7,7,6,13.183333333333332,0,0,7,7,6,13.183333333333332,0,7.6,2.6,0.32,Graduate,2,0,0.8571428571428571,0.1428571428571429,0.8571428571428571,0.1428571428571429,0.0,0,0.5
1,8,5,5,1,1,1,13,1,6,6,1,0,0,1,1,0,22,0,0,6,6,1,11.0,0,0,6,6,0,0.0,0,9.4,-0.8,-3.12,Enrolled,1,0,0.16666666666666666,0.8333333333333334,0.0,1.0,-11.0,-1,2.92
1,8,1,12,1,1,1,23,1,10,7,1,0,0,1,1,1,20,0,0,7,8,7,11.9725,0,0,8,8,8,12.65125,0,15.5,2.8,-4.06,Graduate,2,0,1.0,0.0,1.0,0.0,0.6787499999999991,1,0.44
2,12,1,11,1,1,1,22,27,5,8,1,0,0,1,0,0,34,0,0,6,7,5,12.4,0,0,6,8,5,12.8,0,9.4,-0.8,-3.12,Graduate,2,0,0.8333333333333334,0.16666666666666663,0.8333333333333334,0.16666666666666663,0.40000000000000036,0,1.0
2,4,1,9,1,3,1,22,27,10,10,0,0,0,1,0,0,33,0,3,8,9,5,12.6,2,2,7,13,5,11.25,0,10.8,1.4,1.74,Enrolled,1,0,0.625,0.375,0.7142857142857143,0.2857142857142857,-1.3499999999999996,0,2.06
1,1,3,12,1,1,1,22,28,10,10,1,0,0,1,0,1,22,0,0,7,7,6,13.9,0,0,7,7,6,13.9,0,7.6,2.6,0.32,Graduate,2,0,0.8571428571428571,0.1428571428571429,0.8571428571428571,0.1428571428571429,0.0,0,0.5
1,8,3,11,1,1,1,22,27,10,7,1,0,0,1,0,1,20,0,0,6,11,4,11.5,0,0,6,12,3,11.0,0,7.6,2.6,0.32,Enrolled,1,0,0.6666666666666666,0.33333333333333337,0.5,0.5,-0.5,-1,2.23
2,12,1,9,1,1,1,22,27,7,11,0,0,0,1,0,0,35,0,0,5,6,4,14.2,0,0,5,10,4,11.857142857142858,0,10.8,1.4,1.74,Enrolled,1,0,0.8,0.19999999999999996,0.8,0.19999999999999996,-2.3428571428571416,0,1.17
2,12,1,9,1,1,1,23,27,5,8,1,0,0,0,0,0,39,0,0,5,12,3,10.666666666666666,2,0,5,15,3,10.666666666666666,0,9.4,-0.8,-3.12,Dropout,0,1,0.6,0.4,0.6,0.4,0.0,0,4.68
1,9,6,12,1,1,1,23,27,10,6,1,0,0,0,0,0,19,0,0,7,14,0,0.0,0,0,8,0,0,0.0,0,11.1,0.6,2.02,Dropout,0,1,0.0,1.0,0.0,1.0,0.0,0,6.75
4,12,1,11,1,1,1,22,27,10,9,0,0,0,1,0,1,36,0,0,6,10,6,11.0,0,0,6,14,3,11.333333333333334,0,10.8,1.4,1.74,Graduate,2,0,1.0,0.0,0.5,0.5,0.3333333333333339,-3,1.4
1,1,2,12,1,1,1,22,27,10,10,1,0,0,1,0,1,21,0,0,8,8,7,13.957142857142856,0,0,8,8,7,13.957142857142856,0,12.7,3.7,-1.7,Graduate,2,0,0.875,0.125,0.875,0.125,0.0,0,0.44
1,1,1,10,1,1,1,3,28,2,6,1,0,0,1,0,0,22,0,0,6,11,4,12.5,1,0,6,13,3,13.666666666666666,0,9.4,-0.8,-3.12,Enrolled,1,0,0.6666666666666666,0.33333333333333337,0.5,0.5,1.166666666666666,-1,2.56
2,12,1,10,1,1,1,23,28,10,8,0,0,1,1,0,1,42,0,0,6,8,6,13.333333333333334,0,0,6,7,6,15.285714285714286,0,11.1,0.6,2.02,Graduate,2,0,1.0,0.0,1.0,0.0,1.9523809523809526,0,2.12
1,12,1,7,1,1,1,22,27,12,12,1,0,0,1,0,0,34,0,0,5,5,0,0.0,0,0,5,6,0,0.0,0,10.8,1.4,1.74,Dropout,0,1,0.0,1.0,0.0,1.0,0.0,0,5.5
1,8,1,15,1,1,1,13,14,5,5,1,0,0,1,0,0,20,0,0,6,9,6,11.666666666666666,0,0,6,8,5,11.6,0,7.6,2.6,0.32,Enrolled,1,0,1.0,0.0,0.8333333333333334,0.16666666666666663,-0.06666666666666643,-1,1.17
2,15,1,3,0,14,1,22,14,10,11,0,0,0,1,0,0,33,0,3,6,7,6,15.714285714285714,0,2,6,7,6,15.5,0,13.9,-0.3,0.79,Graduate,2,0,1.0,0.0,1.0,0.0,-0.21428571428571352,0,0.5
1,1,4,11,1,1,1,1,14,10,7,1,0,0,1,0,0,20,0,0,6,8,5,11.0,0,0,6,9,5,11.4,0,13.9,-0.3,0.79,Graduate,2,0,0.8333333333333334,0.16666666666666663,0.8333333333333334,0.16666666666666663,0.40000000000000036,0,1.31
1,1,2,14,1,1,1,15,21,1,6,1,0,1,1,0,0,19,0,0,5,8,4,12.25,0,0,5,7,4,12.75,2,7.6,2.6,0.32,Graduate,2,0,0.8,0.19999999999999996,0.8,0.19999999999999996,0.5,0,3.0
2,14,1,17,0,3,1,22,14,10,5,0,0,1,1,0,0,34,0,4,10,25,5,12.2,0,3,9,18,8,12.22222222222222,0,16.2,0.3,-0.92,Dropout,0,1,0.5,0.5,0.8888888888888888,0.11111111111111116,0.022222222222220367,3,4.05
1,1,1,9,1,1,1,22,27,10,7,1,0,0,1,0,0,18,0,0,5,6,5,13.0,0,0,5,5,5,14.0,0,7.6,2.6,0.32,Graduate,2,0,1.0,0.0,1.0,0.0,1.0,0,0.58
1,8,1,3,0,1,1,23,27,7,7,0,0,0,1,0,1,24,0,0,6,11,4,12.0,0,0,6,7,6,13.0,0,10.8,1.4,1.74,Graduate,2,0,0.6666666666666666,0.33333333333333337,1.0,0.0,1.0,2,2.23
1,1,1,16,1,1,1,13,10,10,8,1,0,0,1,0,0,18,0,0,6,6,6,13.333333333333334,0,0,6,7,6,12.333333333333334,0,7.6,2.6,0.32,Graduate,2,0,1.0,0.0,1.0,0.0,-1.0,0,0.0
1,1,1,14,1,1,1,22,27,11,7,1,0,0,1,0,0,20,0,0,5,6,3,13.0,0,0,5,7,3,13.0,1,7.6,2.6,0.32,Enrolled,1,0,0.6,0.4,0.6,0.4,0.0,0,1.75
1,8,1,12,1,1,1,1,1,5,4,1,0,0,1,0,0,21,0,0,8,8,7,12.91,0,0,8,8,7,12.91,0,10.8,1.4,1.74,Graduate,2,0,0.875,0.125,0.875,0.125,0.0,0,0.44
1,1,5,10,1,1,1,23,1,10,6,1,0,0,1,0,1,19,0,0,6,8,6,11.0,0,0,6,13,3,11.0,0,9.4,-0.8,-3.12,Graduate,2,0,1.0,0.0,0.5,0.5,0.0,-3,0.88
1,8,4,12,1,1,1,23,14,6,8,0,0,0,1,0,1,19,0,0,7,8,6,13.579999999999998,0,0,8,8,8,12.93625,0,15.5,2.8,-4.06,Graduate,2,0,0.8571428571428571,0.1428571428571429,1.0,0.0,-0.6437499999999989,2,0.88
1,1,1,10,1,1,1,13,14,6,6,1,0,0,1,0,1,18,0,0,6,10,4,12.4,0,0,6,8,6,12.5,0,12.4,0.5,1.79,Graduate,2,0,0.6666666666666666,0.33333333333333337,1.0,0.0,0.09999999999999964,2,2.1
4,12,1,3,0,1,1,22,27,6,6,0,0,0,1,0,1,38,0,4,9,13,8,12.88888888888889,0,2,7,9,7,13.0,0,13.9,-0.3,0.79,Graduate,2,0,0.8888888888888888,0.11111111111111116,1.0,0.0,0.11111111111111072,-1,1.35
1,1,1,2,1,1,1,13,14,6,5,1,0,1,1,1,0,21,0,6,12,12,11,11.545454545454543,0,4,11,18,9,11.7,1,8.9,1.4,3.51,Enrolled,1,0,0.9166666666666666,0.08333333333333337,0.8181818181818182,0.18181818181818177,0.1545454545454561,-2,1.54
1,14,1,9,1,1,11,1,5,10,11,1,0,0,1,1,0,23,1,0,5,6,1,10.0,0,0,5,5,0,0.0,0,15.5,2.8,-4.06,Enrolled,1,0,0.2,0.8,0.0,1.0,-10.0,-1,2.92
1,8,5,12,1,1,1,13,1,5,4,1,0,0,1,0,0,19,0,0,8,8,8,14.34125,0,0,8,8,8,14.34125,0,9.4,-0.8,-3.12,Graduate,2,0,1.0,0.0,1.0,0.0,0.0,0,0.0
1,1,2,15,1,1,1,23,27,6,4,1,0,1,0,0,0,18,0,0,6,8,6,14.142857142857142,0,0,6,6,5,12.0,0,13.9,-0.3,0.79,Dropout,0,1,1.0,0.0,0.8333333333333334,0.16666666666666663,-2.1428571428571423,-1,3.38
1,1,6,2,1,1,1,13,27,6,6,1,0,0,1,0,1,18,0,0,0,0,0,0.0,0,0,0,0,0,0.0,0,9.4,-0.8,-3.12,Graduate,2,0,0.0,1.0,0.0,1.0,0.0,0,5.5
1,12,1,4,1,1,1,13,14,10,7,1,0,0,1,0,0,24,0,0,6,10,5,11.8,0,0,6,13,4,11.25,0,12.4,0.5,1.79,Enrolled,1,0,0.8333333333333334,0.16666666666666663,0.6666666666666666,0.33333333333333337,-0.5500000000000007,-1,1.75
1,1,1,15,1,1,2,1,1,6,10,0,0,0,1,0,1,18,1,0,6,6,6,13.333333333333334,0,0,6,6,6,14.166666666666666,0,12.7,3.7,-1.7,Graduate,2,0,1.0,0.0,1.0,0.0,0.8333333333333321,0,0.0
1,1,1,8,1,1,1,3,1,5,10,1,0,0,1,0,0,18,0,0,6,8,6,14.5,0,0,6,9,6,12.857142857142858,0,13.9,-0.3,0.79,Graduate,2,0,1.0,0.0,1.0,0.0,-1.6428571428571423,0,0.88
1,4,1,17,0,15,1,13,14,8,4,0,0,0,1,0,0,26,0,5,10,13,8,12.666666666666666,0,5,10,12,10,13.4,0,11.1,0.6,2.02,Graduate,2,0,0.8,0.19999999999999996,1.0,0.0,0.7333333333333343,2,1.35
1,1,1,9,1,1,1,13,14,10,10,0,0,1,1,0,0,19,0,0,5,13,1,10.0,0,0,5,8,2,10.0,0,12.4,0.5,1.79,Enrolled,1,0,0.2,0.8,0.4,0.6,0.0,1,4.48
1,9,3,14,1,1,1,23,28,10,10,1,0,0,1,0,1,19,0,0,6,10,0,0.0,0,0,6,6,0,0.0,0,12.7,3.7,-1.7,Dropout,0,1,0.0,1.0,0.0,1.0,0.0,0,5.5
1,1,1,11,1,1,1,23,27,6,6,0,0,0,1,0,0,19,0,0,6,12,4,11.0,0,0,6,6,4,12.5,0,16.2,0.3,-0.92,Enrolled,1,0,0.6666666666666666,0.33333333333333337,0.6666666666666666,0.33333333333333337,1.5,0,2.33
1,1,1,8,1,1,1,22,27,10,10,1,0,1,1,0,0,20,0,0,5,10,2,12.0,2,0,5,9,4,11.0,0,9.4,-0.8,-3.12,Dropout,0,1,0.4,0.6,0.8,0.19999999999999996,-1.0,2,4.85
1,1,3,11,1,1,1,13,14,10,10,1,0,0,1,0,0,22,0,0,6,10,4,10.0,0,0,6,12,2,13.5,0,9.4,-0.8,-3.12,Enrolled,1,0,0.6666666666666666,0.33333333333333337,0.3333333333333333,0.6666666666666667,3.5,-2,2.1
1,1,2,12,1,1,1,13,1,6,6,1,0,0,1,0,0,19,0,0,7,7,7,14.20857142857143,0,0,8,9,8,15.127777777777778,0,11.1,0.6,2.02,Graduate,2,0,1.0,0.0,1.0,0.0,0.9192063492063482,1,0.0
1,1,5,12,1,1,1,3,1,6,11,1,0,0,1,0,0,20,0,0,7,7,7,14.30714285714286,0,0,8,8,8,15.0125,0,12.4,0.5,1.79,Graduate,2,0,1.0,0.0,1.0,0.0,0.7053571428571388,1,0.0
2,12,1,9,1,1,1,22,27,6,6,0,0,0,1,0,0,36,0,0,5,8,3,11.0,0,0,5,12,4,13.375,0,10.8,1.4,1.74,Enrolled,1,0,0.6,0.4,0.8,0.19999999999999996,2.375,1,2.19
1,12,1,16,1,12,1,13,4,10,5,1,0,0,1,0,0,29,0,0,7,14,0,0.0,0,0,6,6,0,0.0,0,11.1,0.6,2.02,Dropout,0,1,0.0,1.0,0.0,1.0,0.0,0,5.5
1,8,3,10,1,1,1,3,3,3,3,1,0,0,1,0,0,19,0,0,6,10,6,12.0,0,0,6,12,4,11.0,0,12.7,3.7,-1.7,Graduate,2,0,1.0,0.0,0.6666666666666666,0.33333333333333337,-1.0,-2,1.4
5,12,1,9,1,1,1,1,1,5,9,0,0,1,0,0,0,24,0,0,5,0,0,0.0,0,0,5,0,0,0.0,0,13.9,-0.3,0.79,Dropout,0,1,0.0,1.0,0.0,1.0,0.0,0,8.0
5,12,1,4,1,1,1,1,1,5,9,0,0,1,0,0,0,27,0,0,6,6,0,0.0,0,0,6,7,0,0.0,0,8.9,1.4,3.51,Dropout,0,1,0.0,1.0,0.0,1.0,0.0,0,8.0
1,8,1,15,1,1,1,22,27,10,9,1,0,0,1,0,1,18,0,0,6,7,6,13.857142857142858,0,0,6,7,6,14.285714285714286,0,13.9,-0.3,0.79,Graduate,2,0,1.0,0.0,1.0,0.0,0.4285714285714288,0,0.5
1,8,2,2,1,1,1,3,1,3,7,1,0,0,1,0,1,18,0,0,0,0,0,0.0,0,0,0,0,0,0.0,0,15.5,2.8,-4.06,Graduate,2,0,0.0,1.0,0.0,1.0,0.0,0,5.5
1,8,4,13,1,1,1,23,27,4,8,1,0,0,1,0,0,21,0,0,7,0,0,0.0,0,0,7,0,0,0.0,0,12.7,3.7,-1.7,Dropout,0,1,0.0,1.0,0.0,1.0,0.0,0,5.5
2,12,1,14,1,1,1,22,14,10,5,0,0,0,1,0,1,43,0,0,6,8,5,11.0,0,0,6,9,5,13.0,0,12.4,0.5,1.79,Graduate,2,0,0.8333333333333334,0.16666666666666663,0.8333333333333334,0.16666666666666663,2.0,0,1.31
1,14,1,9,1,1,1,1,14,10,11,0,0,0,1,0,1,18,0,0,5,9,5,13.2,0,0,5,13,5,14.4,5,16.2,0.3,-0.92,Graduate,2,0,1.0,0.0,1.0,0.0,1.200000000000001,0,1.56
1,9,1,6,1,1,1,22,27,10,10,1,0,0,1,0,1,21,0,0,6,7,6,13.5,0,0,6,6,3,15.333333333333334,0,8.9,1.4,3.51,Dropout,0,1,1.0,0.0,0.5,0.5,1.833333333333334,-3,0.5
1,4,1,9,1,3,1,6,19,2,8,0,0,0,1,0,0,26,0,0,5,5,0,0.0,0,0,5,0,0,0.0,0,9.4,-0.8,-3.12,Dropout,0,1,0.0,1.0,0.0,1.0,0.0,0,5.5
1,1,6,12,1,1,1,1,14,10,5,1,0,0,1,0,1,19,0,0,8,8,7,14.214285714285714,0,0,8,8,7,14.214285714285714,0,12.7,3.7,-1.7,Graduate,2,0,0.875,0.125,0.875,0.125,0.0,0,0.44
1,1,1,6,1,1,1,22,9,12,12,0,0,0,1,0,0,18,0,0,5,5,5,13.0,0,0,5,5,5,12.4,0,7.6,2.6,0.32,Graduate,2,0,1.0,0.0,1.0,0.0,-0.5999999999999996,0,0.0
1,1,1,15,1,1,1,3,2,3,2,1,0,0,1,0,0,22,0,0,6,13,2,12.0,0,0,6,14,1,10.0,0,9.4,-0.8,-3.12,Dropout,0,1,0.3333333333333333,0.6666666666666667,0.16666666666666666,0.8333333333333334,-2.0,-1,2.96
1,12,1,12,1,12,1,1,14,5,11,1,0,0,1,0,0,27,0,0,7,0,0,0.0,0,0,8,0,0,0.0,0,11.1,0.6,2.02,Dropout,0,1,0.0,1.0,0.0,1.0,0.0,0,5.5
1,1,3,9,1,1,1,23,14,10,11,1,0,0,1,0,0,18,0,0,5,6,5,12.8,1,0,5,6,5,12.6,0,9.4,-0.8,-3.12,Graduate,2,0,1.0,0.0,1.0,0.0,-0.20000000000000107,0,0.98
1,8,1,6,1,1,1,22,28,8,10,0,0,0,1,0,0,19,0,0,5,11,4,13.6,2,0,5,9,4,12.2,0,9.4,-0.8,-3.12,Graduate,2,0,0.8,0.19999999999999996,0.8,0.19999999999999996,-1.4000000000000004,0,3.03
1,8,4,12,1,1,1,13,14,4,11,1,0,0,1,0,0,18,0,0,7,7,7,13.971428571428572,0,0,8,8,8,15.75,0,13.9,-0.3,0.79,Graduate,2,0,1.0,0.0,1.0,0.0,1.7785714285714285,1,0.0
1,1,1,6,1,1,1,23,27,5,5,0,0,0,1,0,1,19,0,0,6,8,6,15.0,0,0,6,9,6,14.857142857142858,0,11.1,0.6,2.02,Graduate,2,0,1.0,0.0,1.0,0.0,-0.14285714285714235,0,0.88
1,12,1,6,1,1,1,22,27,10,10,0,0,0,0,0,0,32,0,0,6,0,0,0.0,0,0,6,0,0,0.0,0,11.1,0.6,2.02,Dropout,0,1,0.0,1.0,0.0,1.0,0.0,0,6.75
1,13,1,12,1,1,1,22,1,10,5,1,0,0,1,0,0,23,0,20,26,27,26,15.07777777777778,0,14,17,17,17,15.023529411764704,0,15.5,2.8,-4.06,Graduate,2,0,1.0,0.0,1.0,0.0,-0.054248366013075255,-9,0.13
1,8,3,12,1,1,1,22,27,5,4,1,0,0,1,0,0,20,0,0,7,7,6,13.383333333333333,0,0,7,7,6,13.383333333333333,0,7.6,2.6,0.32,Graduate,2,0,0.8571428571428571,0.1428571428571429,0.8571428571428571,0.1428571428571429,0.0,0,0.5
1,1,1,2,1,1,1,13,28,6,6,1,0,1,1,0,0,20,0,6,12,12,12,13.25,0,4,11,16,10,13.090909090909092,0,8.9,1.4,3.51,Graduate,2,0,1.0,0.0,0.9090909090909091,0.09090909090909094,-0.15909090909090828,-2,1.25
1,8,1,10,1,1,1,13,14,5,6,1,0,1,0,0,0,19,0,0,6,10,5,11.714285714285714,0,0,6,13,2,10.666666666666666,0,16.2,0.3,-0.92,Dropout,0,1,0.8333333333333334,0.16666666666666663,0.3333333333333333,0.6666666666666667,-1.0476190476190474,-3,4.25
1,1,3,12,1,1,1,13,14,6,6,1,0,0,1,0,1,18,0,0,8,8,8,13.01125,0,0,8,8,8,13.01125,0,9.4,-0.8,-3.12,Graduate,2,0,1.0,0.0,1.0,0.0,0.0,0,0.0
1,15,1,4,1,14,1,13,14,10,5,0,0,0,1,0,0,21,0,0,6,12,3,10.666666666666666,2,0,6,12,4,12.0,0,15.5,2.8,-4.06,Dropout,0,1,0.5,0.5,0.6666666666666666,0.33333333333333337,1.333333333333334,1,3.29
1,1,1,12,1,1,1,1,14,10,10,0,0,0,1,0,1,20,0,0,7,14,0,0.0,0,0,7,15,0,0.0,0,11.1,0.6,2.02,Enrolled,1,0,0.0,1.0,0.0,1.0,0.0,0,5.5
1,15,1,6,1,14,1,3,14,3,5,1,0,0,1,0,0,22,0,1,6,9,6,13.0,0,1,6,18,3,12.666666666666666,0,12.4,0.5,1.79,Graduate,2,0,1.0,0.0,0.5,0.5,-0.3333333333333339,-3,1.17
1,15,1,17,0,14,1,22,27,10,10,0,0,0,1,0,0,26,0,0,5,5,5,12.0,0,0,5,7,5,11.4,0,12.7,3.7,-1.7,Graduate,2,0,1.0,0.0,1.0,0.0,-0.5999999999999996,0,0.0
1,1,1,5,1,1,1,22,27,4,4,1,0,0,1,0,0,20,0,0,6,6,6,12.166666666666666,0,0,6,7,5,13.8,0,12.7,3.7,-1.7,Graduate,2,0,1.0,0.0,0.8333333333333334,0.16666666666666663,1.6333333333333346,-1,0.0
1,1,1,12,1,1,1,13,28,6,4,1,0,0,1,0,0,19,0,0,7,10,6,11.85,0,0,8,10,7,13.65,0,16.2,0.3,-0.92,Graduate,2,0,0.8571428571428571,0.1428571428571429,0.875,0.125,1.8000000000000007,1,1.4
1,12,1,17,0,1,1,22,27,10,10,0,0,0,1,0,0,31,0,0,5,8,4,11.0,0,0,5,6,5,11.2,0,7.6,2.6,0.32,Graduate,2,0,0.8,0.19999999999999996,1.0,0.0,0.1999999999999993,1,1.75
1,14,3,12,1,1,1,1,14,10,8,1,0,1,1,0,1,20,0,0,7,9,7,12.327777777777778,0,0,8,10,8,11.736,0,15.5,2.8,-4.06,Graduate,2,0,1.0,0.0,1.0,0.0,-0.5917777777777768,1,2.03
1,14,1,6,1,1,1,13,28,8,8,1,0,0,1,0,0,20,0,0,5,9,4,12.0,0,0,5,10,5,13.428571428571429,1,10.8,1.4,1.74,Graduate,2,0,0.8,0.19999999999999996,1.0,0.0,1.4285714285714288,1,1.94
1,8,4,12,1,1,1,22,27,6,6,1,0,0,1,0,0,21,0,0,7,7,7,14.428571428571429,0,0,8,9,8,14.511111111111113,0,16.2,0.3,-0.92,Graduate,2,0,1.0,0.0,1.0,0.0,0.08253968253968402,1,0.0
1,1,4,12,1,1,1,13,14,10,8,1,0,0,1,0,0,18,0,0,7,7,7,13.78,0,0,8,8,8,12.6125,0,12.4,0.5,1.79,Graduate,2,0,1.0,0.0,1.0,0.0,-1.1674999999999986,1,0.0
1,8,2,12,1,1,1,22,1,10,5,1,0,0,1,0,1,19,0,0,7,7,6,13.8,0,0,7,7,6,13.8,0,7.6,2.6,0.32,Graduate,2,0,0.8571428571428571,0.1428571428571429,0.8571428571428571,0.1428571428571429,0.0,0,0.5
1,1,1,16,1,1,1,13,14,4,8,1,0,0,1,0,1,18,0,0,7,7,7,14.857142857142858,0,0,7,7,7,15.142857142857142,0,13.9,-0.3,0.79,Graduate,2,0,1.0,0.0,1.0,0.0,0.2857142857142847,0,0.0
4,12,1,15,1,13,1,13,14,8,10,0,0,0,1,0,0,40,0,0,6,8,5,13.0,0,0,6,7,5,12.6,0,16.2,0.3,-0.92,Enrolled,1,0,0.8333333333333334,0.16666666666666663,0.8333333333333334,0.16666666666666663,-0.40000000000000036,0,1.31
1,8,6,10,1,1,1,1,28,5,8,0,0,0,1,0,1,18,0,0,6,7,6,12.142857142857142,0,0,6,6,6,13.333333333333334,0,13.9,-0.3,0.79,Graduate,2,0,1.0,0.0,1.0,0.0,1.1904761904761916,0,0.5
1,1,2,6,1,1,1,25,4,3,3,1,0,0,1,0,0,18,0,0,6,7,6,15.666666666666666,0,0,6,6,6,14.833333333333334,0,8.9,1.4,3.51,Graduate,2,0,1.0,0.0,1.0,0.0,-0.8333333333333321,0,0.5
1,8,1,12,1,1,1,1,14,5,4,1,0,0,1,0,0,19,0,0,7,13,5,12.5,0,0,8,14,7,12.166666666666666,0,15.5,2.8,-4.06,Graduate,2,0,0.7142857142857143,0.2857142857142857,0.875,0.125,-0.3333333333333339,2,2.15
1,8,1,10,1,1,1,23,28,10,8,0,0,0,1,0,1,19,0,0,6,7,6,12.833333333333334,0,0,6,6,6,13.166666666666666,0,12.4,0.5,1.79,Graduate,2,0,1.0,0.0,1.0,0.0,0.33333333333333215,0,0.5
1,12,1,4,1,1,1,23,28,10,7,0,0,1,0,0,0,28,0,0,6,6,0,0.0,0,0,6,7,0,0.0,0,8.9,1.4,3.51,Dropout,0,1,0.0,1.0,0.0,1.0,0.0,0,8.0
1,8,1,5,1,1,1,22,28,10,9,1,0,0,1,0,0,20,0,0,6,6,6,12.5,0,0,6,6,6,12.666666666666666,0,7.6,2.6,0.32,Graduate,2,0,1.0,0.0,1.0,0.0,0.16666666666666607,0,0.0
1,1,2,15,1,1,1,22,27,10,10,1,0,0,1,0,0,18,0,0,6,14,4,11.25,0,0,6,9,5,13.0,0,9.4,-0.8,-3.12,Graduate,2,0,0.6666666666666666,0.33333333333333337,0.8333333333333334,0.16666666666666663,1.75,1,2.5
1,1,2,12,1,1,1,1,1,5,4,1,0,0,1,0,0,18,0,0,7,7,6,15.25,0,0,7,7,6,15.25,0,7.6,2.6,0.32,Graduate,2,0,0.8571428571428571,0.1428571428571429,0.8571428571428571,0.1428571428571429,0.0,0,0.5
1,1,1,6,1,1,1,13,27,10,10,1,0,0,1,0,1,20,0,0,5,13,5,14.0,2,0,5,10,3,12.0,1,9.4,-0.8,-3.12,Graduate,2,0,1.0,0.0,0.6,0.4,-2.0,-2,2.95
1,14,1,10,1,1,1,23,14,10,5,0,0,1,1,0,0,28,0,15,16,16,13,12.076923076923077,0,13,13,13,11,12.090909090909092,0,16.2,0.3,-0.92,Graduate,2,0,0.8125,0.1875,0.8461538461538461,0.15384615384615385,0.013986013986015067,-2,1.91
1,6,1,16,1,1,14,28,1,25,26,0,0,0,1,0,0,23,1,11,16,17,16,14.625,0,6,10,12,9,14.88888888888889,0,8.9,1.4,3.51,Graduate,2,0,1.0,0.0,0.9,0.09999999999999998,0.2638888888888893,-7,0.21
1,1,1,16,1,1,1,13,27,6,6,1,0,0,1,0,0,19,0,0,7,10,4,10.5,0,0,7,7,2,10.5,0,16.2,0.3,-0.92,Dropout,0,1,0.5714285714285714,0.4285714285714286,0.2857142857142857,0.7142857142857143,0.0,-2,2.1
1,8,1,10,1,1,1,23,14,24,36,1,0,0,1,0,1,18,0,0,6,8,6,12.833333333333334,0,0,6,6,6,12.166666666666666,0,8.9,1.4,3.51,Graduate,2,0,1.0,0.0,1.0,0.0,-0.6666666666666679,0,0.88
1,1,3,15,1,1,9,22,27,10,10,0,0,1,0,0,1,20,1,0,6,6,6,12.5,0,0,6,7,5,11.8,0,10.8,1.4,1.74,Graduate,2,0,1.0,0.0,0.8333333333333334,0.16666666666666663,-0.6999999999999993,-1,2.5
1,1,1,2,1,1,1,3,1,3,5,1,0,0,1,0,0,20,0,5,12,13,12,11.23076923076923,0,3,11,18,9,12.77777777777778,0,11.1,0.6,2.02,Graduate,2,0,1.0,0.0,0.8181818181818182,0.18181818181818177,1.5470085470085504,-3,0.27
2,12,1,17,0,1,1,22,27,10,10,0,0,0,1,0,0,27,0,0,5,5,2,10.5,0,0,5,5,0,0.0,0,7.6,2.6,0.32,Dropout,0,1,0.4,0.6,0.0,1.0,-10.5,-2,2.1
1,1,1,16,1,1,1,1,1,10,10,1,0,0,1,0,0,18,0,0,6,11,3,12.0,0,0,6,13,2,12.0,0,12.7,3.7,-1.7,Dropout,0,1,0.5,0.5,0.3333333333333333,0.6666666666666667,0.0,-1,2.55
4,12,2,13,1,12,1,13,14,5,7,0,0,0,1,0,1,37,0,0,7,10,7,10.985714285714286,0,0,8,11,8,12.3,0,10.8,1.4,1.74,Graduate,2,0,1.0,0.0,1.0,0.0,1.314285714285715,1,1.05
4,4,1,12,1,15,1,13,14,5,7,0,0,0,0,0,0,42,0,2,7,10,5,12.62,0,3,7,11,3,14.166666666666666,0,12.4,0.5,1.79,Dropout,0,1,0.7142857142857143,0.2857142857142857,0.42857142857142855,0.5714285714285714,1.5466666666666669,-2,3.0
1,8,6,12,1,1,1,1,28,5,9,1,0,0,1,0,0,20,0,0,7,9,6,13.0,0,0,8,8,8,14.2125,0,13.9,-0.3,0.79,Dropout,0,1,0.8571428571428571,0.1428571428571429,1.0,0.0,1.2125000000000004,2,1.17
2,12,1,7,1,1,1,19,24,10,10,0,0,0,0,1,0,34,0,0,5,5,0,0.0,0,0,5,5,0,0.0,0,15.5,2.8,-4.06,Dropout,0,1,0.0,1.0,0.0,1.0,0.0,0,6.75
1,13,1,7,1,1,1,3,3,4,3,1,0,0,1,1,0,22,0,0,5,0,0,0.0,0,0,5,0,0,0.0,0,10.8,1.4,1.74,Dropout,0,1,0.0,1.0,0.0,1.0,0.0,0,5.5
2,12,2,11,1,12,1,13,14,10,6,0,0,0,1,1,0,39,0,0,6,6,6,13.5,0,0,6,6,6,13.333333333333334,0,12.4,0.5,1.79,Graduate,2,0,1.0,0.0,1.0,0.0,-0.16666666666666607,0,0.0
1,1,1,12,1,1,1,22,27,10,10,1,0,0,1,1,1,18,0,0,7,7,6,13.516666666666666,0,0,7,7,6,13.516666666666666,0,7.6,2.6,0.32,Graduate,2,0,0.8571428571428571,0.1428571428571429,0.8571428571428571,0.1428571428571429,0.0,0,0.5
1,1,2,5,1,1,1,22,27,10,10,1,0,0,1,1,1,21,0,0,6,6,6,13.166666666666666,0,0,6,8,6,13.285714285714286,0,8.9,1.4,3.51,Graduate,2,0,1.0,0.0,1.0,0.0,0.1190476190476204,0,0.0
2,12,1,6,1,1,1,22,27,12,11,0,0,0,1,1,0,34,0,0,6,0,0,0.0,0,0,6,0,0,0.0,0,10.8,1.4,1.74,Dropout,0,1,0.0,1.0,0.0,1.0,0.0,0,5.5
1,15,1,4,1,14,1,22,27,10,10,0,0,0,1,1,1,22,0,0,6,8,6,13.125,0,0,6,10,6,13.0,0,16.2,0.3,-0.92,Graduate,2,0,1.0,0.0,1.0,0.0,-0.125,0,0.88
1,12,1,4,1,1,1,1,27,5,8,0,0,0,1,1,0,31,0,0,6,15,3,14.4,0,0,6,20,0,0.0,0,16.2,0.3,-0.92,Dropout,0,1,0.5,0.5,0.0,1.0,-14.4,-3,2.8
1,9,3,16,1,1,1,23,27,6,10,1,0,0,0,1,0,19,0,0,6,10,4,12.0,0,0,6,12,0,0.0,0,10.8,1.4,1.74,Dropout,0,1,0.6666666666666666,0.33333333333333337,0.0,1.0,-12.0,-4,3.35
1,8,5,11,1,1,1,23,1,6,10,0,0,0,1,1,0,19,0,0,5,5,0,0.0,0,0,5,10,0,0.0,0,10.8,1.4,1.74,Dropout,0,1,0.0,1.0,0.0,1.0,0.0,0,5.5
1,12,1,13,1,12,1,22,27,10,11,0,0,0,1,1,0,31,0,0,7,7,0,0.0,0,0,7,7,0,0.0,0,15.5,2.8,-4.06,Dropout,0,1,0.0,1.0,0.0,1.0,0.0,0,5.5
1,3,1,9,1,1,1,13,28,6,7,1,0,0,1,0,0,19,0,0,5,15,3,10.8,0,0,5,6,3,10.5,0,13.9,-0.3,0.79,Enrolled,1,0,0.6,0.4,0.6,0.4,-0.3000000000000007,0,2.8
2,12,2,14,1,1,14,22,14,10,10,0,0,0,1,0,0,30,1,0,6,0,0,0.0,0,0,6,0,0,0.0,0,9.4,-0.8,-3.12,Dropout,0,1,0.0,1.0,0.0,1.0,0.0,0,5.5
1,16,1,12,1,1,1,22,28,4,4,1,0,0,1,0,1,20,0,2,7,7,7,16.13142857142857,0,0,8,9,8,15.52222222222222,0,11.1,0.6,2.02,Graduate,2,0,1.0,0.0,1.0,0.0,-0.6092063492063513,1,0.0
1,8,1,12,1,1,1,13,28,8,8,1,0,0,1,0,1,18,0,0,7,7,7,14.838571428571427,0,0,8,9,8,14.8,0,12.4,0.5,1.79,Graduate,2,0,1.0,0.0,1.0,0.0,-0.03857142857142648,1,0.0
4,12,1,17,0,1,1,22,27,6,6,0,0,0,1,0,0,31,0,0,5,7,3,10.333333333333334,0,0,5,6,3,12.0,0,10.8,1.4,1.74,Dropout,0,1,0.6,0.4,0.6,0.4,1.666666666666666,0,2.0
1,8,1,11,1,1,1,13,1,10,5,1,0,0,1,0,0,19,0,0,6,11,3,12.0,0,0,6,11,4,11.25,0,7.6,2.6,0.32,Dropout,0,1,0.5,0.5,0.6666666666666666,0.33333333333333337,-0.75,1,2.55
4,12,1,3,0,1,1,22,27,10,8,0,0,0,1,0,1,43,0,0,6,6,0,0.0,0,0,5,5,0,0.0,0,8.9,1.4,3.51,Dropout,0,1,0.0,1.0,0.0,1.0,0.0,0,5.5
1,8,2,11,1,1,1,23,28,10,9,1,0,0,1,0,1,20,0,0,6,6,6,13.166666666666666,0,0,6,6,6,14.0,0,13.9,-0.3,0.79,Graduate,2,0,1.0,0.0,1.0,0.0,0.8333333333333339,0,0.0
1,1,2,12,1,1,1,1,1,6,10,1,0,0,1,0,1,19,0,0,8,8,8,13.9475,0,0,8,8,8,13.9475,0,9.4,-0.8,-3.12,Graduate,2,0,1.0,0.0,1.0,0.0,0.0,0,0.0
1,1,1,14,1,1,1,3,1,2,8,0,0,0,1,0,0,22,0,0,5,6,3,11.333333333333334,0,0,5,5,0,0.0,0,9.4,-0.8,-3.12,Dropout,0,1,0.6,0.4,0.0,1.0,-11.333333333333334,-3,1.75
1,1,1,3,0,1,1,3,1,2,8,0,0,0,1,0,0,26,0,2,8,11,7,12.75,0,2,7,7,7,12.285714285714286,0,16.2,0.3,-0.92,Graduate,2,0,0.875,0.125,1.0,0.0,-0.4642857142857135,0,1.27
1,9,1,9,1,1,1,13,14,6,9,1,0,0,1,0,1,19,0,0,5,6,5,12.6,0,0,5,8,5,11.25,0,10.8,1.4,1.74,Graduate,2,0,1.0,0.0,1.0,0.0,-1.3499999999999996,0,0.58
1,4,1,12,1,3,1,13,3,5,3,1,0,0,1,0,0,29,0,0,8,8,6,12.25,1,0,8,8,6,12.25,1,12.7,3.7,-1.7,Dropout,0,1,0.75,0.25,0.75,0.25,0.0,0,1.12
1,6,1,13,1,1,12,3,14,14,29,0,0,0,1,0,0,20,1,0,7,14,0,0.0,6,0,7,12,2,11.666666666666666,0,8.9,1.4,3.51,Enrolled,1,0,0.0,1.0,0.2857142857142857,0.7142857142857143,11.666666666666666,2,7.21
4,1,1,17,0,1,1,22,27,10,8,0,0,0,1,0,1,38,0,0,5,8,5,11.0,0,0,5,7,5,11.4,0,9.4,-0.8,-3.12,Enrolled,1,0,1.0,0.0,1.0,0.0,0.40000000000000036,0,1.31
1,12,1,4,1,1,1,22,27,10,6,0,0,0,1,0,0,41,0,8,12,17,12,11.833333333333334,0,3,12,22,9,12.7,0,15.5,2.8,-4.06,Graduate,2,0,1.0,0.0,0.75,0.25,0.8666666666666654,-3,1.03
1,1,6,12,1,1,1,13,28,5,10,1,0,0,1,0,0,19,0,0,8,10,6,13.066666666666668,0,0,8,10,6,13.066666666666668,0,12.7,3.7,-1.7,Dropout,0,1,0.75,0.25,0.75,0.25,0.0,0,1.4
1,1,1,5,1,1,1,1,28,5,6,0,0,1,1,0,0,19,0,0,6,6,6,13.833333333333334,0,0,6,8,6,13.875,0,10.8,1.4,1.74,Graduate,2,0,1.0,0.0,1.0,0.0,0.041666666666666075,0,1.25
4,4,1,12,1,3,1,3,14,3,4,0,0,0,1,0,0,43,0,0,7,7,3,13.833333333333334,1,0,7,7,0,0.0,0,16.2,0.3,-0.92,Dropout,0,1,0.42857142857142855,0.5714285714285714,0.0,1.0,-13.833333333333334,-3,2.29
1,8,1,8,1,1,1,23,27,10,8,1,0,0,1,0,0,19,0,0,5,5,5,11.8,0,0,5,5,5,13.2,0,10.8,1.4,1.74,Graduate,2,0,1.0,0.0,1.0,0.0,1.3999999999999986,0,0.0
1,1,1,2,1,1,1,13,28,10,9,1,0,0,1,1,1,19,0,6,12,12,12,13.333333333333334,0,4,11,15,10,12.818181818181818,0,8.9,1.4,3.51,Enrolled,1,0,1.0,0.0,0.9090909090909091,0.09090909090909094,-0.5151515151515156,-2,0.0
1,1,6,12,1,1,1,2,14,4,10,1,0,0,1,1,0,18,0,0,8,8,8,13.74625,0,0,8,8,8,13.74625,0,9.4,-0.8,-3.12,Graduate,2,0,1.0,0.0,1.0,0.0,0.0,0,0.0
1,1,1,2,1,1,1,3,3,3,3,1,0,0,1,1,0,19,0,0,0,0,0,0.0,0,0,0,0,0,0.0,0,16.2,0.3,-0.92,Dropout,0,1,0.0,1.0,0.0,1.0,0.0,0,5.5
2,12,1,3,0,12,1,19,24,1,1,0,0,0,1,1,0,38,0,0,6,0,0,0.0,0,0,6,0,0,0.0,0,9.4,-0.8,-3.12,Dropout,0,1,0.0,1.0,0.0,1.0,0.0,0,5.5
2,4,1,8,1,2,1,13,14,5,9,1,0,0,1,1,0,37,0,0,6,9,0,0.0,0,0,6,6,0,0.0,0,16.2,0.3,-0.92,Dropout,0,1,0.0,1.0,0.0,1.0,0.0,0,5.5
1,12,1,14,1,1,1,1,14,5,11,1,0,0,1,0,1,26,0,0,6,6,6,13.333333333333334,0,0,6,10,5,14.5,0,10.8,1.4,1.74,Graduate,2,0,1.0,0.0,0.8333333333333334,0.16666666666666663,1.166666666666666,-1,0.0
1,8,1,10,1,1,1,22,27,10,10,1,0,0,1,0,1,21,0,0,6,8,1,10.0,0,0,6,13,5,11.4,0,12.7,3.7,-1.7,Enrolled,1,0,0.16666666666666666,0.8333333333333334,0.8333333333333334,0.16666666666666663,1.4000000000000004,4,3.06
1,1,3,6,1,1,1,1,14,10,10,1,0,0,1,0,1,18,0,0,6,7,6,15.666666666666666,0,0,6,8,6,15.285714285714286,0,8.9,1.4,3.51,Graduate,2,0,1.0,0.0,1.0,0.0,-0.3809523809523796,0,0.5
1,1,1,16,1,1,1,3,14,3,4,0,0,0,1,0,0,18,0,0,7,9,7,11.857142857142858,0,0,7,7,7,11.857142857142858,0,16.2,0.3,-0.92,Graduate,2,0,1.0,0.0,1.0,0.0,0.0,0,0.78
1,1,1,6,1,1,1,3,1,3,5,0,0,0,1,0,0,18,0,0,5,12,5,14.5,2,0,5,5,5,13.6,0,9.4,-0.8,-3.12,Graduate,2,0,1.0,0.0,1.0,0.0,-0.9000000000000004,0,2.84
1,8,1,10,1,1,1,23,1,10,5,0,0,0,1,0,0,19,0,0,6,6,6,12.166666666666666,0,0,6,7,6,13.714285714285714,0,15.5,2.8,-4.06,Graduate,2,0,1.0,0.0,1.0,0.0,1.5476190476190474,0,0.0
1,1,1,15,1,1,1,13,14,10,10,1,0,0,1,0,0,18,0,0,6,6,5,12.6,0,0,6,8,6,12.0,0,11.1,0.6,2.02,Graduate,2,0,0.8333333333333334,0.16666666666666663,1.0,0.0,-0.5999999999999996,1,0.58
1,8,2,12,1,1,1,2,28,4,9,1,0,0,1,0,0,18,0,0,8,12,7,12.285714285714286,0,0,8,12,7,12.285714285714286,0,12.7,3.7,-1.7,Enrolled,1,0,0.875,0.125,0.875,0.125,0.0,0,1.46
1,8,1,10,1,1,1,23,28,29,44,0,0,1,1,0,1,19,0,0,6,6,6,12.666666666666666,0,0,6,7,6,13.0,0,8.9,1.4,3.51,Graduate,2,0,1.0,0.0,1.0,0.0,0.3333333333333339,0,1.25
1,1,1,12,1,1,1,13,28,8,9,0,0,0,1,0,0,19,0,0,7,0,0,0.0,0,0,8,0,0,0.0,0,16.2,0.3,-0.92,Dropout,0,1,0.0,1.0,0.0,1.0,0.0,0,5.5
1,1,1,11,1,1,1,13,1,10,9,1,0,0,1,0,1,18,0,0,6,7,6,12.857142857142858,0,0,6,10,4,13.0,0,12.7,3.7,-1.7,Graduate,2,0,1.0,0.0,0.6666666666666666,0.33333333333333337,0.14285714285714235,-2,0.5
2,1,1,12,1,1,1,1,1,10,11,0,0,0,1,0,0,18,0,0,8,8,7,13.9,0,0,8,8,7,13.9,0,12.7,3.7,-1.7,Graduate,2,0,0.875,0.125,0.875,0.125,0.0,0,0.44
1,1,1,12,1,1,1,23,27,10,8,1,0,0,1,0,1,20,0,0,8,8,7,13.817142857142857,0,0,8,8,7,13.817142857142857,0,10.8,1.4,1.74,Graduate,2,0,0.875,0.125,0.875,0.125,0.0,0,0.44
1,17,1,13,1,16,1,1,14,5,6,0,0,0,1,0,1,22,0,1,7,10,6,13.314285714285717,0,2,8,10,7,12.875,0,8.9,1.4,3.51,Graduate,2,0,0.8571428571428571,0.1428571428571429,0.875,0.125,-0.4392857142857167,1,1.4
1,1,1,8,1,1,1,19,1,1,1,0,0,0,1,0,0,18,0,0,6,0,0,0.0,0,0,6,0,0,0.0,0,7.6,2.6,0.32,Dropout,0,1,0.0,1.0,0.0,1.0,0.0,0,5.5
1,8,4,11,1,1,1,23,14,8,8,1,0,0,1,0,1,19,0,0,6,6,6,12.166666666666666,0,0,6,6,6,12.166666666666666,0,12.4,0.5,1.79,Graduate,2,0,1.0,0.0,1.0,0.0,0.0,0,0.0
1,1,1,11,1,1,1,22,27,10,10,1,0,0,0,0,1,20,0,0,6,12,4,11.25,0,0,6,12,3,11.333333333333334,0,7.6,2.6,0.32,Dropout,0,1,0.6666666666666666,0.33333333333333337,0.5,0.5,0.08333333333333393,-1,3.58
1,14,1,5,1,1,1,2,3,4,3,0,0,0,1,0,0,19,0,1,6,6,5,12.4,0,0,6,8,6,12.75,0,10.8,1.4,1.74,Enrolled,1,0,0.8333333333333334,0.16666666666666663,1.0,0.0,0.34999999999999964,1,0.58
1,1,2,15,1,1,1,22,27,6,6,1,1,0,1,0,1,20,0,0,6,6,6,14.666666666666666,0,0,6,7,6,14.571428571428571,0,8.9,1.4,3.51,Graduate,2,0,1.0,0.0,1.0,0.0,-0.0952380952380949,0,0.0
1,12,1,6,1,1,1,3,14,3,10,0,0,0,1,0,0,28,0,0,6,15,4,12.0,0,0,6,14,4,12.0,0,11.1,0.6,2.02,Dropout,0,1,0.6666666666666666,0.33333333333333337,0.6666666666666666,0.33333333333333337,0.0,0,2.57
1,1,2,6,1,1,1,1,1,31,14,0,0,0,1,0,0,19,0,0,6,8,6,14.0,0,0,6,18,3,12.666666666666666,0,12.4,0.5,1.79,Graduate,2,0,1.0,0.0,0.5,0.5,-1.333333333333334,-3,0.88
1,13,1,4,1,14,1,13,1,6,6,0,0,0,1,0,0,22,0,0,6,10,6,12.571428571428571,0,0,6,12,4,13.666666666666666,0,15.5,2.8,-4.06,Enrolled,1,0,1.0,0.0,0.6666666666666666,0.33333333333333337,1.095238095238095,-2,1.4
1,1,1,6,1,1,1,1,3,10,2,1,0,0,1,0,0,19,0,1,6,14,6,15.538461538461538,0,0,6,9,6,12.625,0,15.5,2.8,-4.06,Graduate,2,0,1.0,0.0,1.0,0.0,-2.9134615384615383,0,2.0
1,1,3,15,1,1,1,13,14,6,6,1,0,0,0,0,0,18,0,0,6,0,0,0.0,0,0,6,0,0,0.0,0,13.9,-0.3,0.79,Dropout,0,1,0.0,1.0,0.0,1.0,0.0,0,6.75
1,3,1,8,1,1,1,5,33,3,3,1,0,0,1,0,0,18,0,0,6,6,6,15.0,0,0,6,6,6,14.833333333333334,0,8.9,1.4,3.51,Graduate,2,0,1.0,0.0,1.0,0.0,-0.16666666666666607,0,0.0
1,14,1,8,1,1,1,2,1,3,4,1,0,0,1,0,0,22,0,0,5,11,4,12.25,0,0,5,9,5,13.285714285714286,0,12.7,3.7,-1.7,Graduate,2,0,0.8,0.19999999999999996,1.0,0.0,1.0357142857142865,1,2.23
1,17,1,6,1,16,1,1,14,5,8,0,0,0,1,0,0,20,0,7,11,13,11,15.692307692307692,0,4,9,9,9,15.555555555555555,0,8.9,1.4,3.51,Graduate,2,0,1.0,0.0,1.0,0.0,-0.13675213675213627,-2,0.54
1,12,1,17,0,1,1,1,27,10,8,0,0,0,1,0,1,24,0,0,5,7,5,12.285714285714286,0,0,5,9,5,12.75,1,16.2,0.3,-0.92,Graduate,2,0,1.0,0.0,1.0,0.0,0.4642857142857135,0,1.0
1,8,1,2,1,1,1,1,28,10,10,1,0,1,1,0,0,22,0,12,17,19,12,11.833333333333334,0,10,17,22,11,11.25,0,11.1,0.6,2.02,Enrolled,1,0,0.7058823529411765,0.2941176470588235,0.6470588235294118,0.3529411764705882,-0.5833333333333339,-1,2.54
1,14,1,3,0,1,1,23,14,6,5,0,0,0,1,0,0,20,0,2,6,6,6,12.166666666666666,0,0,6,7,5,14.0,0,12.7,3.7,-1.7,Enrolled,1,0,1.0,0.0,0.8333333333333334,0.16666666666666663,1.833333333333334,-1,0.0
1,1,1,13,1,1,1,13,28,10,10,1,0,0,1,0,1,20,0,0,7,10,7,11.88888888888889,0,0,8,10,8,11.95625,0,12.7,3.7,-1.7,Graduate,2,0,1.0,0.0,1.0,0.0,0.06736111111111143,1,1.05
2,4,1,3,0,3,1,23,1,10,10,0,0,0,0,0,0,35,0,0,6,0,0,0.0,0,0,6,0,0,0.0,0,10.8,1.4,1.74,Dropout,0,1,0.0,1.0,0.0,1.0,0.0,0,6.75
1,1,1,14,1,1,1,1,1,6,8,0,0,0,1,0,1,18,0,0,5,6,5,11.8,0,0,5,5,5,12.6,0,9.4,-0.8,-3.12,Graduate,2,0,1.0,0.0,1.0,0.0,0.7999999999999989,0,0.58
1,8,2,10,1,1,1,2,3,4,4,1,0,0,1,0,0,19,0,0,6,7,6,11.166666666666666,0,0,6,9,6,11.666666666666666,0,9.4,-0.8,-3.12,Graduate,2,0,1.0,0.0,1.0,0.0,0.5,0,0.5
1,9,1,12,1,1,1,3,3,4,4,0,0,0,1,0,0,18,0,0,7,7,7,14.05714285714286,0,0,8,9,8,14.6,0,16.2,0.3,-0.92,Graduate,2,0,1.0,0.0,1.0,0.0,0.5428571428571392,1,0.0
1,1,2,11,1,1,1,1,28,5,10,1,0,0,1,0,0,18,0,0,6,10,4,11.75,0,0,6,13,4,10.0,0,7.6,2.6,0.32,Dropout,0,1,0.6666666666666666,0.33333333333333337,0.6666666666666666,0.33333333333333337,-1.75,0,2.1
2,12,1,10,1,12,1,1,2,5,7,0,0,0,1,0,0,31,0,0,6,6,6,13.166666666666666,0,0,6,8,6,13.0,0,9.4,-0.8,-3.12,Enrolled,1,0,1.0,0.0,1.0,0.0,-0.16666666666666607,0,0.0
1,8,1,10,1,1,1,13,14,6,8,0,0,0,1,0,1,19,0,0,6,7,6,13.5,0,0,6,7,6,14.0,0,15.5,2.8,-4.06,Graduate,2,0,1.0,0.0,1.0,0.0,0.5,0,0.5
1,9,1,12,1,1,1,23,27,5,10,1,0,0,1,0,1,20,0,0,7,10,7,12.625,0,0,8,8,8,13.0625,0,15.5,2.8,-4.06,Graduate,2,0,1.0,0.0,1.0,0.0,0.4375,1,1.05
1,8,3,6,1,1,1,13,28,6,8,0,0,0,1,0,0,21,0,0,6,0,0,0.0,0,0,6,0,0,0.0,0,15.5,2.8,-4.06,Dropout,0,1,0.0,1.0,0.0,1.0,0.0,0,5.5
1,1,3,12,1,1,1,13,28,10,8,1,0,0,1,0,1,18,0,0,8,8,7,13.971428571428572,0,0,8,8,7,13.971428571428572,0,12.7,3.7,-1.7,Graduate,2,0,0.875,0.125,0.875,0.125,0.0,0,0.44
1,1,5,5,1,1,1,19,1,6,8,1,0,0,1,0,0,18,0,0,6,7,2,11.0,0,0,6,0,0,0.0,0,9.4,-0.8,-3.12,Dropout,0,1,0.3333333333333333,0.6666666666666667,0.0,1.0,-11.0,-2,2.5
2,12,1,17,0,1,1,23,14,5,9,0,0,0,1,0,0,33,0,0,5,5,5,12.8,0,0,5,6,5,15.333333333333334,0,10.8,1.4,1.74,Graduate,2,0,1.0,0.0,1.0,0.0,2.533333333333333,0,0.0
1,1,2,14,1,1,1,22,27,10,8,1,0,0,1,0,1,18,0,0,6,8,6,13.571428571428571,0,0,6,6,5,12.8,0,12.4,0.5,1.79,Enrolled,1,0,1.0,0.0,0.8333333333333334,0.16666666666666663,-0.7714285714285705,-1,0.88
1,1,1,2,1,1,1,22,27,8,10,1,0,0,0,0,1,18,0,0,0,0,0,0.0,0,0,0,0,0,0.0,0,12.7,3.7,-1.7,Dropout,0,1,0.0,1.0,0.0,1.0,0.0,0,6.75
1,1,1,6,1,1,1,22,27,10,7,0,0,1,1,0,0,21,0,0,5,9,2,11.5,0,0,5,13,4,11.0,1,10.8,1.4,1.74,Enrolled,1,0,0.4,0.6,0.8,0.19999999999999996,-0.5,2,3.97
1,8,3,11,1,1,1,22,14,6,6,1,0,0,1,0,0,19,0,0,6,8,4,11.25,0,0,6,8,4,12.0,0,10.8,1.4,1.74,Enrolled,1,0,0.6666666666666666,0.33333333333333337,0.6666666666666666,0.33333333333333337,0.75,0,1.75
1,4,1,17,0,3,1,3,14,3,4,0,0,0,1,0,0,28,0,0,5,7,5,13.714285714285714,0,0,5,7,5,13.142857142857142,0,16.2,0.3,-0.92,Graduate,2,0,1.0,0.0,1.0,0.0,-0.5714285714285712,0,1.0
2,12,1,9,1,1,1,1,14,10,10,0,0,0,0,0,0,29,0,0,4,4,0,0.0,0,0,5,0,0,0.0,0,12.7,3.7,-1.7,Dropout,0,1,0.0,1.0,0.0,1.0,0.0,0,6.75
1,15,1,8,1,14,1,1,27,4,4,1,0,1,0,0,0,36,0,2,6,9,6,12.0,0,1,6,8,3,14.666666666666666,0,12.4,0.5,1.79,Dropout,0,1,1.0,0.0,0.5,0.5,2.666666666666666,-3,3.67
1,12,1,3,0,12,1,22,27,10,8,0,0,0,1,0,1,32,0,0,6,7,6,12.666666666666666,0,0,6,7,6,13.333333333333334,0,12.7,3.7,-1.7,Graduate,2,0,1.0,0.0,1.0,0.0,0.6666666666666679,0,0.5
1,12,1,12,1,1,1,23,27,6,8,1,0,0,1,0,1,25,0,0,8,11,7,13.29,3,0,8,11,7,13.29,3,9.4,-0.8,-3.12,Enrolled,1,0,0.875,0.125,0.875,0.125,0.0,0,2.02
2,14,1,17,0,1,1,22,27,4,11,0,0,0,1,0,0,33,0,8,10,15,8,10.375,0,7,10,13,9,10.444444444444445,0,7.6,2.6,0.32,Enrolled,1,0,0.8,0.19999999999999996,0.9,0.09999999999999998,0.06944444444444464,1,1.63
2,14,1,3,0,10,1,19,24,1,1,0,0,0,0,0,0,34,0,3,7,13,3,12.0,0,2,7,15,1,13.0,1,9.4,-0.8,-3.12,Dropout,0,1,0.42857142857142855,0.5714285714285714,0.14285714285714285,0.8571428571428572,1.0,-2,3.94
2,12,1,3,0,1,1,19,24,1,1,0,0,0,1,0,0,33,0,0,6,10,5,11.4,0,1,6,7,6,11.166666666666666,0,7.6,2.6,0.32,Graduate,2,0,0.8333333333333334,0.16666666666666663,1.0,0.0,-0.23333333333333428,1,1.75
1,14,1,17,0,1,1,22,28,10,9,0,0,1,0,0,0,29,0,0,5,15,2,13.25,0,0,5,12,3,12.6,3,16.2,0.3,-0.92,Dropout,0,1,0.4,0.6,0.6,0.4,-0.6500000000000004,1,5.53
1,1,1,12,1,1,1,1,1,5,11,0,0,0,1,0,0,18,0,0,7,7,6,13.861666666666666,0,0,8,16,0,0.0,1,12.4,0.5,1.79,Dropout,0,1,0.8571428571428571,0.1428571428571429,0.0,1.0,-13.861666666666666,-6,0.5
1,1,1,15,1,1,1,22,28,8,8,0,0,0,1,0,1,18,0,0,6,6,6,12.166666666666666,0,0,6,7,6,12.142857142857142,0,15.5,2.8,-4.06,Graduate,2,0,1.0,0.0,1.0,0.0,-0.023809523809523725,0,0.0
2,4,1,10,1,3,1,22,14,5,6,0,0,0,1,0,0,38,0,0,6,17,4,13.75,0,0,6,15,6,14.5,0,16.2,0.3,-0.92,Graduate,2,0,0.6666666666666666,0.33333333333333337,1.0,0.0,0.75,2,2.68
1,1,4,12,1,1,1,23,27,10,9,1,0,0,1,0,1,19,0,0,7,7,6,15.433333333333332,0,0,7,7,6,15.433333333333332,0,7.6,2.6,0.32,Graduate,2,0,0.8571428571428571,0.1428571428571429,0.8571428571428571,0.1428571428571429,0.0,0,0.5
4,12,1,3,0,12,1,22,27,10,10,0,0,0,1,0,1,39,0,0,6,6,6,13.833333333333334,0,0,6,6,6,15.5,0,11.1,0.6,2.02,Graduate,2,0,1.0,0.0,1.0,0.0,1.666666666666666,0,0.0
1,14,1,17,0,3,1,22,27,10,10,0,0,0,1,0,0,37,0,7,14,21,12,11.833333333333334,0,11,12,15,11,11.363636363636363,0,12.7,3.7,-1.7,Graduate,2,0,0.8571428571428571,0.1428571428571429,0.9166666666666666,0.08333333333333337,-0.4696969696969706,-1,1.5
1,8,2,13,1,1,1,22,27,6,6,1,0,0,1,0,0,32,0,0,7,7,0,0.0,0,0,8,8,0,0.0,0,16.2,0.3,-0.92,Dropout,0,1,0.0,1.0,0.0,1.0,0.0,0,5.5
1,9,1,10,1,1,1,23,24,5,1,0,0,0,1,0,0,18,0,0,1,1,0,0.0,1,0,6,0,0,0.0,0,10.8,1.4,1.74,Dropout,0,1,0.0,1.0,0.0,1.0,0.0,0,7.5
1,14,1,13,1,1,1,1,1,5,9,1,1,0,1,0,0,20,0,1,7,9,7,12.333333333333334,0,0,8,8,8,12.625,0,12.7,3.7,-1.7,Enrolled,1,0,1.0,0.0,1.0,0.0,0.2916666666666661,1,0.78
1,1,5,5,1,1,1,22,27,10,10,1,0,0,1,0,0,20,0,0,6,6,6,11.166666666666666,0,0,6,6,6,12.166666666666666,0,7.6,2.6,0.32,Graduate,2,0,1.0,0.0,1.0,0.0,1.0,0,0.0
1,8,1,6,1,1,1,22,27,10,10,1,0,0,1,0,1,23,0,0,6,6,6,14.666666666666666,0,0,6,8,6,12.428571428571429,0,8.9,1.4,3.51,Graduate,2,0,1.0,0.0,1.0,0.0,-2.2380952380952372,0,0.0
1,1,2,9,1,1,1,1,14,5,10,1,0,0,1,0,0,19,0,0,5,5,5,11.2,0,0,5,11,4,11.75,0,10.8,1.4,1.74,Enrolled,1,0,1.0,0.0,0.8,0.19999999999999996,0.5500000000000007,-1,0.0
1,1,1,10,1,1,1,22,28,10,11,0,0,0,1,0,0,18,0,0,6,9,6,13.714285714285714,0,0,6,6,6,14.166666666666666,0,13.9,-0.3,0.79,Graduate,2,0,1.0,0.0,1.0,0.0,0.45238095238095255,0,1.17
1,1,1,9,1,1,1,23,14,10,10,1,0,0,1,1,0,19,0,0,5,5,5,12.8,0,0,5,10,5,11.444444444444445,0,10.8,1.4,1.74,Graduate,2,0,1.0,0.0,1.0,0.0,-1.355555555555556,0,0.0
1,8,4,15,1,1,1,1,28,6,8,1,0,0,1,0,0,20,0,0,6,9,4,13.25,0,0,6,11,5,11.8,0,12.4,0.5,1.79,Graduate,2,0,0.6666666666666666,0.33333333333333337,0.8333333333333334,0.16666666666666663,-1.4499999999999993,1,1.94
1,1,6,12,1,1,1,22,14,10,8,1,0,0,1,0,0,19,0,0,8,10,6,13.78,1,0,8,10,6,13.78,1,9.4,-0.8,-3.12,Dropout,0,1,0.75,0.25,0.75,0.25,0.0,0,1.65
1,8,3,12,1,1,1,22,28,5,6,1,0,0,1,0,0,19,0,0,8,8,7,15.11,0,0,8,8,7,15.11,0,10.8,1.4,1.74,Graduate,2,0,0.875,0.125,0.875,0.125,0.0,0,0.44
1,1,2,10,1,1,1,1,14,5,6,0,0,0,1,0,0,18,0,0,6,10,4,11.0,0,0,6,8,5,11.2,0,10.8,1.4,1.74,Graduate,2,0,0.6666666666666666,0.33333333333333337,0.8333333333333334,0.16666666666666663,0.1999999999999993,1,2.1
1,1,1,12,1,1,1,23,14,10,6,1,0,0,1,0,1,20,0,0,8,8,7,15.798571428571426,0,0,8,8,7,15.798571428571426,0,10.8,1.4,1.74,Graduate,2,0,0.875,0.125,0.875,0.125,0.0,0,0.44
1,1,3,12,1,1,1,13,27,10,10,1,0,0,1,0,0,20,0,0,7,7,7,13.775714285714288,0,0,8,8,8,15.599999999999998,0,12.4,0.5,1.79,Graduate,2,0,1.0,0.0,1.0,0.0,1.8242857142857094,1,0.0
4,12,1,12,1,1,1,23,27,8,8,1,0,0,1,0,0,24,0,0,8,11,7,12.16,0,0,8,11,7,12.16,0,10.8,1.4,1.74,Graduate,2,0,0.875,0.125,0.875,0.125,0.0,0,1.27
4,12,2,13,1,1,1,23,27,8,8,1,0,0,1,0,0,24,0,0,7,0,0,0.0,0,0,7,0,0,0.0,0,10.8,1.4,1.74,Dropout,0,1,0.0,1.0,0.0,1.0,0.0,0,5.5
1,8,2,15,1,1,1,2,1,3,8,1,0,0,1,0,0,20,0,0,6,6,6,14.333333333333334,0,0,6,6,6,15.5,0,12.4,0.5,1.79,Graduate,2,0,1.0,0.0,1.0,0.0,1.166666666666666,0,0.0
1,1,3,5,1,1,1,13,14,4,4,1,0,0,1,0,0,20,0,0,6,6,6,11.833333333333334,0,0,6,6,3,13.333333333333334,0,9.4,-0.8,-3.12,Enrolled,1,0,1.0,0.0,0.5,0.5,1.5,-3,0.0
1,1,1,6,1,1,1,23,27,4,10,1,0,0,0,0,0,18,0,0,6,7,6,14.833333333333334,0,0,6,8,6,12.5,0,8.9,1.4,3.51,Enrolled,1,0,1.0,0.0,1.0,0.0,-2.333333333333334,0,1.75
1,1,1,12,1,1,1,1,27,10,10,0,0,0,1,0,0,18,0,0,8,8,7,14.2,0,0,8,8,7,14.2,0,12.7,3.7,-1.7,Graduate,2,0,0.875,0.125,0.875,0.125,0.0,0,0.44
1,1,1,6,1,1,1,2,1,5,4,1,0,0,1,0,0,21,0,0,5,6,5,12.2,0,0,5,5,5,13.2,0,10.8,1.4,1.74,Graduate,2,0,1.0,0.0,1.0,0.0,1.0,0,0.58
1,8,1,16,1,1,1,1,28,5,11,1,0,0,1,0,0,18,0,0,6,10,4,13.0,0,0,6,9,5,13.666666666666666,0,9.4,-0.8,-3.12,Graduate,2,0,0.6666666666666666,0.33333333333333337,0.8333333333333334,0.16666666666666663,0.6666666666666661,1,2.1
1,8,5,12,1,1,1,13,1,6,4,1,0,0,1,0,1,19,0,0,8,8,7,12.485714285714286,0,0,8,8,7,12.485714285714286,0,12.7,3.7,-1.7,Graduate,2,0,0.875,0.125,0.875,0.125,0.0,0,0.44
1,4,1,6,1,15,1,1,1,5,5,1,0,0,1,0,0,22,0,0,6,7,6,17.0,0,0,6,7,6,16.285714285714285,0,11.1,0.6,2.02,Graduate,2,0,1.0,0.0,1.0,0.0,-0.7142857142857153,0,0.5
1,8,3,10,1,1,1,13,14,8,8,1,0,0,1,0,0,19,0,0,6,7,5,10.8,0,0,6,9,6,10.166666666666666,0,8.9,1.4,3.51,Graduate,2,0,0.8333333333333334,0.16666666666666663,1.0,0.0,-0.6333333333333346,1,1.0
1,1,3,12,1,1,3,22,27,10,10,1,0,0,1,0,0,18,1,0,7,7,6,14.716666666666669,0,0,7,7,6,14.716666666666669,0,7.6,2.6,0.32,Graduate,2,0,0.8571428571428571,0.1428571428571429,0.8571428571428571,0.1428571428571429,0.0,0,0.5
1,1,1,6,1,1,1,22,14,10,6,1,0,0,1,0,1,19,0,0,5,10,2,13.5,0,0,5,11,5,11.4,1,10.8,1.4,1.74,Enrolled,1,0,0.4,0.6,1.0,0.0,-2.0999999999999996,3,2.8
1,14,1,12,1,1,1,23,14,6,6,1,0,0,1,0,1,24,0,0,8,8,7,11.971428571428572,0,0,8,8,7,11.971428571428572,0,12.7,3.7,-1.7,Enrolled,1,0,0.875,0.125,0.875,0.125,0.0,0,0.44
1,1,3,6,1,1,1,23,14,10,6,0,0,0,1,0,0,19,0,0,5,7,3,12.0,0,0,5,7,4,13.5,0,7.6,2.6,0.32,Enrolled,1,0,0.6,0.4,0.8,0.19999999999999996,1.5,1,2.0
1,1,1,3,0,1,1,23,28,6,3,0,0,0,1,0,0,34,0,0,6,7,6,12.333333333333334,0,0,6,6,6,11.666666666666666,0,10.8,1.4,1.74,Graduate,2,0,1.0,0.0,1.0,0.0,-0.6666666666666679,0,0.5
1,8,5,6,1,1,1,23,28,10,10,1,0,0,1,0,0,19,0,0,12,22,6,15.307692307692308,0,0,10,13,6,13.875,0,15.5,2.8,-4.06,Graduate,2,0,0.5,0.5,0.6,0.4,-1.4326923076923084,0,2.55
1,1,1,12,1,1,1,22,27,8,10,1,0,0,1,0,1,18,0,0,7,7,6,12.666666666666666,0,0,7,7,6,12.666666666666666,0,7.6,2.6,0.32,Graduate,2,0,0.8571428571428571,0.1428571428571429,0.8571428571428571,0.1428571428571429,0.0,0,0.5
1,1,5,12,1,1,1,22,27,10,6,1,0,0,1,0,1,19,0,0,7,10,7,14.368,0,0,8,8,8,14.44875,0,15.5,2.8,-4.06,Graduate,2,0,1.0,0.0,1.0,0.0,0.0807500000000001,1,1.05
1,12,1,12,1,1,1,13,1,2,2,0,0,0,1,0,0,25,0,0,8,8,7,12.084285714285716,0,0,8,8,7,12.084285714285716,0,10.8,1.4,1.74,Graduate,2,0,0.875,0.125,0.875,0.125,0.0,0,0.44
1,15,1,6,1,14,1,3,28,3,10,1,0,0,1,0,0,21,0,7,12,18,8,12.25,0,4,12,27,8,12.2,0,12.4,0.5,1.79,Enrolled,1,0,0.6666666666666666,0.33333333333333337,0.6666666666666666,0.33333333333333337,-0.05000000000000071,0,1.94
1,1,1,11,1,1,1,22,27,8,8,0,0,0,1,0,0,18,0,0,6,10,5,12.2,0,0,6,10,5,11.6,0,16.2,0.3,-0.92,Enrolled,1,0,0.8333333333333334,0.16666666666666663,0.8333333333333334,0.16666666666666663,-0.5999999999999996,0,1.75
1,1,1,10,1,1,1,19,28,5,8,0,0,0,1,0,1,18,0,0,6,12,4,11.0,0,0,6,9,6,11.5,0,9.4,-0.8,-3.12,Graduate,2,0,0.6666666666666666,0.33333333333333337,1.0,0.0,0.5,2,2.33
1,1,1,3,0,1,1,23,28,10,8,1,0,0,1,0,0,28,0,0,6,8,5,12.8,0,0,6,8,5,11.0,0,9.4,-0.8,-3.12,Graduate,2,0,0.8333333333333334,0.16666666666666663,0.8333333333333334,0.16666666666666663,-1.8000000000000007,0,1.31
5,14,1,12,1,1,1,1,28,6,6,0,0,0,1,0,1,18,0,0,8,8,7,11.857142857142858,0,0,8,8,7,11.857142857142858,0,12.7,3.7,-1.7,Graduate,2,0,0.875,0.125,0.875,0.125,0.0,0,0.44
2,12,1,11,1,1,1,22,27,10,10,0,0,0,1,0,0,41,0,0,6,8,6,12.285714285714286,0,0,6,10,5,13.0,0,8.9,1.4,3.51,Graduate,2,0,1.0,0.0,0.8333333333333334,0.16666666666666663,0.7142857142857135,-1,0.88
1,8,2,16,1,1,1,22,27,6,1,0,0,0,1,0,0,18,0,0,6,11,3,12.333333333333334,0,0,6,11,4,13.5,0,7.6,2.6,0.32,Dropout,0,1,0.5,0.5,0.6666666666666666,0.33333333333333337,1.166666666666666,1,2.55
1,8,1,10,1,1,1,23,14,8,8,0,0,0,1,0,1,21,0,0,6,11,4,11.25,0,0,6,12,4,11.4,0,15.5,2.8,-4.06,Graduate,2,0,0.6666666666666666,0.33333333333333337,0.6666666666666666,0.33333333333333337,0.15000000000000036,0,2.23
4,4,1,10,1,15,1,19,24,13,13,0,0,1,1,0,0,41,0,0,6,0,0,0.0,0,0,6,0,0,0.0,0,11.1,0.6,2.02,Dropout,0,1,0.0,1.0,0.0,1.0,0.0,0,6.75
1,4,1,5,1,3,1,3,5,3,3,1,0,0,1,0,0,32,0,0,3,3,2,16.0,0,0,3,3,1,16.0,0,7.6,2.6,0.32,Dropout,0,1,0.6666666666666666,0.33333333333333337,0.3333333333333333,0.6666666666666667,0.0,-1,1.17
1,14,1,3,0,9,1,19,24,1,13,0,0,0,1,0,0,29,0,0,6,10,6,11.666666666666666,0,0,6,7,6,11.0,0,7.6,2.6,0.32,Graduate,2,0,1.0,0.0,1.0,0.0,-0.6666666666666661,0,1.4
1,12,1,13,1,1,1,13,28,10,9,0,0,0,1,0,0,24,0,0,7,15,5,12.4,0,0,8,14,7,12.15,0,12.4,0.5,1.79,Enrolled,1,0,0.7142857142857143,0.2857142857142857,0.875,0.125,-0.25,2,2.33
1,14,1,13,1,1,1,23,28,8,9,1,0,0,1,0,0,22,0,0,7,14,6,10.744444444444444,1,0,8,10,8,11.8375,0,12.7,3.7,-1.7,Enrolled,1,0,0.8571428571428571,0.1428571428571429,1.0,0.0,1.0930555555555568,2,2.29
1,1,1,10,1,1,1,13,1,2,4,0,0,0,1,0,0,21,0,0,6,0,0,0.0,0,0,6,0,0,0.0,0,15.5,2.8,-4.06,Dropout,0,1,0.0,1.0,0.0,1.0,0.0,0,5.5
2,12,1,12,1,12,1,22,28,10,11,1,0,0,1,0,0,39,0,0,7,12,4,12.0,0,0,7,13,4,12.5625,0,11.1,0.6,2.02,Dropout,0,1,0.5714285714285714,0.4285714285714286,0.5714285714285714,0.4285714285714286,0.5625,0,2.33
4,12,1,6,1,1,1,22,27,10,10,0,0,0,0,0,1,44,0,0,6,12,4,12.75,0,0,6,15,2,10.0,0,8.9,1.4,3.51,Enrolled,1,0,0.6666666666666666,0.33333333333333337,0.3333333333333333,0.6666666666666667,-2.75,-2,3.58
1,1,1,9,1,1,1,22,27,10,10,1,0,0,1,0,0,20,0,0,5,9,2,10.0,0,0,5,10,2,11.0,0,7.6,2.6,0.32,Enrolled,1,0,0.4,0.6,0.4,0.6,1.0,0,2.72
1,14,3,12,1,1,1,23,27,10,9,0,0,0,1,0,0,21,0,11,14,26,12,13.417391304347827,1,11,14,26,12,13.417391304347827,1,7.6,2.6,0.32,Graduate,2,0,0.8571428571428571,0.1428571428571429,0.8571428571428571,0.1428571428571429,0.0,0,2.03
1,1,1,15,1,1,1,19,18,1,7,1,0,0,1,0,0,18,0,0,6,6,6,15.166666666666666,0,0,6,7,6,14.857142857142858,0,7.6,2.6,0.32,Graduate,2,0,1.0,0.0,1.0,0.0,-0.3095238095238084,0,0.0
1,12,1,4,1,1,1,22,27,6,6,0,0,1,1,0,0,34,0,0,6,10,5,13.833333333333334,0,0,6,13,5,12.5,0,16.2,0.3,-0.92,Graduate,2,0,0.8333333333333334,0.16666666666666663,0.8333333333333334,0.16666666666666663,-1.333333333333334,0,3.0
1,1,3,6,1,1,1,8,14,12,12,1,0,0,1,0,0,18,0,0,5,6,5,13.333333333333334,0,0,5,7,4,14.8,0,7.6,2.6,0.32,Graduate,2,0,1.0,0.0,0.8,0.19999999999999996,1.4666666666666668,-1,0.58
1,1,1,2,1,1,1,13,4,10,3,1,0,1,1,0,0,19,0,0,0,0,0,0.0,0,0,0,0,0,0.0,0,12.7,3.7,-1.7,Enrolled,1,0,0.0,1.0,0.0,1.0,0.0,0,6.75
1,1,1,16,1,1,1,22,14,7,8,1,0,0,1,0,0,18,0,0,6,11,3,11.666666666666666,0,0,6,11,3,10.666666666666666,0,9.4,-0.8,-3.12,Dropout,0,1,0.5,0.5,0.5,0.5,-1.0,0,2.55
1,1,5,6,1,1,1,3,14,3,4,1,0,0,1,0,0,19,0,0,6,12,5,15.0,0,0,6,9,6,13.428571428571429,0,16.2,0.3,-0.92,Graduate,2,0,0.8333333333333334,0.16666666666666663,1.0,0.0,-1.5714285714285712,1,2.04
1,1,3,12,1,1,1,22,27,10,10,1,0,0,1,0,1,18,0,0,8,8,7,13.242857142857144,0,0,8,8,7,13.242857142857144,0,12.7,3.7,-1.7,Enrolled,1,0,0.875,0.125,0.875,0.125,0.0,0,0.44
1,1,5,8,1,1,1,3,1,3,10,1,0,0,1,0,0,19,0,0,5,13,1,13.0,0,0,5,7,2,12.5,0,12.7,3.7,-1.7,Dropout,0,1,0.2,0.8,0.4,0.6,-0.5,1,3.23
1,1,2,12,1,1,1,3,27,5,8,1,0,0,1,0,1,19,0,0,7,8,6,13.075,0,0,8,10,7,12.05,0,12.4,0.5,1.79,Graduate,2,0,0.8571428571428571,0.1428571428571429,0.875,0.125,-1.0249999999999986,1,0.88
1,1,1,14,1,1,1,13,14,6,10,1,0,0,1,0,1,18,0,0,6,6,6,13.5,0,0,6,9,6,13.666666666666666,0,10.8,1.4,1.74,Graduate,2,0,1.0,0.0,1.0,0.0,0.16666666666666607,0,0.0
1,15,1,17,0,14,1,22,27,8,8,1,0,0,1,0,1,23,0,2,6,8,5,11.8,0,2,6,8,6,12.333333333333334,0,9.4,-0.8,-3.12,Graduate,2,0,0.8333333333333334,0.16666666666666663,1.0,0.0,0.5333333333333332,1,1.31
1,8,2,11,1,1,9,13,27,10,10,1,0,0,0,0,0,18,1,0,6,7,5,12.6,0,0,6,6,5,11.8,0,11.1,0.6,2.02,Enrolled,1,0,0.8333333333333334,0.16666666666666663,0.8333333333333334,0.16666666666666663,-0.7999999999999989,0,2.25
4,14,1,16,1,1,16,13,16,12,12,0,0,0,1,0,0,33,1,0,6,6,6,12.166666666666666,0,0,6,9,3,11.0,0,7.6,2.6,0.32,Dropout,0,1,1.0,0.0,0.5,0.5,-1.166666666666666,-3,0.0
1,8,2,10,1,1,1,13,28,10,10,1,0,0,1,0,0,19,0,0,6,9,6,12.166666666666666,0,0,6,9,6,11.0,0,8.9,1.4,3.51,Graduate,2,0,1.0,0.0,1.0,0.0,-1.166666666666666,0,1.17
1,14,3,2,1,1,1,22,28,8,8,1,0,0,1,0,0,21,0,0,0,0,0,0.0,0,0,0,0,0,0.0,0,9.4,-0.8,-3.12,Dropout,0,1,0.0,1.0,0.0,1.0,0.0,0,5.5
1,1,6,12,1,1,1,13,14,10,10,0,0,0,1,0,0,18,0,0,7,7,7,13.557142857142855,0,0,8,9,8,13.2,0,12.4,0.5,1.79,Graduate,2,0,1.0,0.0,1.0,0.0,-0.3571428571428559,1,0.0
1,9,1,17,0,1,1,23,28,6,6,0,0,0,1,0,1,21,0,0,5,6,4,12.25,0,0,5,8,4,11.8,0,10.8,1.4,1.74,Enrolled,1,0,0.8,0.19999999999999996,0.8,0.19999999999999996,-0.4499999999999993,0,1.17
1,8,2,5,1,1,1,13,28,5,8,1,0,0,1,0,0,19,0,0,6,6,6,14.333333333333334,0,0,6,6,6,13.5,0,9.4,-0.8,-3.12,Graduate,2,0,1.0,0.0,1.0,0.0,-0.8333333333333339,0,0.0
1,1,2,15,1,1,1,19,28,1,6,1,0,0,1,0,0,20,0,0,6,10,4,10.5,0,0,6,8,4,11.75,0,7.6,2.6,0.32,Graduate,2,0,0.6666666666666666,0.33333333333333337,0.6666666666666666,0.33333333333333337,1.25,0,2.1
1,1,1,15,1,1,1,22,27,1,6,1,0,0,1,0,0,20,0,0,4,8,0,0.0,0,0,4,8,0,0.0,0,7.6,2.6,0.32,Dropout,0,1,0.0,1.0,0.0,1.0,0.0,0,5.5
1,9,5,16,1,1,1,13,27,8,8,1,0,0,1,0,0,20,0,0,6,10,4,12.75,0,0,6,14,3,11.333333333333334,0,10.8,1.4,1.74,Enrolled,1,0,0.6666666666666666,0.33333333333333337,0.5,0.5,-1.416666666666666,-1,2.1
1,1,1,10,1,1,1,23,28,5,8,1,0,0,1,0,1,18,0,0,6,14,0,0.0,0,0,6,9,4,11.0,0,7.6,2.6,0.32,Enrolled,1,0,0.0,1.0,0.6666666666666666,0.33333333333333337,11.0,4,5.5
1,14,2,9,1,1,1,13,27,6,10,1,0,0,1,0,0,18,0,0,5,10,1,14.0,0,0,5,10,1,14.0,0,7.6,2.6,0.32,Enrolled,1,0,0.2,0.8,0.2,0.8,0.0,0,3.15
1,1,2,12,1,1,1,22,27,8,8,1,0,0,1,0,1,20,0,0,7,9,7,14.093333333333332,0,0,8,8,8,15.0,0,11.1,0.6,2.02,Graduate,2,0,1.0,0.0,1.0,0.0,0.9066666666666681,1,0.78
1,1,1,10,1,1,1,22,27,6,7,0,0,0,1,0,1,21,0,0,6,6,6,13.333333333333334,0,0,6,8,6,13.166666666666666,0,9.4,-0.8,-3.12,Graduate,2,0,1.0,0.0,1.0,0.0,-0.16666666666666785,0,0.0
1,14,1,12,1,1,1,23,14,10,6,1,0,0,1,0,0,19,0,0,8,12,7,12.071428571428571,0,0,8,12,7,12.071428571428571,0,12.7,3.7,-1.7,Graduate,2,0,0.875,0.125,0.875,0.125,0.0,0,1.46
1,1,3,11,1,1,1,13,1,8,10,1,0,0,1,0,1,18,0,0,6,6,6,12.666666666666666,0,0,6,6,6,12.5,0,12.4,0.5,1.79,Graduate,2,0,1.0,0.0,1.0,0.0,-0.16666666666666607,0,0.0
1,12,1,6,1,1,1,22,27,10,10,1,0,1,1,0,0,27,0,0,6,11,6,12.125,0,0,6,16,5,12.0,0,12.4,0.5,1.79,Enrolled,1,0,1.0,0.0,0.8333333333333334,0.16666666666666663,-0.125,-1,2.84
1,1,2,12,1,1,1,13,28,8,10,1,0,0,1,0,1,21,0,0,7,9,7,13.2,0,0,8,9,7,13.2575,0,15.5,2.8,-4.06,Graduate,2,0,1.0,0.0,0.875,0.125,0.057500000000000995,0,0.78
1,8,4,12,1,1,1,3,14,5,8,1,0,0,1,0,1,18,0,0,7,8,7,14.15,0,0,8,8,8,14.51125,0,15.5,2.8,-4.06,Graduate,2,0,1.0,0.0,1.0,0.0,0.36125000000000007,1,0.44
1,8,1,16,1,1,1,23,27,6,8,1,0,1,1,0,0,18,0,0,6,12,4,13.5,0,0,6,14,3,10.666666666666666,0,10.8,1.4,1.74,Enrolled,1,0,0.6666666666666666,0.33333333333333337,0.5,0.5,-2.833333333333334,-1,3.58
1,14,1,16,1,1,1,22,27,10,10,0,0,1,0,0,0,28,0,0,6,0,0,0.0,0,0,5,10,0,0.0,0,10.8,1.4,1.74,Dropout,0,1,0.0,1.0,0.0,1.0,0.0,0,8.0
1,12,1,13,1,1,1,29,30,3,3,0,0,0,1,0,0,36,0,0,7,13,5,12.2,0,0,7,14,3,11.4,0,11.1,0.6,2.02,Dropout,0,1,0.7142857142857143,0.2857142857142857,0.42857142857142855,0.5714285714285714,-0.7999999999999989,-2,2.15
1,1,1,6,1,1,1,23,28,10,11,1,0,0,1,0,0,20,0,0,5,6,5,14.8,1,0,5,6,5,14.0,0,12.7,3.7,-1.7,Graduate,2,0,1.0,0.0,1.0,0.0,-0.8000000000000007,0,0.98
1,1,1,10,1,1,1,23,28,1,8,1,0,0,1,0,0,19,0,0,6,8,5,11.0,0,0,6,13,5,11.4,0,7.6,2.6,0.32,Graduate,2,0,0.8333333333333334,0.16666666666666663,0.8333333333333334,0.16666666666666663,0.40000000000000036,0,1.31
1,1,1,17,0,1,1,13,27,10,10,1,0,0,1,0,0,20,0,0,5,10,0,0.0,0,0,5,10,0,0.0,3,7.6,2.6,0.32,Enrolled,1,0,0.0,1.0,0.0,1.0,0.0,0,5.5
1,8,2,6,1,1,1,22,27,10,8,1,0,0,1,0,0,19,0,0,5,15,3,14.0,3,0,5,10,4,11.75,1,9.4,-0.8,-3.12,Enrolled,1,0,0.6,0.4,0.8,0.19999999999999996,-2.25,1,4.0
2,12,1,3,0,1,1,22,28,4,8,0,0,0,1,0,0,28,0,0,6,8,5,11.833333333333334,0,0,6,6,6,13.0,0,16.2,0.3,-0.92,Graduate,2,0,0.8333333333333334,0.16666666666666663,1.0,0.0,1.166666666666666,1,1.31
1,1,1,14,1,1,1,22,1,8,1,0,0,0,1,0,0,20,0,0,5,7,4,11.75,0,0,5,7,5,11.8,1,7.6,2.6,0.32,Graduate,2,0,0.8,0.19999999999999996,1.0,0.0,0.05000000000000071,1,1.5
1,13,1,11,1,1,1,23,27,2,2,1,0,0,1,0,0,28,0,8,14,22,12,12.333333333333334,0,3,12,20,8,12.0,0,9.4,-0.8,-3.12,Graduate,2,0,0.8571428571428571,0.1428571428571429,0.6666666666666666,0.33333333333333337,-0.3333333333333339,-4,1.59
1,14,1,17,0,14,1,22,27,10,10,0,0,0,1,0,0,24,0,3,10,16,3,11.666666666666666,0,3,10,24,6,11.833333333333334,0,9.4,-0.8,-3.12,Dropout,0,1,0.3,0.7,0.6,0.4,0.16666666666666785,3,2.84
1,15,1,6,1,14,1,1,29,4,10,1,0,0,1,0,0,20,0,1,6,9,6,12.666666666666666,0,1,6,10,4,11.5,0,13.9,-0.3,0.79,Enrolled,1,0,1.0,0.0,0.6666666666666666,0.33333333333333337,-1.166666666666666,-2,1.17
1,8,2,16,1,1,1,22,27,6,7,1,0,0,1,0,0,22,0,0,6,9,4,12.25,0,0,6,8,5,11.6,0,10.8,1.4,1.74,Enrolled,1,0,0.6666666666666666,0.33333333333333337,0.8333333333333334,0.16666666666666663,-0.6500000000000004,1,1.94
1,8,2,11,1,1,1,1,4,5,5,0,0,0,1,0,1,18,0,0,6,7,6,11.285714285714286,0,0,6,9,4,13.5,0,16.2,0.3,-0.92,Graduate,2,0,1.0,0.0,0.6666666666666666,0.33333333333333337,2.2142857142857135,-2,0.5
1,1,5,9,1,1,1,23,28,10,10,1,0,1,0,0,0,22,0,0,5,12,2,11.5,0,0,5,12,0,0.0,0,12.7,3.7,-1.7,Dropout,0,1,0.4,0.6,0.0,1.0,-11.5,-2,5.42
1,1,5,11,1,1,1,22,27,10,8,1,0,0,1,0,1,18,0,0,6,10,6,11.666666666666666,0,0,6,10,4,12.25,0,9.4,-0.8,-3.12,Graduate,2,0,1.0,0.0,0.6666666666666666,0.33333333333333337,0.5833333333333339,-2,1.4
1,1,1,12,1,1,1,13,27,6,6,0,0,0,1,0,1,21,0,0,8,8,7,13.514285714285714,0,0,8,8,7,13.514285714285714,0,12.7,3.7,-1.7,Graduate,2,0,0.875,0.125,0.875,0.125,0.0,0,0.44
1,8,6,15,1,1,1,1,1,5,3,1,0,0,1,0,0,19,0,0,6,7,6,13.0,0,0,6,9,6,13.714285714285714,0,7.6,2.6,0.32,Graduate,2,0,1.0,0.0,1.0,0.0,0.7142857142857135,0,0.5
1,3,1,16,1,1,1,1,28,6,9,1,0,0,1,0,0,22,0,0,6,11,3,15.0,0,0,6,11,4,10.25,0,9.4,-0.8,-3.12,Enrolled,1,0,0.5,0.5,0.6666666666666666,0.33333333333333337,-4.75,1,2.55
1,1,1,12,1,1,1,23,28,6,6,1,0,0,1,0,1,20,0,0,8,8,7,12.744285714285716,0,0,8,8,7,12.744285714285716,0,10.8,1.4,1.74,Graduate,2,0,0.875,0.125,0.875,0.125,0.0,0,0.44
1,1,1,9,1,1,1,22,27,29,33,0,0,0,1,0,0,20,0,0,5,10,4,11.75,0,0,5,8,5,11.8,0,11.1,0.6,2.02,Graduate,2,0,0.8,0.19999999999999996,1.0,0.0,0.05000000000000071,1,2.1
1,8,1,3,0,1,1,22,27,6,7,1,0,1,1,0,0,19,0,0,6,6,6,12.166666666666666,0,0,6,7,6,11.666666666666666,0,10.8,1.4,1.74,Graduate,2,0,1.0,0.0,1.0,0.0,-0.5,0,1.25
1,8,1,2,1,1,1,1,1,8,4,1,0,0,1,0,0,20,0,0,0,0,0,0.0,0,0,0,0,0,0.0,0,15.5,2.8,-4.06,Enrolled,1,0,0.0,1.0,0.0,1.0,0.0,0,5.5
1,1,2,5,1,1,1,13,28,10,10,1,0,0,1,0,1,20,0,1,6,9,5,13.4,1,0,6,9,6,12.375,0,13.9,-0.3,0.79,Graduate,2,0,0.8333333333333334,0.16666666666666663,1.0,0.0,-1.0250000000000004,1,1.89
1,1,1,10,1,1,1,19,28,1,8,1,0,0,1,0,0,20,0,0,6,9,5,11.8,0,0,6,10,4,11.5,0,7.6,2.6,0.32,Dropout,0,1,0.8333333333333334,0.16666666666666663,0.6666666666666666,0.33333333333333337,-0.3000000000000007,-1,1.56
1,1,3,12,1,1,1,1,27,5,10,1,0,0,1,0,0,19,0,0,7,7,6,13.533333333333331,0,0,7,7,6,13.533333333333331,0,7.6,2.6,0.32,Graduate,2,0,0.8571428571428571,0.1428571428571429,0.8571428571428571,0.1428571428571429,0.0,0,0.5
1,1,1,11,1,1,1,13,14,10,10,1,0,0,1,0,1,18,0,0,6,7,6,14.166666666666666,0,0,6,10,4,14.0,0,15.5,2.8,-4.06,Graduate,2,0,1.0,0.0,0.6666666666666666,0.33333333333333337,-0.16666666666666607,-2,0.5
1,1,1,12,1,1,1,23,27,8,9,0,0,0,1,0,1,18,0,0,7,7,7,14.652857142857142,0,0,8,9,8,14.755555555555556,0,12.4,0.5,1.79,Graduate,2,0,1.0,0.0,1.0,0.0,0.10269841269841429,1,0.0
1,1,1,2,1,1,1,1,28,5,10,1,0,0,0,0,0,19,0,0,0,0,0,0.0,0,0,0,0,0,0.0,0,7.6,2.6,0.32,Dropout,0,1,0.0,1.0,0.0,1.0,0.0,0,6.75
1,1,1,9,1,1,18,22,27,10,10,0,0,0,1,1,0,20,1,0,5,5,5,13.6,0,0,5,7,5,13.0,0,9.4,-0.8,-3.12,Graduate,2,0,1.0,0.0,1.0,0.0,-0.5999999999999996,0,0.0
1,1,1,11,1,1,1,13,1,4,8,0,0,0,1,0,1,22,0,0,6,9,6,12.833333333333334,0,0,6,6,4,13.25,0,16.2,0.3,-0.92,Graduate,2,0,1.0,0.0,0.6666666666666666,0.33333333333333337,0.4166666666666661,-2,1.17
1,1,1,10,1,1,1,13,27,6,5,1,0,0,1,0,1,18,0,0,6,6,6,14.666666666666666,0,0,6,6,6,15.166666666666666,0,9.4,-0.8,-3.12,Graduate,2,0,1.0,0.0,1.0,0.0,0.5,0,0.0
1,8,2,15,1,1,1,1,1,5,9,1,0,0,1,0,0,19,0,0,6,6,6,13.333333333333334,0,0,6,6,6,14.666666666666666,0,12.4,0.5,1.79,Graduate,2,0,1.0,0.0,1.0,0.0,1.3333333333333321,0,0.0
1,1,1,10,1,1,1,13,27,10,10,0,0,0,0,0,1,20,0,0,6,10,5,13.4,0,0,6,9,5,11.4,0,10.8,1.4,1.74,Graduate,2,0,0.8333333333333334,0.16666666666666663,0.8333333333333334,0.16666666666666663,-2.0,0,3.0
1,1,2,12,1,1,1,23,27,6,7,1,0,0,1,0,1,19,0,0,7,9,7,13.3125,0,0,8,8,8,15.6375,0,13.9,-0.3,0.79,Graduate,2,0,1.0,0.0,1.0,0.0,2.3249999999999993,1,0.78
1,1,1,2,1,1,1,13,27,6,7,1,0,1,0,0,0,18,0,0,0,0,0,0.0,0,0,0,0,0,0.0,0,8.9,1.4,3.51,Dropout,0,1,0.0,1.0,0.0,1.0,0.0,0,8.0
1,1,6,15,1,1,1,1,27,4,4,1,0,1,0,0,0,20,0,0,4,4,0,0.0,0,0,5,5,0,0.0,0,12.4,0.5,1.79,Dropout,0,1,0.0,1.0,0.0,1.0,0.0,0,8.0
1,1,2,15,1,1,1,1,2,10,4,1,0,0,1,0,1,19,0,0,6,7,6,12.333333333333334,0,0,6,6,6,13.5,0,9.4,-0.8,-3.12,Graduate,2,0,1.0,0.0,1.0,0.0,1.166666666666666,0,0.5
1,8,3,15,1,1,1,1,14,6,8,0,0,0,1,0,0,18,0,0,6,6,6,13.5,0,0,6,6,6,13.333333333333334,0,12.4,0.5,1.79,Enrolled,1,0,1.0,0.0,1.0,0.0,-0.16666666666666607,0,0.0
1,7,4,10,1,1,1,22,27,10,10,1,0,0,1,0,0,18,0,0,6,8,5,13.0,0,0,6,7,6,11.833333333333334,0,10.8,1.4,1.74,Graduate,2,0,0.8333333333333334,0.16666666666666663,1.0,0.0,-1.166666666666666,1,1.31
1,1,1,14,1,1,1,19,28,1,5,0,0,0,1,0,0,22,0,0,5,6,2,12.5,0,0,5,5,0,0.0,0,9.4,-0.8,-3.12,Dropout,0,1,0.4,0.6,0.0,1.0,-12.5,-2,2.33
1,1,1,10,1,1,1,22,27,10,10,0,0,0,1,0,0,18,0,0,6,10,6,17.0,0,0,6,11,6,16.0,0,12.4,0.5,1.79,Graduate,2,0,1.0,0.0,1.0,0.0,-1.0,0,1.4
1,1,1,10,1,1,1,13,1,10,10,1,0,0,1,0,0,20,0,0,6,7,6,13.5,0,0,6,6,6,13.0,0,10.8,1.4,1.74,Graduate,2,0,1.0,0.0,1.0,0.0,-0.5,0,0.5
1,8,2,11,1,1,1,13,28,6,6,1,0,0,1,0,0,19,0,0,6,7,6,12.714285714285714,0,0,6,6,6,11.833333333333334,0,8.9,1.4,3.51,Graduate,2,0,1.0,0.0,1.0,0.0,-0.8809523809523796,0,0.5
1,14,1,12,1,1,1,23,14,6,9,0,0,0,1,0,1,19,0,0,7,9,6,13.0,0,0,8,11,8,13.927272727272726,0,16.2,0.3,-0.92,Graduate,2,0,0.8571428571428571,0.1428571428571429,1.0,0.0,0.9272727272727259,2,1.17
1,15,1,10,1,14,1,23,14,6,1,0,0,0,1,0,0,21,0,3,6,7,6,12.571428571428571,0,2,6,6,6,13.5,0,12.4,0.5,1.79,Graduate,2,0,1.0,0.0,1.0,0.0,0.9285714285714288,0,0.5
1,8,2,3,0,1,1,13,1,6,6,1,0,0,1,0,1,19,0,0,6,10,4,11.5,0,0,6,11,6,11.5,0,9.4,-0.8,-3.12,Dropout,0,1,0.6666666666666666,0.33333333333333337,1.0,0.0,0.0,2,2.1
1,1,6,10,1,1,1,23,1,8,5,1,0,0,1,0,1,19,0,0,6,6,6,13.5,0,0,6,7,6,13.285714285714286,0,11.1,0.6,2.02,Graduate,2,0,1.0,0.0,1.0,0.0,-0.21428571428571352,0,0.0
2,12,1,3,0,1,1,22,27,6,5,0,0,0,1,0,0,45,0,0,6,8,5,13.6,0,0,6,7,5,13.0,0,15.5,2.8,-4.06,Enrolled,1,0,0.8333333333333334,0.16666666666666663,0.8333333333333334,0.16666666666666663,-0.5999999999999996,0,1.31
2,12,1,6,1,1,1,21,26,13,6,0,0,0,0,0,1,28,0,0,5,14,1,12.0,3,0,5,5,0,0.0,5,9.4,-0.8,-3.12,Dropout,0,1,0.2,0.8,0.0,1.0,-12.0,-1,5.7
2,14,1,12,1,1,1,3,3,3,3,0,0,0,1,0,0,28,0,0,7,8,7,14.95,0,0,8,8,8,14.7375,0,13.9,-0.3,0.79,Graduate,2,0,1.0,0.0,1.0,0.0,-0.21249999999999858,1,0.44
1,12,1,17,0,1,1,23,14,10,6,0,0,1,1,0,0,25,0,0,5,10,4,11.25,0,0,5,9,4,12.0,0,12.7,3.7,-1.7,Enrolled,1,0,0.8,0.19999999999999996,0.8,0.19999999999999996,0.75,0,3.35
1,14,1,14,1,1,1,1,28,5,5,0,0,1,0,0,0,19,0,0,6,13,3,10.666666666666666,0,0,6,6,4,12.25,0,15.5,2.8,-4.06,Dropout,0,1,0.5,0.5,0.6666666666666666,0.33333333333333337,1.583333333333334,1,5.19
1,1,5,12,1,1,1,23,28,10,6,1,0,0,1,0,0,19,0,0,8,8,7,14.992857142857142,0,0,8,8,7,14.992857142857142,0,10.8,1.4,1.74,Graduate,2,0,0.875,0.125,0.875,0.125,0.0,0,0.44
1,1,2,9,1,1,1,23,28,10,6,1,0,0,1,1,0,20,0,0,5,12,3,10.5,0,0,5,10,4,11.25,0,12.4,0.5,1.79,Enrolled,1,0,0.6,0.4,0.8,0.19999999999999996,0.75,1,2.62
1,1,3,10,1,1,1,1,1,10,10,1,0,0,1,1,0,22,0,0,6,6,4,11.25,0,0,6,7,3,11.0,0,8.9,1.4,3.51,Enrolled,1,0,0.6666666666666666,0.33333333333333337,0.5,0.5,-0.25,-1,1.17
1,14,1,15,1,1,1,23,14,10,10,1,0,0,1,1,1,20,0,0,6,6,6,12.333333333333334,0,0,6,7,6,14.0,0,12.4,0.5,1.79,Graduate,2,0,1.0,0.0,1.0,0.0,1.666666666666666,0,0.0
1,1,4,12,1,1,1,13,27,8,8,1,0,0,1,1,0,20,0,0,7,7,6,13.016666666666666,0,0,7,7,6,13.016666666666666,0,7.6,2.6,0.32,Enrolled,1,0,0.8571428571428571,0.1428571428571429,0.8571428571428571,0.1428571428571429,0.0,0,0.5
1,1,1,6,1,1,1,23,14,5,12,0,0,1,0,1,0,20,0,0,5,7,3,11.333333333333334,0,0,5,8,2,11.5,0,7.6,2.6,0.32,Dropout,0,1,0.6,0.4,0.4,0.6,0.16666666666666607,-1,4.5
1,12,1,6,1,15,1,3,2,4,3,1,0,0,1,0,0,27,0,0,6,7,6,16.142857142857142,0,0,6,7,6,14.666666666666666,0,13.9,-0.3,0.79,Graduate,2,0,1.0,0.0,1.0,0.0,-1.4761904761904763,0,0.5
1,16,1,6,1,1,1,1,1,10,5,0,0,0,1,0,0,22,0,0,6,8,6,14.833333333333334,0,0,6,10,5,13.833333333333334,0,11.1,0.6,2.02,Graduate,2,0,1.0,0.0,0.8333333333333334,0.16666666666666663,-1.0,-1,0.88
1,1,3,12,1,1,1,22,27,10,10,1,0,1,0,0,0,19,0,0,8,8,7,13.327142857142857,0,0,8,8,7,13.327142857142857,0,10.8,1.4,1.74,Dropout,0,1,0.875,0.125,0.875,0.125,0.0,0,2.94
1,8,1,10,1,1,1,13,28,4,4,1,0,0,0,0,0,19,0,0,6,13,4,11.0,0,0,6,13,2,11.5,0,12.7,3.7,-1.7,Dropout,0,1,0.6666666666666666,0.33333333333333337,0.3333333333333333,0.6666666666666667,0.5,-2,3.67
1,1,1,5,1,1,1,4,29,3,3,1,0,0,1,0,0,18,0,1,6,10,6,11.714285714285714,1,0,6,15,6,10.375,0,13.9,-0.3,0.79,Enrolled,1,0,1.0,0.0,1.0,0.0,-1.3392857142857135,0,1.73
1,1,1,2,1,1,1,3,3,3,6,1,0,0,1,0,0,19,0,6,12,13,12,12.333333333333334,0,4,11,12,10,12.727272727272728,0,8.9,1.4,3.51,Dropout,0,1,1.0,0.0,0.9090909090909091,0.09090909090909094,0.3939393939393945,-2,0.27
1,9,4,16,1,1,1,13,27,10,7,1,0,1,0,0,0,20,0,0,7,9,0,0.0,0,0,6,6,0,0.0,0,11.1,0.6,2.02,Dropout,0,1,0.0,1.0,0.0,1.0,0.0,0,8.0
2,14,1,17,0,1,1,23,14,4,4,0,0,0,0,0,0,39,0,11,15,15,12,11.916666666666666,0,8,13,14,8,11.25,0,10.8,1.4,1.74,Dropout,0,1,0.8,0.19999999999999996,0.6153846153846154,0.3846153846153846,-0.6666666666666661,-4,1.95
2,12,2,3,0,12,1,22,27,5,8,0,0,1,1,0,0,37,0,0,6,9,6,11.833333333333334,0,0,6,7,6,11.0,0,7.6,2.6,0.32,Graduate,2,0,1.0,0.0,1.0,0.0,-0.8333333333333339,0,2.42
2,12,1,12,1,3,1,1,1,5,7,0,0,1,0,0,0,30,0,3,7,11,3,12.333333333333334,0,3,7,9,3,11.666666666666666,0,13.9,-0.3,0.79,Dropout,0,1,0.42857142857142855,0.5714285714285714,0.42857142857142855,0.5714285714285714,-0.6666666666666679,0,5.05
2,14,1,17,0,3,1,22,27,10,10,0,0,0,1,0,0,41,0,5,10,11,10,14.3,0,5,10,10,10,14.2,0,12.7,3.7,-1.7,Graduate,2,0,1.0,0.0,1.0,0.0,-0.10000000000000142,0,0.32
4,12,1,12,1,12,1,22,27,6,8,0,0,0,0,0,0,40,0,0,8,11,5,11.832,4,0,8,11,5,11.832,4,9.4,-0.8,-3.12,Dropout,0,1,0.625,0.375,0.625,0.375,0.0,0,4.16
1,1,1,9,1,1,1,7,16,5,4,0,0,0,1,0,0,20,0,0,5,13,2,10.0,1,0,5,10,0,0.0,0,9.4,-0.8,-3.12,Dropout,0,1,0.4,0.6,0.0,1.0,-10.0,-2,3.36
2,1,1,17,0,1,1,13,14,10,10,0,0,0,1,0,0,28,0,0,5,5,5,12.0,0,0,5,6,5,11.6,0,7.6,2.6,0.32,Graduate,2,0,1.0,0.0,1.0,0.0,-0.40000000000000036,0,0.0
1,9,2,16,1,1,1,13,27,10,5,1,0,1,0,0,0,19,0,0,7,11,5,12.2,0,0,7,13,0,0.0,0,12.4,0.5,1.79,Dropout,0,1,0.7142857142857143,0.2857142857142857,0.0,1.0,-12.2,-5,4.41
1,1,1,14,1,1,1,22,27,6,10,1,0,0,1,0,0,23,0,0,5,7,3,11.333333333333334,0,0,5,5,4,11.25,0,7.6,2.6,0.32,Dropout,0,1,0.6,0.4,0.8,0.19999999999999996,-0.08333333333333393,1,2.0
1,4,1,3,0,4,1,2,3,3,3,0,0,0,1,0,0,18,0,10,16,24,13,13.846153846153848,0,7,11,15,9,12.555555555555555,0,15.5,2.8,-4.06,Dropout,0,1,0.8125,0.1875,0.8181818181818182,0.18181818181818177,-1.2905982905982931,-4,1.6
1,12,1,12,1,1,1,1,14,5,9,0,0,0,1,0,0,24,0,0,8,8,7,12.412857142857144,0,0,8,8,7,12.412857142857144,0,10.8,1.4,1.74,Graduate,2,0,0.875,0.125,0.875,0.125,0.0,0,0.44
1,8,5,14,1,1,1,1,14,6,6,0,0,0,1,0,0,21,0,0,5,7,3,12.666666666666666,0,0,5,6,4,12.75,1,7.6,2.6,0.32,Enrolled,1,0,0.6,0.4,0.8,0.19999999999999996,0.08333333333333393,1,2.0
1,1,2,12,1,1,1,13,14,8,8,1,0,0,1,0,0,19,0,0,8,11,7,12.545714285714286,0,0,8,11,7,12.545714285714286,0,10.8,1.4,1.74,Graduate,2,0,0.875,0.125,0.875,0.125,0.0,0,1.27
1,1,1,15,1,1,1,22,14,10,11,1,0,0,1,0,0,19,0,0,6,12,3,13.0,0,0,6,13,2,14.0,0,9.4,-0.8,-3.12,Dropout,0,1,0.5,0.5,0.3333333333333333,0.6666666666666667,1.0,-1,2.62
1,12,1,4,1,1,1,22,27,10,10,0,0,1,0,0,0,48,0,0,6,6,0,0.0,0,0,6,6,0,0.0,0,11.1,0.6,2.02,Dropout,0,1,0.0,1.0,0.0,1.0,0.0,0,8.0
2,14,1,17,0,2,1,22,27,10,10,0,0,0,0,0,0,38,0,9,12,12,9,12.22222222222222,2,9,12,12,9,13.0,0,9.4,-0.8,-3.12,Dropout,0,1,0.75,0.25,0.75,0.25,0.7777777777777803,0,2.46
1,8,1,9,1,1,1,1,27,4,8,0,0,0,1,0,0,19,0,0,5,10,5,13.285714285714286,0,0,5,8,5,13.0,0,12.7,3.7,-1.7,Graduate,2,0,1.0,0.0,1.0,0.0,-0.2857142857142865,0,1.75
2,12,1,17,0,9,1,22,1,10,5,0,0,0,1,1,0,30,0,0,5,7,3,11.666666666666666,0,0,5,8,1,11.0,0,7.6,2.6,0.32,Dropout,0,1,0.6,0.4,0.2,0.8,-0.6666666666666661,-2,2.0
1,15,1,4,1,14,1,22,14,10,10,0,0,0,1,1,1,24,0,0,6,9,6,13.555555555555555,0,0,6,7,6,12.666666666666666,0,13.9,-0.3,0.79,Graduate,2,0,1.0,0.0,1.0,0.0,-0.8888888888888893,0,1.17
1,8,5,15,1,1,1,1,14,10,6,1,0,0,1,1,0,19,0,0,6,6,6,13.166666666666666,0,0,6,8,6,12.428571428571429,0,16.2,0.3,-0.92,Graduate,2,0,1.0,0.0,1.0,0.0,-0.7380952380952372,0,0.0
1,15,1,2,1,14,1,1,1,10,10,0,0,0,1,1,0,21,0,0,0,0,0,0.0,0,0,0,0,0,0.0,0,15.5,2.8,-4.06,Enrolled,1,0,0.0,1.0,0.0,1.0,0.0,0,5.5
1,1,1,11,1,1,1,1,1,6,6,1,0,0,1,1,1,21,0,0,6,6,6,11.666666666666666,0,0,6,7,5,12.2,0,10.8,1.4,1.74,Graduate,2,0,1.0,0.0,0.8333333333333334,0.16666666666666663,0.5333333333333332,-1,0.0
1,1,2,17,0,1,1,5,1,5,5,0,0,0,1,1,0,19,0,0,5,11,4,11.0,0,0,5,8,4,12.25,0,15.5,2.8,-4.06,Dropout,0,1,0.8,0.19999999999999996,0.8,0.19999999999999996,1.25,0,2.23
1,8,2,5,1,1,1,3,1,3,5,1,0,0,1,1,0,18,0,0,6,6,6,13.0,0,0,6,8,1,10.0,0,10.8,1.4,1.74,Enrolled,1,0,1.0,0.0,0.16666666666666666,0.8333333333333334,-3.0,-5,0.0
1,8,1,5,1,1,1,22,28,10,8,0,0,0,1,1,1,18,0,0,6,6,6,13.666666666666666,0,0,6,6,6,12.0,0,12.4,0.5,1.79,Graduate,2,0,1.0,0.0,1.0,0.0,-1.666666666666666,0,0.0
1,8,4,7,1,1,1,1,3,2,5,1,0,0,1,1,0,19,0,0,5,6,5,14.6,0,0,5,5,5,15.2,0,8.9,1.4,3.51,Dropout,0,1,1.0,0.0,1.0,0.0,0.5999999999999996,0,0.58
1,1,1,12,1,1,1,1,14,10,10,0,0,0,1,1,1,19,0,0,8,8,7,12.514285714285714,0,0,8,8,7,12.514285714285714,0,12.7,3.7,-1.7,Graduate,2,0,0.875,0.125,0.875,0.125,0.0,0,0.44
1,8,2,6,1,1,1,3,14,3,10,0,0,0,1,1,0,18,0,0,5,5,3,14.0,0,0,5,7,3,12.666666666666666,0,7.6,2.6,0.32,Enrolled,1,0,0.6,0.4,0.6,0.4,-1.333333333333334,0,1.4
1,1,1,11,1,1,1,22,14,10,10,1,0,0,1,1,0,25,0,0,6,8,6,13.166666666666666,0,0,6,8,5,12.6,0,7.6,2.6,0.32,Enrolled,1,0,1.0,0.0,0.8333333333333334,0.16666666666666663,-0.5666666666666664,-1,0.88
1,8,1,7,1,1,1,22,1,10,3,1,0,0,1,1,0,18,0,0,5,10,4,13.0,0,0,5,10,3,12.333333333333334,3,7.6,2.6,0.32,Enrolled,1,0,0.8,0.19999999999999996,0.6,0.4,-0.6666666666666661,-1,2.1
5,12,1,9,1,1,1,1,14,5,8,0,0,0,0,1,0,29,0,0,5,5,1,13.0,0,0,5,5,0,0.0,0,8.9,1.4,3.51,Dropout,0,1,0.2,0.8,0.0,1.0,-13.0,-1,4.05
1,8,1,7,1,1,1,13,27,12,6,1,0,0,1,1,0,21,0,0,5,10,1,10.0,0,0,5,8,3,13.666666666666666,3,7.6,2.6,0.32,Dropout,0,1,0.2,0.8,0.6,0.4,3.666666666666666,2,3.15
1,1,3,15,1,1,1,1,1,5,8,1,0,1,1,1,1,18,0,0,6,6,6,14.333333333333334,0,0,6,6,6,15.333333333333334,0,11.1,0.6,2.02,Graduate,2,0,1.0,0.0,1.0,0.0,1.0,0,1.25
1,8,1,11,1,1,1,13,1,10,10,0,0,0,1,1,1,20,0,0,6,6,0,0.0,0,0,6,12,0,0.0,0,10.8,1.4,1.74,Dropout,0,1,0.0,1.0,0.0,1.0,0.0,0,5.5
1,12,1,17,0,1,1,13,27,10,8,0,0,0,1,1,0,27,0,0,5,7,1,11.0,0,0,5,7,0,0.0,0,13.9,-0.3,0.79,Dropout,0,1,0.2,0.8,0.0,1.0,-11.0,-1,3.0
1,1,1,6,1,1,1,3,1,5,10,1,0,0,1,1,0,21,0,0,6,15,3,11.25,0,0,6,9,0,0.0,0,12.4,0.5,1.79,Enrolled,1,0,0.5,0.5,0.0,1.0,-11.25,-3,2.8
1,9,2,9,1,1,1,22,27,6,10,1,0,0,1,1,0,20,0,0,5,7,4,10.75,0,0,5,12,3,10.571428571428571,0,10.8,1.4,1.74,Dropout,0,1,0.8,0.19999999999999996,0.6,0.4,-0.17857142857142883,-1,1.5
1,12,1,9,1,12,1,23,14,8,10,0,0,1,0,1,0,28,0,0,5,7,1,11.0,0,0,5,9,0,0.0,0,10.8,1.4,1.74,Dropout,0,1,0.2,0.8,0.0,1.0,-11.0,-1,5.5
1,12,2,13,1,1,1,22,14,10,9,0,0,0,1,1,1,24,0,0,7,13,6,10.857142857142858,0,0,7,7,7,11.857142857142858,0,12.7,3.7,-1.7,Enrolled,1,0,0.8571428571428571,0.1428571428571429,1.0,0.0,1.0,1,1.88
1,1,5,9,1,1,1,3,2,3,3,0,0,0,1,1,0,22,0,1,5,10,4,11.75,0,0,5,10,3,11.0,0,7.6,2.6,0.32,Enrolled,1,0,0.8,0.19999999999999996,0.6,0.4,-0.75,-1,2.1
1,1,1,6,1,1,1,22,14,10,10,1,0,0,1,1,0,20,0,0,5,8,5,12.8,0,0,5,9,4,13.666666666666666,1,10.8,1.4,1.74,Graduate,2,0,1.0,0.0,0.8,0.19999999999999996,0.8666666666666654,-1,1.31
1,15,1,6,1,14,1,1,1,5,5,0,0,0,1,1,0,21,0,1,5,15,3,12.333333333333334,2,0,5,7,5,11.4,0,9.4,-0.8,-3.12,Graduate,2,0,0.6,0.4,1.0,0.0,-0.9333333333333336,2,3.6
1,15,1,4,1,14,1,1,3,10,3,1,0,1,0,1,0,23,0,0,6,12,2,11.333333333333334,0,0,6,8,2,13.0,0,13.9,-0.3,0.79,Dropout,0,1,0.3333333333333333,0.6666666666666667,0.3333333333333333,0.6666666666666667,1.666666666666666,0,5.42
1,1,1,10,1,1,1,13,1,8,4,1,0,0,1,1,0,18,0,0,6,10,5,11.6,0,0,6,6,6,11.166666666666666,0,10.8,1.4,1.74,Graduate,2,0,0.8333333333333334,0.16666666666666663,1.0,0.0,-0.43333333333333357,1,1.75
1,1,1,2,1,1,1,1,10,5,5,1,0,0,1,1,1,20,0,8,14,15,12,10.923076923076923,0,7,13,14,11,12.181818181818182,0,11.1,0.6,2.02,Graduate,2,0,0.8571428571428571,0.1428571428571429,0.8461538461538461,0.15384615384615385,1.2587412587412583,-1,0.7
1,1,1,2,1,1,1,1,28,5,6,1,0,0,1,1,0,19,0,0,0,0,0,0.0,0,0,0,0,0,0.0,0,15.5,2.8,-4.06,Graduate,2,0,0.0,1.0,0.0,1.0,0.0,0,5.5
2,12,1,12,1,3,1,1,1,5,7,0,0,0,1,1,0,32,0,0,7,7,7,13.62857142857143,0,0,8,8,8,13.9125,0,13.9,-0.3,0.79,Graduate,2,0,1.0,0.0,1.0,0.0,0.28392857142856975,1,0.0
1,1,6,11,1,1,1,13,14,10,10,1,0,0,1,1,0,20,0,0,6,16,3,10.333333333333334,0,0,6,16,1,11.0,0,10.8,1.4,1.74,Dropout,0,1,0.5,0.5,0.16666666666666666,0.8333333333333334,0.6666666666666661,-2,2.84
1,12,1,4,1,1,1,23,27,8,8,0,0,0,1,1,0,32,0,12,18,25,18,13.736842105263158,0,10,13,15,12,13.75,1,15.5,2.8,-4.06,Graduate,2,0,1.0,0.0,0.9230769230769231,0.07692307692307687,0.01315789473684248,-6,0.98
1,12,1,4,1,1,1,23,14,10,7,1,0,0,1,1,0,28,0,7,13,19,8,11.625,0,5,10,17,6,11.0,0,15.5,2.8,-4.06,Enrolled,1,0,0.6153846153846154,0.3846153846153846,0.6,0.4,-0.625,-2,2.03
1,15,1,5,1,14,1,1,28,6,6,1,1,0,1,1,1,21,0,2,7,7,4,11.5,0,5,9,10,7,12.142857142857142,0,12.4,0.5,1.79,Graduate,2,0,0.5714285714285714,0.4285714285714286,0.7777777777777778,0.2222222222222222,0.6428571428571423,3,1.5
1,1,1,15,1,1,1,23,27,10,7,0,0,0,1,1,1,19,0,0,6,8,5,14.0,0,0,6,8,6,13.0,0,10.8,1.4,1.74,Graduate,2,0,0.8333333333333334,0.16666666666666663,1.0,0.0,-1.0,1,1.31
1,12,1,17,0,14,1,13,14,10,10,0,0,0,1,1,0,24,0,0,5,7,3,11.333333333333334,0,0,5,6,0,0.0,0,10.8,1.4,1.74,Dropout,0,1,0.6,0.4,0.0,1.0,-11.333333333333334,-3,2.0
1,8,1,9,1,1,1,23,28,10,9,0,0,0,1,1,0,18,0,0,5,13,1,10.0,0,0,5,5,1,10.0,0,12.7,3.7,-1.7,Dropout,0,1,0.2,0.8,0.2,0.8,0.0,0,3.23
1,15,1,4,1,14,1,1,27,7,7,1,0,0,1,1,0,20,0,0,6,14,5,11.714285714285714,0,0,6,15,5,12.0,0,16.2,0.3,-0.92,Graduate,2,0,0.8333333333333334,0.16666666666666663,0.8333333333333334,0.16666666666666663,0.2857142857142865,0,2.25
1,14,1,2,1,14,1,23,27,10,8,0,0,0,0,1,0,25,0,0,0,0,0,0.0,0,0,0,0,0,0.0,0,15.5,2.8,-4.06,Dropout,0,1,0.0,1.0,0.0,1.0,0.0,0,6.75
1,8,6,9,1,1,1,22,27,10,10,1,0,0,1,1,0,25,0,13,15,15,13,10.76923076923077,0,11,14,15,12,11.833333333333334,0,7.6,2.6,0.32,Dropout,0,1,0.8666666666666667,0.1333333333333333,0.8571428571428571,0.1428571428571429,1.0641025641025639,-1,0.47
1,8,4,15,1,1,1,1,1,5,6,1,0,0,1,1,0,18,0,0,6,10,5,11.6,0,0,6,6,6,12.0,0,9.4,-0.8,-3.12,Dropout,0,1,0.8333333333333334,0.16666666666666663,1.0,0.0,0.40000000000000036,1,1.75
1,1,1,9,1,1,1,13,1,8,6,1,0,0,1,1,0,19,0,0,5,6,4,13.75,0,0,5,5,0,0.0,0,12.4,0.5,1.79,Dropout,0,1,0.8,0.19999999999999996,0.0,1.0,-13.75,-4,1.17
1,1,5,9,1,1,1,13,3,10,10,1,0,0,1,1,0,18,0,0,5,14,4,11.0,0,0,5,9,5,10.5,0,13.9,-0.3,0.79,Dropout,0,1,0.8,0.19999999999999996,1.0,0.0,-0.5,1,2.5
1,13,1,9,1,1,1,13,1,5,5,0,0,0,0,1,0,25,0,0,5,6,0,0.0,0,0,5,5,0,0.0,0,15.5,2.8,-4.06,Dropout,0,1,0.0,1.0,0.0,1.0,0.0,0,6.75
1,12,1,2,1,1,1,19,24,1,1,1,0,0,1,1,0,38,0,0,0,0,0,0.0,0,0,0,0,0,0.0,0,7.6,2.6,0.32,Dropout,0,1,0.0,1.0,0.0,1.0,0.0,0,5.5
1,15,1,2,1,14,1,1,1,2,8,0,0,0,1,1,0,19,0,0,0,0,0,0.0,0,0,0,0,0,0.0,0,12.4,0.5,1.79,Dropout,0,1,0.0,1.0,0.0,1.0,0.0,0,5.5
1,1,4,15,1,1,1,1,14,10,10,1,0,0,1,1,0,19,0,0,6,7,6,12.333333333333334,0,0,6,10,5,13.2,0,16.2,0.3,-0.92,Graduate,2,0,1.0,0.0,0.8333333333333334,0.16666666666666663,0.8666666666666654,-1,0.5
1,15,1,6,1,14,1,23,27,10,5,1,0,0,1,1,1,22,0,0,6,9,6,13.428571428571429,0,1,6,12,6,13.625,0,12.4,0.5,1.79,Graduate,2,0,1.0,0.0,1.0,0.0,0.19642857142857117,0,1.17
1,1,6,7,1,1,1,2,1,4,6,1,0,0,1,1,0,18,0,0,5,10,0,0.0,0,0,5,10,1,10.0,3,7.6,2.6,0.32,Enrolled,1,0,0.0,1.0,0.2,0.8,10.0,1,5.5
1,4,1,17,0,3,1,13,14,4,10,0,0,0,0,1,0,32,0,0,5,12,4,14.75,0,0,5,9,2,15.0,0,16.2,0.3,-0.92,Dropout,0,1,0.8,0.19999999999999996,0.4,0.6,0.25,-2,3.58
1,14,1,16,1,1,1,2,29,3,6,0,0,0,1,1,0,37,0,19,21,21,21,12.476190476190476,0,13,19,19,19,12.210526315789474,0,12.4,0.5,1.79,Graduate,2,0,1.0,0.0,1.0,0.0,-0.26566416040100194,-2,0.0
1,8,1,7,1,1,1,22,27,10,7,1,0,0,1,1,0,21,0,0,5,8,0,0.0,0,0,5,5,0,0.0,0,7.6,2.6,0.32,Dropout,0,1,0.0,1.0,0.0,1.0,0.0,0,5.5
1,1,1,11,1,1,1,1,3,5,2,1,0,0,1,1,0,18,0,0,6,15,3,11.666666666666666,0,0,6,14,2,12.5,0,10.8,1.4,1.74,Dropout,0,1,0.5,0.5,0.3333333333333333,0.6666666666666667,0.8333333333333339,-1,2.8
1,1,3,5,1,1,1,28,3,15,21,1,0,1,1,1,0,19,0,0,6,6,6,12.0,0,0,6,7,6,13.571428571428571,0,8.9,1.4,3.51,Graduate,2,0,1.0,0.0,1.0,0.0,1.5714285714285712,0,1.25
1,8,1,14,1,1,1,1,14,5,9,0,0,0,1,1,1,19,0,0,6,7,6,12.0,0,0,6,6,6,14.0,0,12.4,0.5,1.79,Graduate,2,0,1.0,0.0,1.0,0.0,2.0,0,0.5
1,1,1,2,1,1,14,1,1,10,8,1,0,0,0,0,0,19,1,6,12,12,12,15.25,0,4,11,12,11,15.0,0,8.9,1.4,3.51,Graduate,2,0,1.0,0.0,1.0,0.0,-0.25,-1,1.25
1,8,1,15,1,1,1,13,28,10,10,1,0,0,1,1,1,19,0,0,6,9,5,12.4,0,0,6,6,6,13.166666666666666,0,12.7,3.7,-1.7,Graduate,2,0,0.8333333333333334,0.16666666666666663,1.0,0.0,0.7666666666666657,1,1.56
1,6,1,9,1,1,12,1,1,10,8,0,0,1,1,1,0,21,1,0,5,9,3,12.333333333333334,0,0,5,8,4,11.25,0,8.9,1.4,3.51,Enrolled,1,0,0.6,0.4,0.8,0.19999999999999996,-1.083333333333334,1,3.58
4,12,1,17,0,1,1,13,14,8,9,0,0,0,1,0,0,28,0,0,5,8,4,11.5,0,0,5,7,4,12.0,0,10.8,1.4,1.74,Enrolled,1,0,0.8,0.19999999999999996,0.8,0.19999999999999996,0.5,0,1.75
1,1,1,15,1,1,7,1,1,4,6,1,0,1,0,0,0,19,1,0,6,8,5,12.2,0,0,6,6,4,11.75,0,16.2,0.3,-0.92,Dropout,0,1,0.8333333333333334,0.16666666666666663,0.6666666666666666,0.33333333333333337,-0.4499999999999993,-1,3.81
1,12,1,17,0,12,1,22,27,10,7,0,0,1,1,0,0,28,0,0,5,14,2,10.5,0,0,5,6,0,0.0,0,12.4,0.5,1.79,Dropout,0,1,0.4,0.6,0.0,1.0,-10.5,-2,4.25
1,1,1,12,1,1,1,13,14,8,10,0,0,0,1,0,1,19,0,0,8,8,7,14.4,0,0,8,8,7,14.4,0,12.7,3.7,-1.7,Graduate,2,0,0.875,0.125,0.875,0.125,0.0,0,0.44
2,4,1,3,0,3,1,13,28,4,8,0,0,0,1,0,0,32,0,8,14,18,13,12.846153846153848,0,7,11,19,10,12.8,0,10.8,1.4,1.74,Graduate,2,0,0.9285714285714286,0.0714285714285714,0.9090909090909091,0.09090909090909094,-0.046153846153847766,-3,0.97
1,12,1,3,0,14,1,13,27,10,9,0,0,1,0,0,0,26,0,0,6,13,4,12.0,0,0,6,7,5,13.2,0,16.2,0.3,-0.92,Dropout,0,1,0.6666666666666666,0.33333333333333337,0.8333333333333334,0.16666666666666663,1.1999999999999993,1,4.92
2,12,1,9,1,9,1,22,27,10,10,0,0,0,1,0,0,25,0,0,5,0,0,0.0,0,0,5,0,0,0.0,0,9.4,-0.8,-3.12,Dropout,0,1,0.0,1.0,0.0,1.0,0.0,0,5.5
2,14,2,16,1,1,1,23,22,5,2,0,0,0,1,0,0,31,0,3,7,8,6,13.666666666666666,0,1,6,8,5,13.5,0,9.4,-0.8,-3.12,Dropout,0,1,0.8571428571428571,0.1428571428571429,0.8333333333333334,0.16666666666666663,-0.16666666666666607,-1,0.88
1,8,1,10,1,1,1,22,1,10,6,1,0,0,1,0,1,20,0,0,6,10,5,11.857142857142858,0,0,6,8,6,11.666666666666666,0,12.7,3.7,-1.7,Graduate,2,0,0.8333333333333334,0.16666666666666663,1.0,0.0,-0.19047619047619158,1,1.75
1,1,4,10,1,1,1,1,27,9,10,1,0,0,1,0,0,19,0,0,6,0,0,0.0,0,0,6,0,0,0.0,0,12.7,3.7,-1.7,Dropout,0,1,0.0,1.0,0.0,1.0,0.0,0,5.5
1,8,1,2,1,1,1,22,14,6,10,1,0,0,1,0,0,23,0,0,0,0,0,0.0,0,0,0,0,0,0.0,0,11.1,0.6,2.02,Dropout,0,1,0.0,1.0,0.0,1.0,0.0,0,5.5
1,1,1,10,1,1,1,22,1,10,10,1,0,0,1,0,0,18,0,0,6,8,5,13.2,0,0,6,6,6,11.333333333333334,0,9.4,-0.8,-3.12,Graduate,2,0,0.8333333333333334,0.16666666666666663,1.0,0.0,-1.8666666666666654,1,1.31
1,1,2,10,1,1,1,13,28,10,9,1,0,0,1,0,1,19,0,0,6,8,6,12.714285714285714,0,0,6,12,5,11.0,0,13.9,-0.3,0.79,Dropout,0,1,1.0,0.0,0.8333333333333334,0.16666666666666663,-1.7142857142857135,-1,0.88
1,1,1,11,1,1,1,23,14,10,11,0,0,0,1,0,0,18,0,0,6,6,6,12.5,0,0,6,6,6,12.666666666666666,0,15.5,2.8,-4.06,Graduate,2,0,1.0,0.0,1.0,0.0,0.16666666666666607,0,0.0
1,1,1,9,1,1,1,1,1,5,7,1,0,0,1,0,0,21,0,0,5,9,3,10.666666666666666,0,0,5,13,2,12.5,0,7.6,2.6,0.32,Enrolled,1,0,0.6,0.4,0.4,0.6,1.833333333333334,-1,2.33
1,1,2,15,1,1,1,22,27,10,8,1,0,0,1,0,0,20,0,0,6,12,1,17.0,0,0,6,12,1,17.0,0,9.4,-0.8,-3.12,Enrolled,1,0,0.16666666666666666,0.8333333333333334,0.16666666666666666,0.8333333333333334,0.0,0,3.21
1,1,1,6,1,1,1,1,14,5,10,1,0,0,1,0,0,24,0,0,5,6,5,13.0,1,0,5,9,4,13.25,0,12.7,3.7,-1.7,Graduate,2,0,1.0,0.0,0.8,0.19999999999999996,0.25,-1,0.98
1,1,1,14,1,1,1,22,27,10,7,0,0,0,1,0,1,18,0,0,5,7,3,12.666666666666666,0,0,5,5,4,12.5,0,9.4,-0.8,-3.12,Enrolled,1,0,0.6,0.4,0.8,0.19999999999999996,-0.16666666666666607,1,2.0
1,13,1,12,1,1,1,3,27,3,7,1,0,0,1,0,0,25,0,0,14,14,12,13.291666666666666,1,0,14,14,12,13.291666666666666,1,7.6,2.6,0.32,Graduate,2,0,0.8571428571428571,0.1428571428571429,0.8571428571428571,0.1428571428571429,0.0,0,0.64
1,8,1,6,1,1,1,2,3,3,3,0,0,0,1,0,0,20,0,0,5,12,3,11.666666666666666,2,0,5,11,4,11.5,1,9.4,-0.8,-3.12,Graduate,2,0,0.6,0.4,0.8,0.19999999999999996,-0.16666666666666607,1,3.42
1,8,2,12,1,1,1,13,27,6,10,1,0,0,1,0,0,18,0,0,8,8,7,14.24,0,0,8,8,7,14.24,0,10.8,1.4,1.74,Graduate,2,0,0.875,0.125,0.875,0.125,0.0,0,0.44
1,12,1,14,1,1,1,19,24,1,1,1,0,0,1,0,0,24,0,0,5,10,3,13.0,0,0,5,11,3,11.333333333333334,0,7.6,2.6,0.32,Dropout,0,1,0.6,0.4,0.6,0.4,-1.666666666666666,0,2.45
1,8,2,12,1,1,1,1,1,6,11,1,0,0,1,0,0,18,0,0,7,9,5,14.06,0,0,7,9,6,12.571428571428571,0,12.4,0.5,1.79,Enrolled,1,0,0.7142857142857143,0.2857142857142857,0.8571428571428571,0.1428571428571429,-1.4885714285714293,1,1.56
1,8,5,10,1,1,1,23,27,10,10,0,0,1,0,0,0,21,0,0,6,10,5,11.833333333333334,0,0,6,10,5,13.2,0,13.9,-0.3,0.79,Dropout,0,1,0.8333333333333334,0.16666666666666663,0.8333333333333334,0.16666666666666663,1.3666666666666654,0,4.25
1,1,1,15,1,1,1,1,14,6,11,1,0,0,1,0,0,18,0,0,6,6,6,12.833333333333334,0,0,6,6,6,13.333333333333334,0,9.4,-0.8,-3.12,Graduate,2,0,1.0,0.0,1.0,0.0,0.5,0,0.0
1,8,2,11,1,1,1,10,14,6,6,1,0,0,1,0,0,20,0,0,6,16,1,10.0,0,0,6,12,0,0.0,0,10.8,1.4,1.74,Dropout,0,1,0.16666666666666666,0.8333333333333334,0.0,1.0,-10.0,-1,3.28
1,8,5,9,1,1,1,1,1,5,5,1,0,0,1,0,0,19,0,0,5,9,2,11.0,0,0,5,12,2,10.0,0,7.6,2.6,0.32,Dropout,0,1,0.4,0.6,0.4,0.6,-1.0,0,2.72
1,1,1,12,1,1,1,3,1,3,10,1,0,0,1,0,0,20,0,0,7,7,7,14.105714285714289,0,0,8,8,8,13.6625,0,11.1,0.6,2.02,Graduate,2,0,1.0,0.0,1.0,0.0,-0.4432142857142889,1,0.0
1,1,5,12,1,1,1,23,14,10,7,1,0,0,1,0,0,20,0,0,8,12,7,12.471428571428572,0,0,8,12,7,12.471428571428572,0,12.7,3.7,-1.7,Graduate,2,0,0.875,0.125,0.875,0.125,0.0,0,1.46
1,15,1,6,1,14,1,3,1,5,4,1,0,0,1,0,1,20,0,2,6,11,6,11.833333333333334,0,1,6,17,5,11.857142857142858,0,12.4,0.5,1.79,Graduate,2,0,1.0,0.0,0.8333333333333334,0.16666666666666663,0.023809523809523725,-1,1.59
1,1,3,5,1,1,1,1,1,5,9,1,0,0,1,0,0,20,0,0,6,6,6,12.5,0,0,6,6,6,12.833333333333334,0,7.6,2.6,0.32,Graduate,2,0,1.0,0.0,1.0,0.0,0.3333333333333339,0,0.0
1,1,6,16,1,1,1,23,28,10,8,1,0,0,1,0,0,18,0,0,6,7,6,11.666666666666666,0,0,6,7,6,12.333333333333334,0,10.8,1.4,1.74,Dropout,0,1,1.0,0.0,1.0,0.0,0.6666666666666679,0,0.5
1,1,1,2,1,1,1,3,1,5,5,1,0,0,1,0,0,18,0,0,0,0,0,0.0,0,0,0,0,0,0.0,0,12.4,0.5,1.79,Graduate,2,0,0.0,1.0,0.0,1.0,0.0,0,5.5
4,12,1,17,0,1,1,22,28,10,10,0,0,0,1,0,0,30,0,0,5,11,3,10.333333333333334,0,0,5,10,4,12.8,0,12.4,0.5,1.79,Enrolled,1,0,0.6,0.4,0.8,0.19999999999999996,2.466666666666667,1,2.55
1,1,2,6,1,1,1,4,14,3,6,1,0,0,1,0,0,18,0,0,5,8,5,16.166666666666668,2,0,5,9,5,14.285714285714286,1,9.4,-0.8,-3.12,Graduate,2,0,1.0,0.0,1.0,0.0,-1.8809523809523814,0,2.11
1,12,1,6,1,12,1,22,27,5,9,0,0,0,1,0,0,35,0,0,6,11,3,12.666666666666666,0,0,6,7,0,0.0,0,11.1,0.6,2.02,Dropout,0,1,0.5,0.5,0.0,1.0,-12.666666666666666,-3,2.55
1,12,1,3,0,1,1,13,27,8,9,0,0,1,0,0,0,31,0,0,6,14,2,10.5,0,0,6,6,3,12.333333333333334,0,11.1,0.6,2.02,Dropout,0,1,0.3333333333333333,0.6666666666666667,0.5,0.5,1.833333333333334,1,5.5
1,14,1,11,1,1,1,22,27,10,10,1,0,1,1,0,0,19,0,0,6,13,2,11.5,0,0,6,13,1,11.0,0,7.6,2.6,0.32,Dropout,0,1,0.3333333333333333,0.6666666666666667,0.16666666666666666,0.8333333333333334,-0.5,-1,4.21
1,1,4,10,1,1,1,1,14,5,6,1,0,0,1,0,0,19,0,0,6,6,6,13.0,0,0,6,8,5,13.4,0,8.9,1.4,3.51,Graduate,2,0,1.0,0.0,0.8333333333333334,0.16666666666666663,0.40000000000000036,-1,0.0
1,8,4,12,1,1,1,13,27,5,9,1,0,0,1,0,0,19,0,0,7,7,6,11.966666666666669,0,0,7,7,6,11.966666666666669,0,7.6,2.6,0.32,Graduate,2,0,0.8571428571428571,0.1428571428571429,0.8571428571428571,0.1428571428571429,0.0,0,0.5
1,8,1,12,1,1,1,3,3,3,4,0,0,0,1,0,0,19,0,0,8,8,8,13.3475,0,0,8,8,8,13.3475,0,9.4,-0.8,-3.12,Graduate,2,0,1.0,0.0,1.0,0.0,0.0,0,0.0
1,1,3,6,1,1,1,1,28,10,12,0,0,0,1,0,0,21,0,0,5,7,5,12.0,0,0,5,7,4,12.5,0,7.6,2.6,0.32,Graduate,2,0,1.0,0.0,0.8,0.19999999999999996,0.5,-1,1.0
1,8,3,16,1,1,1,19,24,1,1,0,0,0,1,0,0,18,0,0,6,10,2,10.5,0,0,6,13,0,0.0,0,7.6,2.6,0.32,Dropout,0,1,0.3333333333333333,0.6666666666666667,0.0,1.0,-10.5,-2,2.8
1,8,1,10,1,1,1,22,27,10,10,1,0,0,1,0,0,18,0,0,6,9,4,11.5,0,0,6,10,4,10.75,0,7.6,2.6,0.32,Enrolled,1,0,0.6666666666666666,0.33333333333333337,0.6666666666666666,0.33333333333333337,-0.75,0,1.94
1,1,2,2,1,1,1,23,28,5,10,1,0,0,1,1,0,19,0,0,0,0,0,0.0,0,0,0,0,0,0.0,0,7.6,2.6,0.32,Graduate,2,0,0.0,1.0,0.0,1.0,0.0,0,5.5
1,1,1,14,1,1,1,3,14,4,10,1,0,0,1,1,0,18,0,0,6,9,6,13.571428571428571,0,0,6,11,4,14.0,0,12.4,0.5,1.79,Graduate,2,0,1.0,0.0,0.6666666666666666,0.33333333333333337,0.4285714285714288,-2,1.17
1,8,1,6,1,1,1,13,14,2,2,1,0,0,1,1,0,18,0,0,6,10,6,14.7,0,0,6,10,6,12.0,0,16.2,0.3,-0.92,Graduate,2,0,1.0,0.0,1.0,0.0,-2.6999999999999993,0,1.4
1,12,1,17,0,1,1,22,27,10,10,1,0,0,0,1,0,25,0,0,5,5,0,0.0,0,0,5,5,0,0.0,0,9.4,-0.8,-3.12,Dropout,0,1,0.0,1.0,0.0,1.0,0.0,0,6.75
1,1,1,12,1,1,1,2,2,4,4,1,0,0,1,1,0,18,0,0,7,8,6,11.833333333333334,0,0,7,8,6,11.833333333333334,0,7.6,2.6,0.32,Enrolled,1,0,0.8571428571428571,0.1428571428571429,0.8571428571428571,0.1428571428571429,0.0,0,0.88
1,1,3,2,1,1,1,1,3,6,3,1,0,0,1,1,0,19,0,0,0,0,0,0.0,0,0,0,0,0,0.0,0,12.7,3.7,-1.7,Graduate,2,0,0.0,1.0,0.0,1.0,0.0,0,5.5
1,1,6,12,1,1,1,23,14,4,4,1,0,0,1,1,0,18,0,0,7,7,7,13.175714285714289,0,0,8,8,8,14.925,0,12.4,0.5,1.79,Graduate,2,0,1.0,0.0,1.0,0.0,1.749285714285712,1,0.0
1,12,1,4,1,1,1,10,10,10,10,0,0,0,1,1,0,24,0,0,6,7,0,0.0,0,0,6,10,0,0.0,0,12.4,0.5,1.79,Dropout,0,1,0.0,1.0,0.0,1.0,0.0,0,5.5
1,1,1,10,1,1,1,22,27,8,10,0,0,0,1,0,0,19,0,0,6,12,2,13.0,0,0,6,9,6,10.833333333333334,0,7.6,2.6,0.32,Enrolled,1,0,0.3333333333333333,0.6666666666666667,1.0,0.0,-2.166666666666666,4,2.92
5,4,1,12,1,15,1,22,27,5,10,0,0,0,1,0,0,29,0,1,8,11,7,13.742857142857144,0,1,8,11,7,13.742857142857144,0,12.7,3.7,-1.7,Graduate,2,0,0.875,0.125,0.875,0.125,0.0,0,1.27
1,14,1,17,0,1,1,22,27,10,10,1,0,0,1,0,0,27,0,0,5,5,0,0.0,0,0,5,5,0,0.0,0,7.6,2.6,0.32,Dropout,0,1,0.0,1.0,0.0,1.0,0.0,0,5.5
1,8,6,12,1,1,1,23,1,10,11,1,0,0,1,0,0,18,0,0,7,8,7,12.217142857142855,0,0,8,11,7,12.11875,0,11.1,0.6,2.02,Graduate,2,0,1.0,0.0,0.875,0.125,-0.09839285714285495,0,0.44
2,14,1,17,0,1,1,22,27,10,10,0,0,0,1,0,0,28,0,14,15,15,14,11.071428571428571,0,12,14,16,12,11.333333333333334,1,9.4,-0.8,-3.12,Dropout,0,1,0.9333333333333333,0.06666666666666665,0.8571428571428571,0.1428571428571429,0.26190476190476275,-2,0.23
2,12,1,16,1,12,1,22,27,10,10,0,0,0,1,0,1,32,0,0,7,10,7,13.428571428571429,0,2,8,8,8,13.25,0,13.9,-0.3,0.79,Graduate,2,0,1.0,0.0,1.0,0.0,-0.17857142857142883,1,1.05
1,12,1,17,0,1,1,22,27,8,8,0,0,0,1,0,0,30,0,0,5,7,5,11.4,0,0,5,6,5,13.666666666666666,0,10.8,1.4,1.74,Dropout,0,1,1.0,0.0,1.0,0.0,2.2666666666666657,0,1.0
1,4,1,12,1,2,1,23,27,8,9,0,0,0,1,0,0,29,0,0,8,14,4,11.325,1,0,8,14,4,11.325,1,12.7,3.7,-1.7,Dropout,0,1,0.5,0.5,0.5,0.5,0.0,0,2.75
1,1,2,10,1,1,1,1,14,5,9,0,0,0,1,0,0,20,0,0,6,13,0,0.0,0,0,5,11,0,0.0,0,9.4,-0.8,-3.12,Enrolled,1,0,0.0,1.0,0.0,1.0,0.0,0,5.5
1,1,1,12,1,1,1,1,1,10,10,0,0,0,1,0,0,19,0,0,8,8,7,15.0,0,0,8,8,7,15.0,0,12.7,3.7,-1.7,Graduate,2,0,0.875,0.125,0.875,0.125,0.0,0,0.44
1,12,2,3,0,1,1,22,27,10,10,0,0,0,1,0,0,29,0,0,6,7,6,13.166666666666666,0,0,6,8,6,15.625,0,12.4,0.5,1.79,Graduate,2,0,1.0,0.0,1.0,0.0,2.458333333333334,0,0.5
2,1,1,10,1,1,1,22,24,10,8,0,0,0,0,0,0,27,0,0,6,12,2,11.0,0,0,6,14,4,10.5,0,9.4,-0.8,-3.12,Dropout,0,1,0.3333333333333333,0.6666666666666667,0.6666666666666666,0.33333333333333337,-0.5,2,4.17
1,1,1,10,1,1,1,13,14,31,45,0,0,0,1,0,0,19,0,0,6,0,0,0.0,0,0,6,0,0,0.0,0,12.4,0.5,1.79,Dropout,0,1,0.0,1.0,0.0,1.0,0.0,0,5.5
1,8,1,14,1,1,1,22,28,9,8,1,0,0,1,0,1,21,0,0,5,7,3,12.333333333333334,0,0,5,5,2,12.5,0,7.6,2.6,0.32,Dropout,0,1,0.6,0.4,0.4,0.6,0.16666666666666607,-1,2.0
2,1,1,17,0,1,1,22,27,10,10,0,0,0,0,0,0,29,0,0,5,6,4,12.25,0,0,5,6,5,10.166666666666666,0,10.8,1.4,1.74,Dropout,0,1,0.8,0.19999999999999996,1.0,0.0,-2.083333333333334,1,2.42
2,14,1,9,1,2,1,22,27,10,10,0,0,1,0,0,0,42,0,13,13,13,13,11.923076923076923,0,12,12,12,12,12.5,0,15.5,2.8,-4.06,Dropout,0,1,1.0,0.0,1.0,0.0,0.5769230769230766,-1,2.5
1,1,1,10,1,1,1,13,14,10,8,0,0,0,1,0,1,18,0,0,6,6,6,14.333333333333334,0,0,6,7,6,14.142857142857142,0,15.5,2.8,-4.06,Graduate,2,0,1.0,0.0,1.0,0.0,-0.19047619047619158,0,0.0
1,12,1,6,1,1,1,23,28,10,10,1,0,0,1,0,0,24,0,0,5,6,5,12.0,0,0,5,5,5,13.0,0,10.8,1.4,1.74,Graduate,2,0,1.0,0.0,1.0,0.0,1.0,0,0.58
2,4,1,12,1,3,1,22,27,10,6,0,0,0,1,0,0,32,0,0,7,9,7,13.761111111111113,0,1,8,11,7,12.06375,0,15.5,2.8,-4.06,Enrolled,1,0,1.0,0.0,0.875,0.125,-1.6973611111111122,0,0.78
1,1,1,9,1,1,1,22,1,5,11,0,0,0,1,0,0,18,0,0,5,6,4,11.25,0,0,5,8,5,11.0,0,10.8,1.4,1.74,Enrolled,1,0,0.8,0.19999999999999996,1.0,0.0,-0.25,1,1.17
1,12,1,17,0,1,1,23,28,6,8,0,0,0,1,0,0,27,0,0,5,10,3,12.333333333333334,0,0,5,10,3,10.666666666666666,0,11.1,0.6,2.02,Graduate,2,0,0.6,0.4,0.6,0.4,-1.6666666666666679,0,2.45
1,1,4,12,1,1,1,23,1,10,11,1,0,0,1,0,0,18,0,0,8,8,8,14.88875,0,0,8,8,8,14.88875,0,9.4,-0.8,-3.12,Graduate,2,0,1.0,0.0,1.0,0.0,0.0,0,0.0
1,8,3,15,1,1,1,19,24,13,13,1,0,1,1,0,1,19,0,0,6,8,6,12.166666666666666,0,0,6,8,5,12.4,0,9.4,-0.8,-3.12,Dropout,0,1,1.0,0.0,0.8333333333333334,0.16666666666666663,0.23333333333333428,-1,2.12
1,1,2,15,1,1,1,13,27,10,11,1,0,0,1,0,1,18,0,0,6,7,6,12.666666666666666,0,0,6,6,6,13.333333333333334,0,11.1,0.6,2.02,Graduate,2,0,1.0,0.0,1.0,0.0,0.6666666666666679,0,0.5
1,3,4,16,1,1,1,3,28,4,9,1,0,0,1,0,0,21,0,0,6,9,5,12.6,0,0,6,9,3,11.666666666666666,0,9.4,-0.8,-3.12,Enrolled,1,0,0.8333333333333334,0.16666666666666663,0.5,0.5,-0.9333333333333336,-2,1.56
1,12,1,9,1,1,1,23,28,8,10,0,1,0,1,0,1,26,0,0,5,8,4,13.0,0,0,5,10,4,12.25,2,16.2,0.3,-0.92,Graduate,2,0,0.8,0.19999999999999996,0.8,0.19999999999999996,-0.75,0,1.75
1,1,1,11,1,1,1,22,14,10,10,1,0,0,1,0,1,22,0,0,6,9,6,13.875,0,0,6,6,6,14.333333333333334,0,9.4,-0.8,-3.12,Graduate,2,0,1.0,0.0,1.0,0.0,0.4583333333333339,0,1.17
2,12,1,17,0,1,1,22,27,7,4,0,0,1,1,1,0,37,0,0,5,10,4,10.75,0,0,5,12,3,13.333333333333334,0,9.4,-0.8,-3.12,Dropout,0,1,0.8,0.19999999999999996,0.6,0.4,2.583333333333334,-1,3.35
1,4,1,6,1,3,1,13,27,12,12,0,0,0,1,1,0,24,0,3,5,10,3,14.666666666666666,1,0,5,5,0,0.0,0,7.6,2.6,0.32,Dropout,0,1,0.6,0.4,0.0,1.0,-14.666666666666666,-3,2.85
1,9,2,16,1,1,1,1,14,4,10,1,0,0,1,1,0,18,0,0,6,7,5,12.6,0,0,6,6,6,13.0,0,10.8,1.4,1.74,Enrolled,1,0,0.8333333333333334,0.16666666666666663,1.0,0.0,0.40000000000000036,1,1.0
1,8,3,12,1,1,1,1,1,5,11,1,0,0,1,1,1,19,0,0,7,11,6,12.4125,0,0,8,12,7,11.2625,0,15.5,2.8,-4.06,Graduate,2,0,0.8571428571428571,0.1428571428571429,0.875,0.125,-1.1500000000000004,1,1.59
2,12,1,8,1,12,1,2,1,9,9,1,0,1,0,1,0,28,0,0,6,12,1,11.0,0,0,6,9,2,10.5,0,16.2,0.3,-0.92,Dropout,0,1,0.16666666666666666,0.8333333333333334,0.3333333333333333,0.6666666666666667,-0.5,1,5.71
1,1,4,12,1,1,1,22,27,8,8,1,0,0,1,1,1,18,0,0,8,8,7,14.314285714285717,0,0,8,8,7,14.314285714285717,0,12.7,3.7,-1.7,Graduate,2,0,0.875,0.125,0.875,0.125,0.0,0,0.44
1,1,1,5,1,1,1,1,28,6,8,1,0,0,1,1,0,20,0,0,6,6,4,12.0,0,0,6,8,2,11.333333333333334,0,10.8,1.4,1.74,Enrolled,1,0,0.6666666666666666,0.33333333333333337,0.3333333333333333,0.6666666666666667,-0.6666666666666661,-2,1.17
1,1,1,15,1,1,1,1,14,5,5,1,0,0,1,1,0,18,0,0,6,6,6,12.833333333333334,0,0,6,7,6,13.285714285714286,0,15.5,2.8,-4.06,Graduate,2,0,1.0,0.0,1.0,0.0,0.45238095238095255,0,0.0
2,12,1,15,1,1,1,22,27,10,10,0,0,0,1,1,0,47,0,0,6,8,5,11.4,0,0,6,10,6,11.666666666666666,0,12.7,3.7,-1.7,Dropout,0,1,0.8333333333333334,0.16666666666666663,1.0,0.0,0.2666666666666657,1,1.31
2,14,1,17,0,1,1,22,27,5,2,0,0,0,1,1,0,38,0,0,5,5,5,14.6,0,0,5,6,5,14.333333333333334,0,13.9,-0.3,0.79,Graduate,2,0,1.0,0.0,1.0,0.0,-0.2666666666666657,0,0.0
1,1,1,5,1,1,1,22,14,10,5,0,0,0,1,1,1,20,0,1,6,7,6,13.5,0,1,6,9,5,12.5,0,10.8,1.4,1.74,Graduate,2,0,1.0,0.0,0.8333333333333334,0.16666666666666663,-1.0,-1,0.5
1,15,1,8,1,14,1,22,27,10,4,1,0,0,1,1,0,21,0,1,6,8,6,12.5,0,0,6,11,3,13.333333333333334,0,13.9,-0.3,0.79,Dropout,0,1,1.0,0.0,0.5,0.5,0.8333333333333339,-3,0.88
1,14,1,5,1,1,1,13,14,8,9,1,0,0,1,1,1,19,0,4,6,6,4,13.0,0,2,6,7,5,12.2,0,13.9,-0.3,0.79,Enrolled,1,0,0.6666666666666666,0.33333333333333337,0.8333333333333334,0.16666666666666663,-0.8000000000000007,1,1.17
1,14,1,1,1,1,1,22,1,10,11,1,0,0,1,1,0,25,0,5,10,13,5,11.6,0,2,8,10,2,13.0,0,12.4,0.5,1.79,Enrolled,1,0,0.5,0.5,0.25,0.75,1.4000000000000004,-3,2.15
1,1,1,8,1,1,1,3,28,4,6,1,0,0,1,0,0,18,0,0,5,6,5,11.8,1,0,5,8,5,11.6,0,9.4,-0.8,-3.12,Graduate,2,0,1.0,0.0,1.0,0.0,-0.20000000000000107,0,0.98
4,12,1,12,1,12,1,22,27,7,7,0,0,1,0,0,0,46,0,0,7,14,3,12.333333333333334,0,0,7,12,3,11.083333333333334,0,11.1,0.6,2.02,Dropout,0,1,0.42857142857142855,0.5714285714285714,0.42857142857142855,0.5714285714285714,-1.25,0,5.25
1,14,2,12,1,1,1,23,28,10,6,0,0,0,1,0,0,23,0,11,14,15,12,12.625,1,11,14,15,12,12.625,1,7.6,2.6,0.32,Graduate,2,0,0.8571428571428571,0.1428571428571429,0.8571428571428571,0.1428571428571429,0.0,0,0.84
1,1,1,5,1,1,1,1,1,10,10,1,0,0,1,0,1,20,0,0,6,6,6,13.833333333333334,0,0,6,6,6,13.5,0,16.2,0.3,-0.92,Graduate,2,0,1.0,0.0,1.0,0.0,-0.3333333333333339,0,0.0
1,15,1,5,1,14,1,3,28,4,10,0,0,0,1,1,0,20,0,2,7,7,6,12.5,0,5,9,10,7,13.142857142857142,1,16.2,0.3,-0.92,Graduate,2,0,0.8571428571428571,0.1428571428571429,0.7777777777777778,0.2222222222222222,0.6428571428571423,1,0.5
1,1,6,15,1,1,1,1,1,6,5,0,0,0,1,1,0,19,0,0,6,7,5,13.6,0,0,6,8,5,12.666666666666666,0,15.5,2.8,-4.06,Graduate,2,0,0.8333333333333334,0.16666666666666663,0.8333333333333334,0.16666666666666663,-0.9333333333333336,0,1.0
1,1,2,15,1,1,19,1,1,10,10,1,0,1,0,0,0,18,1,0,6,6,6,12.0,0,0,6,6,2,11.0,0,11.1,0.6,2.02,Dropout,0,1,1.0,0.0,0.3333333333333333,0.6666666666666667,-1.0,-4,2.5
1,1,1,12,1,1,1,22,27,10,10,1,0,0,1,0,1,30,0,0,7,8,7,14.9125,0,0,8,9,1,13.5,0,13.9,-0.3,0.79,Dropout,0,1,1.0,0.0,0.125,0.875,-1.4124999999999996,-6,0.44
1,1,1,9,1,1,1,22,27,8,5,1,0,0,1,0,1,20,0,0,5,5,5,13.8,0,0,5,6,5,12.0,0,9.4,-0.8,-3.12,Graduate,2,0,1.0,0.0,1.0,0.0,-1.8000000000000007,0,0.0
1,5,1,15,1,1,9,23,27,6,10,1,0,0,1,0,0,22,1,0,6,8,6,11.666666666666666,0,0,6,6,6,13.0,0,12.7,3.7,-1.7,Graduate,2,0,1.0,0.0,1.0,0.0,1.333333333333334,0,0.88
